consentKey.keys,consentKey.rt,languageL1Key.keys,languageL1Key.rt,languageL2,languageL2OralKey.keys,languageL2OralKey.rt,languageL2WrittenKey.keys,languageL2WrittenKey.rt,languageL3OralKey.keys,languageL3OralKey.rt,languageL3WrittenKey.keys,languageL3WrittenKey.rt,languageCatalanOralKey.keys,languageCatalanOralKey.rt,languageCatalanWrittenKey.keys,languageCatalanWrittenKey.rt,languageCatalanTimeKey.keys,languageCatalanTimeKey.rt,languageSpanishOralKey.keys,languageSpanishOralKey.rt,languageSpanishWrittenKey.keys,languageSpanishWrittenKey.rt,languageSpanishTimeKey.keys,languageSpanishTimeKey.rt,age,demoSexKey.keys,demoSexKey.rt,demoEducationKey.keys,demoEducationKey.rt,city,demoVisionKey.keys,demoVisionKey.rt,demoLanguageKey.keys,demoLanguageKey.rt,setupLocationKey.keys,setupLocationKey.rt,setupNoiseKey.keys,setupNoiseKey.rt,instructionsKeys.keys,instructionsKeys.rt,keyPressed,keyPressTime,inputText,error,trialsPracticeSpanish.thisRepN,trialsPracticeSpanish.thisTrialN,trialsPracticeSpanish.thisN,trialsPracticeSpanish.thisIndex,trialsPracticeSpanish.ran,trialsPracticeSpanish.order,trial_id,word,test_language,soundfile,date,expName,psychopyVersion,OS,frameRate,trialOffset,trialsSpanish.thisRepN,trialsSpanish.thisTrialN,trialsSpanish.thisN,trialsSpanish.thisIndex,trialsSpanish.ran,trialsSpanish.order
space,0.143000126,e,0.832999945,,,,,,,,,,2,0.748999834,2,0.165999889,2,0.138999939,2,0.151000023,2,0.103999853,2,0.148000002,2,f,0.773999929,3,0.532999992,23,y,1.032999754,y,0.480000019,2,0.699999809,2,0.434999943,space,0.737999916,j,1.420000076,J,FALSE,1,0,5,2,1,4,26,chaqueta,Spanish,Sounds/spa_chaqueta.mp3,2020-06-04_11h49.59.835,TranslationElicitation_eng-prolific,3.2.4,MacIntel,60,,,,,,,
,,,,,,,,,,,,,,,,,,,,,,,,,,,,,,,,,,,,,,,,,a,1.486999989,JA,FALSE,1,0,5,2,1,4,26,chaqueta,Spanish,Sounds/spa_chaqueta.mp3,2020-06-04_11h49.59.835,TranslationElicitation_eng-prolific,3.2.4,MacIntel,60,,,,,,,
,,,,,,,,,,,,,,,,,,,,,,,,,,,,,,,,,,,,,,,,,c,1.669000149,JAC,FALSE,1,0,5,2,1,4,26,chaqueta,Spanish,Sounds/spa_chaqueta.mp3,2020-06-04_11h49.59.835,TranslationElicitation_eng-prolific,3.2.4,MacIntel,60,,,,,,,
,,,,,,,,,,,,,,,,,,,,,,,,,,,,,,,,,,,,,,,,,k,1.736999989,JACK,FALSE,1,0,5,2,1,4,26,chaqueta,Spanish,Sounds/spa_chaqueta.mp3,2020-06-04_11h49.59.835,TranslationElicitation_eng-prolific,3.2.4,MacIntel,60,,,,,,,
,,,,,,,,,,,,,,,,,,,,,,,,,,,,,,,,,,,,,,,,,e,1.821000099,JACKE,FALSE,1,0,5,2,1,4,26,chaqueta,Spanish,Sounds/spa_chaqueta.mp3,2020-06-04_11h49.59.835,TranslationElicitation_eng-prolific,3.2.4,MacIntel,60,,,,,,,
,,,,,,,,,,,,,,,,,,,,,,,,,,,,,,,,,,,,,,,,,t,1.970000029,JACKET,FALSE,1,0,5,2,1,4,26,chaqueta,Spanish,Sounds/spa_chaqueta.mp3,2020-06-04_11h49.59.835,TranslationElicitation_eng-prolific,3.2.4,MacIntel,60,,,,,,,
,,,,,,,,,,,,,,,,,,,,,,,,,,,,,,,,,,,,,,,,,backspace,2.423000097,JACKE,TRUE,1,0,5,2,1,4,26,chaqueta,Spanish,Sounds/spa_chaqueta.mp3,2020-06-04_11h49.59.835,TranslationElicitation_eng-prolific,3.2.4,MacIntel,60,,,,,,,
,,,,,,,,,,,,,,,,,,,,,,,,,,,,,,,,,,,,,,,,,e,2.927000046,JACKEE,TRUE,1,0,5,2,1,4,26,chaqueta,Spanish,Sounds/spa_chaqueta.mp3,2020-06-04_11h49.59.835,TranslationElicitation_eng-prolific,3.2.4,MacIntel,60,,,,,,,
,,,,,,,,,,,,,,,,,,,,,,,,,,,,,,,,,,,,,,,,,backspace,3.34100008,JACKE,TRUE,1,0,5,2,1,4,26,chaqueta,Spanish,Sounds/spa_chaqueta.mp3,2020-06-04_11h49.59.835,TranslationElicitation_eng-prolific,3.2.4,MacIntel,60,,,,,,,
,,,,,,,,,,,,,,,,,,,,,,,,,,,,,,,,,,,,,,,,,t,3.560000181,JACKET,TRUE,1,0,5,2,1,4,26,chaqueta,Spanish,Sounds/spa_chaqueta.mp3,2020-06-04_11h49.59.835,TranslationElicitation_eng-prolific,3.2.4,MacIntel,60,,,,,,,
,,,,,,,,,,,,,,,,,,,,,,,,,,,,,,,,,,,,,,,,,return,4.128000021,JACKET,TRUE,1,0,5,2,1,4,26,chaqueta,Spanish,Sounds/spa_chaqueta.mp3,2020-06-04_11h49.59.835,TranslationElicitation_eng-prolific,3.2.4,MacIntel,60,4.128000021,,,,,,
,,,,,,,,,,,,,,,,,,,,,,,,,,,,,,,,,,,,,,,,,,,,,1,0,5,2,1,4,26,chaqueta,Spanish,Sounds/spa_chaqueta.mp3,2020-06-04_11h49.59.835,TranslationElicitation_eng-prolific,3.2.4,MacIntel,60,,,,,,,
,,,,,,,,,,,,,,,,,,,,,,,,,,,,,,,,,,,,,,,,,t,1.638999939,T,FALSE,1,0,5,0,1,4,1,arbol,Spanish,Sounds/spa_arbol.mp3,2020-06-04_11h49.59.835,TranslationElicitation_eng-prolific,3.2.4,MacIntel,60,,,,,,,
,,,,,,,,,,,,,,,,,,,,,,,,,,,,,,,,,,,,,,,,,r,1.741999865,TR,FALSE,1,0,5,0,1,4,1,arbol,Spanish,Sounds/spa_arbol.mp3,2020-06-04_11h49.59.835,TranslationElicitation_eng-prolific,3.2.4,MacIntel,60,,,,,,,
,,,,,,,,,,,,,,,,,,,,,,,,,,,,,,,,,,,,,,,,,e,1.79399991,TRE,FALSE,1,0,5,0,1,4,1,arbol,Spanish,Sounds/spa_arbol.mp3,2020-06-04_11h49.59.835,TranslationElicitation_eng-prolific,3.2.4,MacIntel,60,,,,,,,
,,,,,,,,,,,,,,,,,,,,,,,,,,,,,,,,,,,,,,,,,e,1.939999819,TREE,FALSE,1,0,5,0,1,4,1,arbol,Spanish,Sounds/spa_arbol.mp3,2020-06-04_11h49.59.835,TranslationElicitation_eng-prolific,3.2.4,MacIntel,60,,,,,,,
,,,,,,,,,,,,,,,,,,,,,,,,,,,,,,,,,,,,,,,,,return,2.188999891,TREE,FALSE,1,0,5,0,1,4,1,arbol,Spanish,Sounds/spa_arbol.mp3,2020-06-04_11h49.59.835,TranslationElicitation_eng-prolific,3.2.4,MacIntel,60,2.188999891,,,,,,
,,,,,,,,,,,,,,,,,,,,,,,,,,,,,,,,,,,,,,,,,,,,,1,0,5,0,1,4,1,arbol,Spanish,Sounds/spa_arbol.mp3,2020-06-04_11h49.59.835,TranslationElicitation_eng-prolific,3.2.4,MacIntel,60,,,,,,,
,,,,,,,,,,,,,,,,,,,,,,,,,,,,,,,,,,,,,,,,,w,1.101000071,W,FALSE,1,0,5,3,1,4,70,ola,Spanish,Sounds/spa_ola.mp3,2020-06-04_11h49.59.835,TranslationElicitation_eng-prolific,3.2.4,MacIntel,60,,,,,,,
,,,,,,,,,,,,,,,,,,,,,,,,,,,,,,,,,,,,,,,,,a,1.253999949,WA,FALSE,1,0,5,3,1,4,70,ola,Spanish,Sounds/spa_ola.mp3,2020-06-04_11h49.59.835,TranslationElicitation_eng-prolific,3.2.4,MacIntel,60,,,,,,,
,,,,,,,,,,,,,,,,,,,,,,,,,,,,,,,,,,,,,,,,,v,1.419000149,WAV,FALSE,1,0,5,3,1,4,70,ola,Spanish,Sounds/spa_ola.mp3,2020-06-04_11h49.59.835,TranslationElicitation_eng-prolific,3.2.4,MacIntel,60,,,,,,,
,,,,,,,,,,,,,,,,,,,,,,,,,,,,,,,,,,,,,,,,,e,1.470000029,WAVE,FALSE,1,0,5,3,1,4,70,ola,Spanish,Sounds/spa_ola.mp3,2020-06-04_11h49.59.835,TranslationElicitation_eng-prolific,3.2.4,MacIntel,60,,,,,,,
,,,,,,,,,,,,,,,,,,,,,,,,,,,,,,,,,,,,,,,,,return,1.585999966,WAVE,FALSE,1,0,5,3,1,4,70,ola,Spanish,Sounds/spa_ola.mp3,2020-06-04_11h49.59.835,TranslationElicitation_eng-prolific,3.2.4,MacIntel,60,1.585999966,,,,,,
,,,,,,,,,,,,,,,,,,,,,,,,,,,,,,,,,,,,,,,,,,,,,1,0,5,3,1,4,70,ola,Spanish,Sounds/spa_ola.mp3,2020-06-04_11h49.59.835,TranslationElicitation_eng-prolific,3.2.4,MacIntel,60,,,,,,,
,,,,,,,,,,,,,,,,,,,,,,,,,,,,,,,,,,,,,,,,,c,1.502999783,C,FALSE,1,0,5,1,1,4,30,corona,Spanish,Sounds/spa_corona.mp3,2020-06-04_11h49.59.835,TranslationElicitation_eng-prolific,3.2.4,MacIntel,60,,,,,,,
,,,,,,,,,,,,,,,,,,,,,,,,,,,,,,,,,,,,,,,,,r,1.687999964,CR,FALSE,1,0,5,1,1,4,30,corona,Spanish,Sounds/spa_corona.mp3,2020-06-04_11h49.59.835,TranslationElicitation_eng-prolific,3.2.4,MacIntel,60,,,,,,,
,,,,,,,,,,,,,,,,,,,,,,,,,,,,,,,,,,,,,,,,,o,1.787999868,CRO,FALSE,1,0,5,1,1,4,30,corona,Spanish,Sounds/spa_corona.mp3,2020-06-04_11h49.59.835,TranslationElicitation_eng-prolific,3.2.4,MacIntel,60,,,,,,,
,,,,,,,,,,,,,,,,,,,,,,,,,,,,,,,,,,,,,,,,,w,1.855999947,CROW,FALSE,1,0,5,1,1,4,30,corona,Spanish,Sounds/spa_corona.mp3,2020-06-04_11h49.59.835,TranslationElicitation_eng-prolific,3.2.4,MacIntel,60,,,,,,,
,,,,,,,,,,,,,,,,,,,,,,,,,,,,,,,,,,,,,,,,,n,1.954999924,CROWN,FALSE,1,0,5,1,1,4,30,corona,Spanish,Sounds/spa_corona.mp3,2020-06-04_11h49.59.835,TranslationElicitation_eng-prolific,3.2.4,MacIntel,60,,,,,,,
,,,,,,,,,,,,,,,,,,,,,,,,,,,,,,,,,,,,,,,,,return,2.038999796,CROWN,FALSE,1,0,5,1,1,4,30,corona,Spanish,Sounds/spa_corona.mp3,2020-06-04_11h49.59.835,TranslationElicitation_eng-prolific,3.2.4,MacIntel,60,2.038999796,,,,,,
,,,,,,,,,,,,,,,,,,,,,,,,,,,,,,,,,,,,,,,,,,,,,1,0,5,1,1,4,30,corona,Spanish,Sounds/spa_corona.mp3,2020-06-04_11h49.59.835,TranslationElicitation_eng-prolific,3.2.4,MacIntel,60,,,,,,,
,,,,,,,,,,,,,,,,,,,,,,,,,,,,,,,,,,,,,,,,,t,1.419000149,T,FALSE,1,0,5,4,1,4,96,tigre,Spanish,Sounds/spa_tigre.mp3,2020-06-04_11h49.59.835,TranslationElicitation_eng-prolific,3.2.4,MacIntel,60,,,,,,,
,,,,,,,,,,,,,,,,,,,,,,,,,,,,,,,,,,,,,,,,,i,1.486000061,TI,FALSE,1,0,5,4,1,4,96,tigre,Spanish,Sounds/spa_tigre.mp3,2020-06-04_11h49.59.835,TranslationElicitation_eng-prolific,3.2.4,MacIntel,60,,,,,,,
,,,,,,,,,,,,,,,,,,,,,,,,,,,,,,,,,,,,,,,,,g,1.587000132,TIG,FALSE,1,0,5,4,1,4,96,tigre,Spanish,Sounds/spa_tigre.mp3,2020-06-04_11h49.59.835,TranslationElicitation_eng-prolific,3.2.4,MacIntel,60,,,,,,,
,,,,,,,,,,,,,,,,,,,,,,,,,,,,,,,,,,,,,,,,,e,1.68900013,TIGE,FALSE,1,0,5,4,1,4,96,tigre,Spanish,Sounds/spa_tigre.mp3,2020-06-04_11h49.59.835,TranslationElicitation_eng-prolific,3.2.4,MacIntel,60,,,,,,,
,,,,,,,,,,,,,,,,,,,,,,,,,,,,,,,,,,,,,,,,,r,1.779000044,TIGER,FALSE,1,0,5,4,1,4,96,tigre,Spanish,Sounds/spa_tigre.mp3,2020-06-04_11h49.59.835,TranslationElicitation_eng-prolific,3.2.4,MacIntel,60,,,,,,,
,,,,,,,,,,,,,,,,,,,,,,,,,,,,,,,,,,,,,,,,,return,1.889000177,TIGER,FALSE,1,0,5,4,1,4,96,tigre,Spanish,Sounds/spa_tigre.mp3,2020-06-04_11h49.59.835,TranslationElicitation_eng-prolific,3.2.4,MacIntel,60,1.889000177,,,,,,
,,,,,,,,,,,,,,,,,,,,,,,,,,,,,,,,,,,,,,,,,,,,,1,0,5,4,1,4,96,tigre,Spanish,Sounds/spa_tigre.mp3,2020-06-04_11h49.59.835,TranslationElicitation_eng-prolific,3.2.4,MacIntel,60,,,,,,,
,,,,,,,,,,,,,,,,,,,,,,,,,,,,,,,,,,,,,,,,,h,1.672999859,H,FALSE,,,,,,,45,gorro,Spanish,Sounds/spa_gorro.mp3,2020-06-04_11h49.59.835,TranslationElicitation_eng-prolific,3.2.4,MacIntel,60,,1,0,98,41,1,97
,,,,,,,,,,,,,,,,,,,,,,,,,,,,,,,,,,,,,,,,,a,1.770999908,HA,FALSE,,,,,,,45,gorro,Spanish,Sounds/spa_gorro.mp3,2020-06-04_11h49.59.835,TranslationElicitation_eng-prolific,3.2.4,MacIntel,60,,1,0,98,41,1,97
,,,,,,,,,,,,,,,,,,,,,,,,,,,,,,,,,,,,,,,,,t,1.921999931,HAT,FALSE,,,,,,,45,gorro,Spanish,Sounds/spa_gorro.mp3,2020-06-04_11h49.59.835,TranslationElicitation_eng-prolific,3.2.4,MacIntel,60,,1,0,98,41,1,97
,,,,,,,,,,,,,,,,,,,,,,,,,,,,,,,,,,,,,,,,,return,2.037999868,HAT,FALSE,,,,,,,45,gorro,Spanish,Sounds/spa_gorro.mp3,2020-06-04_11h49.59.835,TranslationElicitation_eng-prolific,3.2.4,MacIntel,60,2.037999868,1,0,98,41,1,97
,,,,,,,,,,,,,,,,,,,,,,,,,,,,,,,,,,,,,,,,,,,,,,,,,,,45,gorro,Spanish,Sounds/spa_gorro.mp3,2020-06-04_11h49.59.835,TranslationElicitation_eng-prolific,3.2.4,MacIntel,60,,1,0,98,41,1,97
,,,,,,,,,,,,,,,,,,,,,,,,,,,,,,,,,,,,,,,,,s,1.687999964,S,FALSE,,,,,,,32,cuchara,Spanish,Sounds/spa_cuchara.mp3,2020-06-04_11h49.59.835,TranslationElicitation_eng-prolific,3.2.4,MacIntel,60,,1,0,98,28,1,97
,,,,,,,,,,,,,,,,,,,,,,,,,,,,,,,,,,,,,,,,,p,1.787999868,SP,FALSE,,,,,,,32,cuchara,Spanish,Sounds/spa_cuchara.mp3,2020-06-04_11h49.59.835,TranslationElicitation_eng-prolific,3.2.4,MacIntel,60,,1,0,98,28,1,97
,,,,,,,,,,,,,,,,,,,,,,,,,,,,,,,,,,,,,,,,,o,1.957999945,SPO,FALSE,,,,,,,32,cuchara,Spanish,Sounds/spa_cuchara.mp3,2020-06-04_11h49.59.835,TranslationElicitation_eng-prolific,3.2.4,MacIntel,60,,1,0,98,28,1,97
,,,,,,,,,,,,,,,,,,,,,,,,,,,,,,,,,,,,,,,,,o,2.086999893,SPOO,FALSE,,,,,,,32,cuchara,Spanish,Sounds/spa_cuchara.mp3,2020-06-04_11h49.59.835,TranslationElicitation_eng-prolific,3.2.4,MacIntel,60,,1,0,98,28,1,97
,,,,,,,,,,,,,,,,,,,,,,,,,,,,,,,,,,,,,,,,,n,2.188999891,SPOON,FALSE,,,,,,,32,cuchara,Spanish,Sounds/spa_cuchara.mp3,2020-06-04_11h49.59.835,TranslationElicitation_eng-prolific,3.2.4,MacIntel,60,,1,0,98,28,1,97
,,,,,,,,,,,,,,,,,,,,,,,,,,,,,,,,,,,,,,,,,return,2.289000034,SPOON,FALSE,,,,,,,32,cuchara,Spanish,Sounds/spa_cuchara.mp3,2020-06-04_11h49.59.835,TranslationElicitation_eng-prolific,3.2.4,MacIntel,60,2.289000034,1,0,98,28,1,97
,,,,,,,,,,,,,,,,,,,,,,,,,,,,,,,,,,,,,,,,,,,,,,,,,,,32,cuchara,Spanish,Sounds/spa_cuchara.mp3,2020-06-04_11h49.59.835,TranslationElicitation_eng-prolific,3.2.4,MacIntel,60,,1,0,98,28,1,97
,,,,,,,,,,,,,,,,,,,,,,,,,,,,,,,,,,,,,,,,,b,1.552999973,B,FALSE,,,,,,,74,pajaro,Spanish,Sounds/spa_pajaro.mp3,2020-06-04_11h49.59.835,TranslationElicitation_eng-prolific,3.2.4,MacIntel,60,,1,0,98,69,1,97
,,,,,,,,,,,,,,,,,,,,,,,,,,,,,,,,,,,,,,,,,i,1.63499999,BI,FALSE,,,,,,,74,pajaro,Spanish,Sounds/spa_pajaro.mp3,2020-06-04_11h49.59.835,TranslationElicitation_eng-prolific,3.2.4,MacIntel,60,,1,0,98,69,1,97
,,,,,,,,,,,,,,,,,,,,,,,,,,,,,,,,,,,,,,,,,r,1.687000036,BIR,FALSE,,,,,,,74,pajaro,Spanish,Sounds/spa_pajaro.mp3,2020-06-04_11h49.59.835,TranslationElicitation_eng-prolific,3.2.4,MacIntel,60,,1,0,98,69,1,97
,,,,,,,,,,,,,,,,,,,,,,,,,,,,,,,,,,,,,,,,,d,1.973999977,BIRD,FALSE,,,,,,,74,pajaro,Spanish,Sounds/spa_pajaro.mp3,2020-06-04_11h49.59.835,TranslationElicitation_eng-prolific,3.2.4,MacIntel,60,,1,0,98,69,1,97
,,,,,,,,,,,,,,,,,,,,,,,,,,,,,,,,,,,,,,,,,return,2.154000044,BIRD,FALSE,,,,,,,74,pajaro,Spanish,Sounds/spa_pajaro.mp3,2020-06-04_11h49.59.835,TranslationElicitation_eng-prolific,3.2.4,MacIntel,60,2.154000044,1,0,98,69,1,97
,,,,,,,,,,,,,,,,,,,,,,,,,,,,,,,,,,,,,,,,,,,,,,,,,,,74,pajaro,Spanish,Sounds/spa_pajaro.mp3,2020-06-04_11h49.59.835,TranslationElicitation_eng-prolific,3.2.4,MacIntel,60,,1,0,98,69,1,97
