consentKey.keys,consentKey.rt,languageL1Key.keys,languageL1Key.rt,languageL2,languageL2OralKey.keys,languageL2OralKey.rt,languageL2WrittenKey.keys,languageL2WrittenKey.rt,languageL3OralKey.keys,languageL3OralKey.rt,languageL3WrittenKey.keys,languageL3WrittenKey.rt,languageCatalanOralKey.keys,languageCatalanOralKey.rt,languageCatalanWrittenKey.keys,languageCatalanWrittenKey.rt,languageCatalanTimeKey.keys,languageCatalanTimeKey.rt,languageSpanishOralKey.keys,languageSpanishOralKey.rt,languageSpanishWrittenKey.keys,languageSpanishWrittenKey.rt,languageSpanishTimeKey.keys,languageSpanishTimeKey.rt,age,demoSexKey.keys,demoSexKey.rt,demoEducationKey.keys,demoEducationKey.rt,city,demoVisionKey.keys,demoVisionKey.rt,demoLanguageKey.keys,demoLanguageKey.rt,setupLocationKey.keys,setupLocationKey.rt,setupNoiseKey.keys,setupNoiseKey.rt,instructionsKeys.keys,instructionsKeys.rt,keyPressed,keyPressTime,inputText,error,trialsPracticeSpanish.thisRepN,trialsPracticeSpanish.thisTrialN,trialsPracticeSpanish.thisN,trialsPracticeSpanish.thisIndex,trialsPracticeSpanish.ran,trialsPracticeSpanish.order,trial_id,word,test_language,soundfile,date,expName,psychopyVersion,OS,frameRate,participant,trialOffset,trialsSpanish.thisRepN,trialsSpanish.thisTrialN,trialsSpanish.thisN,trialsSpanish.thisIndex,trialsSpanish.ran,trialsSpanish.order
space,1.134000063,e,1.181999922,,,,,,,,,,1,0.907999754,1,0.299999952,1,0.756999969,1,0.599999905,1,0.469000101,1,0.858999968,1,f,1.069999933,1,0.891000032,O,y,1.469000101,y,0.389999866,1,0.828999996,1,0.563999891,space,0.717999935,o,1.266000032,O,FALSE,1,0,5,3,1,4,70,ola,Spanish,Sounds/spa_ola.mp3,2020-06-04_15h23.42.745,TranslationElicitation_eng-prolific,3.2.4,Win32,60,serene,,,,,,,
,,,,,,,,,,,,,,,,,,,,,,,,,,,,,,,,,,,,,,,,,return,1.582999945,O,FALSE,1,0,5,3,1,4,70,ola,Spanish,Sounds/spa_ola.mp3,2020-06-04_15h23.42.745,TranslationElicitation_eng-prolific,3.2.4,Win32,60,serene,1.582999945,,,,,,
,,,,,,,,,,,,,,,,,,,,,,,,,,,,,,,,,,,,,,,,,,,,,1,0,5,3,1,4,70,ola,Spanish,Sounds/spa_ola.mp3,2020-06-04_15h23.42.745,TranslationElicitation_eng-prolific,3.2.4,Win32,60,serene,,,,,,,
,,,,,,,,,,,,,,,,,,,,,,,,,,,,,,,,,,,,,,,,,c,2.101000071,C,FALSE,1,0,5,1,1,4,30,corona,Spanish,Sounds/spa_corona.mp3,2020-06-04_15h23.42.745,TranslationElicitation_eng-prolific,3.2.4,Win32,60,serene,,,,,,,
,,,,,,,,,,,,,,,,,,,,,,,,,,,,,,,,,,,,,,,,,return,2.751000166,C,FALSE,1,0,5,1,1,4,30,corona,Spanish,Sounds/spa_corona.mp3,2020-06-04_15h23.42.745,TranslationElicitation_eng-prolific,3.2.4,Win32,60,serene,2.751000166,,,,,,
,,,,,,,,,,,,,,,,,,,,,,,,,,,,,,,,,,,,,,,,,,,,,1,0,5,1,1,4,30,corona,Spanish,Sounds/spa_corona.mp3,2020-06-04_15h23.42.745,TranslationElicitation_eng-prolific,3.2.4,Win32,60,serene,,,,,,,
,,,,,,,,,,,,,,,,,,,,,,,,,,,,,,,,,,,,,,,,,k,1.917999983,K,FALSE,1,0,5,2,1,4,26,chaqueta,Spanish,Sounds/spa_chaqueta.mp3,2020-06-04_15h23.42.745,TranslationElicitation_eng-prolific,3.2.4,Win32,60,serene,,,,,,,
,,,,,,,,,,,,,,,,,,,,,,,,,,,,,,,,,,,,,,,,,backspace,2.333999872,,TRUE,1,0,5,2,1,4,26,chaqueta,Spanish,Sounds/spa_chaqueta.mp3,2020-06-04_15h23.42.745,TranslationElicitation_eng-prolific,3.2.4,Win32,60,serene,,,,,,,
,,,,,,,,,,,,,,,,,,,,,,,,,,,,,,,,,,,,,,,,,j,2.700999975,J,TRUE,1,0,5,2,1,4,26,chaqueta,Spanish,Sounds/spa_chaqueta.mp3,2020-06-04_15h23.42.745,TranslationElicitation_eng-prolific,3.2.4,Win32,60,serene,,,,,,,
,,,,,,,,,,,,,,,,,,,,,,,,,,,,,,,,,,,,,,,,,return,2.883999825,J,TRUE,1,0,5,2,1,4,26,chaqueta,Spanish,Sounds/spa_chaqueta.mp3,2020-06-04_15h23.42.745,TranslationElicitation_eng-prolific,3.2.4,Win32,60,serene,2.883999825,,,,,,
,,,,,,,,,,,,,,,,,,,,,,,,,,,,,,,,,,,,,,,,,,,,,1,0,5,2,1,4,26,chaqueta,Spanish,Sounds/spa_chaqueta.mp3,2020-06-04_15h23.42.745,TranslationElicitation_eng-prolific,3.2.4,Win32,60,serene,,,,,,,
,,,,,,,,,,,,,,,,,,,,,,,,,,,,,,,,,,,,,,,,,t,1.700999975,T,FALSE,1,0,5,4,1,4,96,tigre,Spanish,Sounds/spa_tigre.mp3,2020-06-04_15h23.42.745,TranslationElicitation_eng-prolific,3.2.4,Win32,60,serene,,,,,,,
,,,,,,,,,,,,,,,,,,,,,,,,,,,,,,,,,,,,,,,,,return,1.901000023,T,FALSE,1,0,5,4,1,4,96,tigre,Spanish,Sounds/spa_tigre.mp3,2020-06-04_15h23.42.745,TranslationElicitation_eng-prolific,3.2.4,Win32,60,serene,1.901000023,,,,,,
,,,,,,,,,,,,,,,,,,,,,,,,,,,,,,,,,,,,,,,,,,,,,1,0,5,4,1,4,96,tigre,Spanish,Sounds/spa_tigre.mp3,2020-06-04_15h23.42.745,TranslationElicitation_eng-prolific,3.2.4,Win32,60,serene,,,,,,,
,,,,,,,,,,,,,,,,,,,,,,,,,,,,,,,,,,,,,,,,,a,1.38499999,A,FALSE,1,0,5,0,1,4,1,arbol,Spanish,Sounds/spa_arbol.mp3,2020-06-04_15h23.42.745,TranslationElicitation_eng-prolific,3.2.4,Win32,60,serene,,,,,,,
,,,,,,,,,,,,,,,,,,,,,,,,,,,,,,,,,,,,,,,,,return,1.718999863,A,FALSE,1,0,5,0,1,4,1,arbol,Spanish,Sounds/spa_arbol.mp3,2020-06-04_15h23.42.745,TranslationElicitation_eng-prolific,3.2.4,Win32,60,serene,1.718999863,,,,,,
,,,,,,,,,,,,,,,,,,,,,,,,,,,,,,,,,,,,,,,,,,,,,1,0,5,0,1,4,1,arbol,Spanish,Sounds/spa_arbol.mp3,2020-06-04_15h23.42.745,TranslationElicitation_eng-prolific,3.2.4,Win32,60,serene,,,,,,,
,,,,,,,,,,,,,,,,,,,,,,,,,,,,,,,,,,,,,,,,,m,1.217000008,M,FALSE,,,,,,,62,martillo,Spanish,Sounds/spa_martillo.mp3,2020-06-04_15h23.42.745,TranslationElicitation_eng-prolific,3.2.4,Win32,60,serene,,1,0,98,58,1,97
,,,,,,,,,,,,,,,,,,,,,,,,,,,,,,,,,,,,,,,,,return,1.601000071,M,FALSE,,,,,,,62,martillo,Spanish,Sounds/spa_martillo.mp3,2020-06-04_15h23.42.745,TranslationElicitation_eng-prolific,3.2.4,Win32,60,serene,1.601000071,1,0,98,58,1,97
,,,,,,,,,,,,,,,,,,,,,,,,,,,,,,,,,,,,,,,,,,,,,,,,,,,62,martillo,Spanish,Sounds/spa_martillo.mp3,2020-06-04_15h23.42.745,TranslationElicitation_eng-prolific,3.2.4,Win32,60,serene,,1,0,98,58,1,97
,,,,,,,,,,,,,,,,,,,,,,,,,,,,,,,,,,,,,,,,,l,1.250999928,L,FALSE,,,,,,,53,leche,Spanish,Sounds/spa_leche.mp3,2020-06-04_15h23.42.745,TranslationElicitation_eng-prolific,3.2.4,Win32,60,serene,,1,0,98,49,1,97
,,,,,,,,,,,,,,,,,,,,,,,,,,,,,,,,,,,,,,,,,return,1.733999968,L,FALSE,,,,,,,53,leche,Spanish,Sounds/spa_leche.mp3,2020-06-04_15h23.42.745,TranslationElicitation_eng-prolific,3.2.4,Win32,60,serene,1.733999968,1,0,98,49,1,97
,,,,,,,,,,,,,,,,,,,,,,,,,,,,,,,,,,,,,,,,,,,,,,,,,,,53,leche,Spanish,Sounds/spa_leche.mp3,2020-06-04_15h23.42.745,TranslationElicitation_eng-prolific,3.2.4,Win32,60,serene,,1,0,98,49,1,97
,,,,,,,,,,,,,,,,,,,,,,,,,,,,,,,,,,,,,,,,,b,1.367000103,B,FALSE,,,,,,,14,burro,Spanish,Sounds/spa_burro.mp3,2020-06-04_15h23.42.745,TranslationElicitation_eng-prolific,3.2.4,Win32,60,serene,,1,0,98,12,1,97
,,,,,,,,,,,,,,,,,,,,,,,,,,,,,,,,,,,,,,,,,return,1.717000008,B,FALSE,,,,,,,14,burro,Spanish,Sounds/spa_burro.mp3,2020-06-04_15h23.42.745,TranslationElicitation_eng-prolific,3.2.4,Win32,60,serene,1.717000008,1,0,98,12,1,97
,,,,,,,,,,,,,,,,,,,,,,,,,,,,,,,,,,,,,,,,,,,,,,,,,,,14,burro,Spanish,Sounds/spa_burro.mp3,2020-06-04_15h23.42.745,TranslationElicitation_eng-prolific,3.2.4,Win32,60,serene,,1,0,98,12,1,97
,,,,,,,,,,,,,,,,,,,,,,,,,,,,,,,,,,,,,,,,,c,1.384000063,C,FALSE,,,,,,,18,camisa,Spanish,Sounds/spa_camisa.mp3,2020-06-04_15h23.42.745,TranslationElicitation_eng-prolific,3.2.4,Win32,60,serene,,1,0,98,16,1,97
,,,,,,,,,,,,,,,,,,,,,,,,,,,,,,,,,,,,,,,,,return,1.667999983,C,FALSE,,,,,,,18,camisa,Spanish,Sounds/spa_camisa.mp3,2020-06-04_15h23.42.745,TranslationElicitation_eng-prolific,3.2.4,Win32,60,serene,1.667999983,1,0,98,16,1,97
,,,,,,,,,,,,,,,,,,,,,,,,,,,,,,,,,,,,,,,,,,,,,,,,,,,18,camisa,Spanish,Sounds/spa_camisa.mp3,2020-06-04_15h23.42.745,TranslationElicitation_eng-prolific,3.2.4,Win32,60,serene,,1,0,98,16,1,97
,,,,,,,,,,,,,,,,,,,,,,,,,,,,,,,,,,,,,,,,,c,1.969000101,C,FALSE,,,,,,,24,cereza,Spanish,Sounds/spa_cereza.mp3,2020-06-04_15h23.42.745,TranslationElicitation_eng-prolific,3.2.4,Win32,60,serene,,1,0,98,22,1,97
,,,,,,,,,,,,,,,,,,,,,,,,,,,,,,,,,,,,,,,,,return,2.252000093,C,FALSE,,,,,,,24,cereza,Spanish,Sounds/spa_cereza.mp3,2020-06-04_15h23.42.745,TranslationElicitation_eng-prolific,3.2.4,Win32,60,serene,2.252000093,1,0,98,22,1,97
,,,,,,,,,,,,,,,,,,,,,,,,,,,,,,,,,,,,,,,,,,,,,,,,,,,24,cereza,Spanish,Sounds/spa_cereza.mp3,2020-06-04_15h23.42.745,TranslationElicitation_eng-prolific,3.2.4,Win32,60,serene,,1,0,98,22,1,97
,,,,,,,,,,,,,,,,,,,,,,,,,,,,,,,,,,,,,,,,,g,1.549999952,G,FALSE,,,,,,,44,gorrion,Spanish,Sounds/spa_gorrion.mp3,2020-06-04_15h23.42.745,TranslationElicitation_eng-prolific,3.2.4,Win32,60,serene,,1,0,98,40,1,97
,,,,,,,,,,,,,,,,,,,,,,,,,,,,,,,,,,,,,,,,,return,1.78399992,G,FALSE,,,,,,,44,gorrion,Spanish,Sounds/spa_gorrion.mp3,2020-06-04_15h23.42.745,TranslationElicitation_eng-prolific,3.2.4,Win32,60,serene,1.78399992,1,0,98,40,1,97
,,,,,,,,,,,,,,,,,,,,,,,,,,,,,,,,,,,,,,,,,,,,,,,,,,,44,gorrion,Spanish,Sounds/spa_gorrion.mp3,2020-06-04_15h23.42.745,TranslationElicitation_eng-prolific,3.2.4,Win32,60,serene,,1,0,98,40,1,97
,,,,,,,,,,,,,,,,,,,,,,,,,,,,,,,,,,,,,,,,,c,1.301000118,C,FALSE,,,,,,,27,chocolate,Spanish,Sounds/spa_chocolate.mp3,2020-06-04_15h23.42.745,TranslationElicitation_eng-prolific,3.2.4,Win32,60,serene,,1,0,98,24,1,97
,,,,,,,,,,,,,,,,,,,,,,,,,,,,,,,,,,,,,,,,,return,1.635000229,C,FALSE,,,,,,,27,chocolate,Spanish,Sounds/spa_chocolate.mp3,2020-06-04_15h23.42.745,TranslationElicitation_eng-prolific,3.2.4,Win32,60,serene,1.635000229,1,0,98,24,1,97
,,,,,,,,,,,,,,,,,,,,,,,,,,,,,,,,,,,,,,,,,,,,,,,,,,,27,chocolate,Spanish,Sounds/spa_chocolate.mp3,2020-06-04_15h23.42.745,TranslationElicitation_eng-prolific,3.2.4,Win32,60,serene,,1,0,98,24,1,97
,,,,,,,,,,,,,,,,,,,,,,,,,,,,,,,,,,,,,,,,,g,1.133999825,G,FALSE,,,,,,,41,gallina,Spanish,Sounds/spa_gallina.mp3,2020-06-04_15h23.42.745,TranslationElicitation_eng-prolific,3.2.4,Win32,60,serene,,1,0,98,37,1,97
,,,,,,,,,,,,,,,,,,,,,,,,,,,,,,,,,,,,,,,,,return,1.466999769,G,FALSE,,,,,,,41,gallina,Spanish,Sounds/spa_gallina.mp3,2020-06-04_15h23.42.745,TranslationElicitation_eng-prolific,3.2.4,Win32,60,serene,1.466999769,1,0,98,37,1,97
,,,,,,,,,,,,,,,,,,,,,,,,,,,,,,,,,,,,,,,,,,,,,,,,,,,41,gallina,Spanish,Sounds/spa_gallina.mp3,2020-06-04_15h23.42.745,TranslationElicitation_eng-prolific,3.2.4,Win32,60,serene,,1,0,98,37,1,97
,,,,,,,,,,,,,,,,,,,,,,,,,,,,,,,,,,,,,,,,,c,1.551000118,C,FALSE,,,,,,,23,cerdo,Spanish,Sounds/spa_cerdo.mp3,2020-06-04_15h23.42.745,TranslationElicitation_eng-prolific,3.2.4,Win32,60,serene,,1,0,98,21,1,97
,,,,,,,,,,,,,,,,,,,,,,,,,,,,,,,,,,,,,,,,,e,1.785000086,CE,FALSE,,,,,,,23,cerdo,Spanish,Sounds/spa_cerdo.mp3,2020-06-04_15h23.42.745,TranslationElicitation_eng-prolific,3.2.4,Win32,60,serene,,1,0,98,21,1,97
,,,,,,,,,,,,,,,,,,,,,,,,,,,,,,,,,,,,,,,,,r,1.985000134,CER,FALSE,,,,,,,23,cerdo,Spanish,Sounds/spa_cerdo.mp3,2020-06-04_15h23.42.745,TranslationElicitation_eng-prolific,3.2.4,Win32,60,serene,,1,0,98,21,1,97
,,,,,,,,,,,,,,,,,,,,,,,,,,,,,,,,,,,,,,,,,d,2.235000134,CERD,FALSE,,,,,,,23,cerdo,Spanish,Sounds/spa_cerdo.mp3,2020-06-04_15h23.42.745,TranslationElicitation_eng-prolific,3.2.4,Win32,60,serene,,1,0,98,21,1,97
,,,,,,,,,,,,,,,,,,,,,,,,,,,,,,,,,,,,,,,,,o,2.335000038,CERDO,FALSE,,,,,,,23,cerdo,Spanish,Sounds/spa_cerdo.mp3,2020-06-04_15h23.42.745,TranslationElicitation_eng-prolific,3.2.4,Win32,60,serene,,1,0,98,21,1,97
,,,,,,,,,,,,,,,,,,,,,,,,,,,,,,,,,,,,,,,,,return,2.718000174,CERDO,FALSE,,,,,,,23,cerdo,Spanish,Sounds/spa_cerdo.mp3,2020-06-04_15h23.42.745,TranslationElicitation_eng-prolific,3.2.4,Win32,60,serene,2.718000174,1,0,98,21,1,97
,,,,,,,,,,,,,,,,,,,,,,,,,,,,,,,,,,,,,,,,,,,,,,,,,,,23,cerdo,Spanish,Sounds/spa_cerdo.mp3,2020-06-04_15h23.42.745,TranslationElicitation_eng-prolific,3.2.4,Win32,60,serene,,1,0,98,21,1,97
,,,,,,,,,,,,,,,,,,,,,,,,,,,,,,,,,,,,,,,,,z,2.121000051,Z,FALSE,,,,,,,21,cebra,Spanish,Sounds/spa_cebra.mp3,2020-06-04_15h23.42.745,TranslationElicitation_eng-prolific,3.2.4,Win32,60,serene,,1,0,98,19,1,97
,,,,,,,,,,,,,,,,,,,,,,,,,,,,,,,,,,,,,,,,,e,2.383999825,ZE,FALSE,,,,,,,21,cebra,Spanish,Sounds/spa_cebra.mp3,2020-06-04_15h23.42.745,TranslationElicitation_eng-prolific,3.2.4,Win32,60,serene,,1,0,98,19,1,97
,,,,,,,,,,,,,,,,,,,,,,,,,,,,,,,,,,,,,,,,,r,2.467999935,ZER,FALSE,,,,,,,21,cebra,Spanish,Sounds/spa_cebra.mp3,2020-06-04_15h23.42.745,TranslationElicitation_eng-prolific,3.2.4,Win32,60,serene,,1,0,98,19,1,97
,,,,,,,,,,,,,,,,,,,,,,,,,,,,,,,,,,,,,,,,,b,2.835000038,ZERB,FALSE,,,,,,,21,cebra,Spanish,Sounds/spa_cebra.mp3,2020-06-04_15h23.42.745,TranslationElicitation_eng-prolific,3.2.4,Win32,60,serene,,1,0,98,19,1,97
,,,,,,,,,,,,,,,,,,,,,,,,,,,,,,,,,,,,,,,,,backspace,3.184999943,ZER,TRUE,,,,,,,21,cebra,Spanish,Sounds/spa_cebra.mp3,2020-06-04_15h23.42.745,TranslationElicitation_eng-prolific,3.2.4,Win32,60,serene,,1,0,98,19,1,97
,,,,,,,,,,,,,,,,,,,,,,,,,,,,,,,,,,,,,,,,,backspace,3.335000038,ZE,TRUE,,,,,,,21,cebra,Spanish,Sounds/spa_cebra.mp3,2020-06-04_15h23.42.745,TranslationElicitation_eng-prolific,3.2.4,Win32,60,serene,,1,0,98,19,1,97
,,,,,,,,,,,,,,,,,,,,,,,,,,,,,,,,,,,,,,,,,b,3.552000046,ZEB,TRUE,,,,,,,21,cebra,Spanish,Sounds/spa_cebra.mp3,2020-06-04_15h23.42.745,TranslationElicitation_eng-prolific,3.2.4,Win32,60,serene,,1,0,98,19,1,97
,,,,,,,,,,,,,,,,,,,,,,,,,,,,,,,,,,,,,,,,,r,3.669999838,ZEBR,TRUE,,,,,,,21,cebra,Spanish,Sounds/spa_cebra.mp3,2020-06-04_15h23.42.745,TranslationElicitation_eng-prolific,3.2.4,Win32,60,serene,,1,0,98,19,1,97
,,,,,,,,,,,,,,,,,,,,,,,,,,,,,,,,,,,,,,,,,a,3.751999855,ZEBRA,TRUE,,,,,,,21,cebra,Spanish,Sounds/spa_cebra.mp3,2020-06-04_15h23.42.745,TranslationElicitation_eng-prolific,3.2.4,Win32,60,serene,,1,0,98,19,1,97
,,,,,,,,,,,,,,,,,,,,,,,,,,,,,,,,,,,,,,,,,return,3.934999943,ZEBRA,TRUE,,,,,,,21,cebra,Spanish,Sounds/spa_cebra.mp3,2020-06-04_15h23.42.745,TranslationElicitation_eng-prolific,3.2.4,Win32,60,serene,3.934999943,1,0,98,19,1,97
,,,,,,,,,,,,,,,,,,,,,,,,,,,,,,,,,,,,,,,,,,,,,,,,,,,21,cebra,Spanish,Sounds/spa_cebra.mp3,2020-06-04_15h23.42.745,TranslationElicitation_eng-prolific,3.2.4,Win32,60,serene,,1,0,98,19,1,97
,,,,,,,,,,,,,,,,,,,,,,,,,,,,,,,,,,,,,,,,,b,1.367000103,B,FALSE,,,,,,,9,boli,Spanish,Sounds/spa_boli.mp3,2020-06-04_15h23.42.745,TranslationElicitation_eng-prolific,3.2.4,Win32,60,serene,,1,0,98,7,1,97
,,,,,,,,,,,,,,,,,,,,,,,,,,,,,,,,,,,,,,,,,return,1.683000088,B,FALSE,,,,,,,9,boli,Spanish,Sounds/spa_boli.mp3,2020-06-04_15h23.42.745,TranslationElicitation_eng-prolific,3.2.4,Win32,60,serene,1.683000088,1,0,98,7,1,97
,,,,,,,,,,,,,,,,,,,,,,,,,,,,,,,,,,,,,,,,,,,,,,,,,,,9,boli,Spanish,Sounds/spa_boli.mp3,2020-06-04_15h23.42.745,TranslationElicitation_eng-prolific,3.2.4,Win32,60,serene,,1,0,98,7,1,97
,,,,,,,,,,,,,,,,,,,,,,,,,,,,,,,,,,,,,,,,,g,1.117000103,G,FALSE,,,,,,,48,gusano,Spanish,Sounds/spa_gusano.mp3,2020-06-04_15h23.42.745,TranslationElicitation_eng-prolific,3.2.4,Win32,60,serene,,1,0,98,44,1,97
,,,,,,,,,,,,,,,,,,,,,,,,,,,,,,,,,,,,,,,,,return,1.651000023,G,FALSE,,,,,,,48,gusano,Spanish,Sounds/spa_gusano.mp3,2020-06-04_15h23.42.745,TranslationElicitation_eng-prolific,3.2.4,Win32,60,serene,1.651000023,1,0,98,44,1,97
,,,,,,,,,,,,,,,,,,,,,,,,,,,,,,,,,,,,,,,,,,,,,,,,,,,48,gusano,Spanish,Sounds/spa_gusano.mp3,2020-06-04_15h23.42.745,TranslationElicitation_eng-prolific,3.2.4,Win32,60,serene,,1,0,98,44,1,97
,,,,,,,,,,,,,,,,,,,,,,,,,,,,,,,,,,,,,,,,,return,1.735000134,,FALSE,,,,,,,92,sandwich,Spanish,Sounds/spa_sandwich.mp3,2020-06-04_15h23.42.745,TranslationElicitation_eng-prolific,3.2.4,Win32,60,serene,1.735000134,1,0,98,87,1,97
,,,,,,,,,,,,,,,,,,,,,,,,,,,,,,,,,,,,,,,,,,,,,,,,,,,92,sandwich,Spanish,Sounds/spa_sandwich.mp3,2020-06-04_15h23.42.745,TranslationElicitation_eng-prolific,3.2.4,Win32,60,serene,,1,0,98,87,1,97
,,,,,,,,,,,,,,,,,,,,,,,,,,,,,,,,,,,,,,,,,p,1.166999817,P,FALSE,,,,,,,88,plato,Spanish,Sounds/spa_plato.mp3,2020-06-04_15h23.42.745,TranslationElicitation_eng-prolific,3.2.4,Win32,60,serene,,1,0,98,83,1,97
,,,,,,,,,,,,,,,,,,,,,,,,,,,,,,,,,,,,,,,,,return,1.566999912,P,FALSE,,,,,,,88,plato,Spanish,Sounds/spa_plato.mp3,2020-06-04_15h23.42.745,TranslationElicitation_eng-prolific,3.2.4,Win32,60,serene,1.566999912,1,0,98,83,1,97
,,,,,,,,,,,,,,,,,,,,,,,,,,,,,,,,,,,,,,,,,,,,,,,,,,,88,plato,Spanish,Sounds/spa_plato.mp3,2020-06-04_15h23.42.745,TranslationElicitation_eng-prolific,3.2.4,Win32,60,serene,,1,0,98,83,1,97
,,,,,,,,,,,,,,,,,,,,,,,,,,,,,,,,,,,,,,,,,c,1.667999983,C,FALSE,,,,,,,15,caballo,Spanish,Sounds/spa_caballo.mp3,2020-06-04_15h23.42.745,TranslationElicitation_eng-prolific,3.2.4,Win32,60,serene,,1,0,98,13,1,97
,,,,,,,,,,,,,,,,,,,,,,,,,,,,,,,,,,,,,,,,,return,2.13499999,C,FALSE,,,,,,,15,caballo,Spanish,Sounds/spa_caballo.mp3,2020-06-04_15h23.42.745,TranslationElicitation_eng-prolific,3.2.4,Win32,60,serene,2.13499999,1,0,98,13,1,97
,,,,,,,,,,,,,,,,,,,,,,,,,,,,,,,,,,,,,,,,,,,,,,,,,,,15,caballo,Spanish,Sounds/spa_caballo.mp3,2020-06-04_15h23.42.745,TranslationElicitation_eng-prolific,3.2.4,Win32,60,serene,,1,0,98,13,1,97
,,,,,,,,,,,,,,,,,,,,,,,,,,,,,,,,,,,,,,,,,p,1.265999794,P,FALSE,,,,,,,91,puerta,Spanish,Sounds/spa_puerta.mp3,2020-06-04_15h23.42.745,TranslationElicitation_eng-prolific,3.2.4,Win32,60,serene,,1,0,98,86,1,97
,,,,,,,,,,,,,,,,,,,,,,,,,,,,,,,,,,,,,,,,,return,1.717000008,P,FALSE,,,,,,,91,puerta,Spanish,Sounds/spa_puerta.mp3,2020-06-04_15h23.42.745,TranslationElicitation_eng-prolific,3.2.4,Win32,60,serene,1.717000008,1,0,98,86,1,97
,,,,,,,,,,,,,,,,,,,,,,,,,,,,,,,,,,,,,,,,,,,,,,,,,,,91,puerta,Spanish,Sounds/spa_puerta.mp3,2020-06-04_15h23.42.745,TranslationElicitation_eng-prolific,3.2.4,Win32,60,serene,,1,0,98,86,1,97
,,,,,,,,,,,,,,,,,,,,,,,,,,,,,,,,,,,,,,,,,g,1.30099988,G,FALSE,,,,,,,46,grifo,Spanish,Sounds/spa_grifo.mp3,2020-06-04_15h23.42.745,TranslationElicitation_eng-prolific,3.2.4,Win32,60,serene,,1,0,98,42,1,97
,,,,,,,,,,,,,,,,,,,,,,,,,,,,,,,,,,,,,,,,,return,1.667999983,G,FALSE,,,,,,,46,grifo,Spanish,Sounds/spa_grifo.mp3,2020-06-04_15h23.42.745,TranslationElicitation_eng-prolific,3.2.4,Win32,60,serene,1.667999983,1,0,98,42,1,97
,,,,,,,,,,,,,,,,,,,,,,,,,,,,,,,,,,,,,,,,,,,,,,,,,,,46,grifo,Spanish,Sounds/spa_grifo.mp3,2020-06-04_15h23.42.745,TranslationElicitation_eng-prolific,3.2.4,Win32,60,serene,,1,0,98,42,1,97
,,,,,,,,,,,,,,,,,,,,,,,,,,,,,,,,,,,,,,,,,c,1.63499999,C,FALSE,,,,,,,20,caracol,Spanish,Sounds/spa_caracol.mp3,2020-06-04_15h23.42.745,TranslationElicitation_eng-prolific,3.2.4,Win32,60,serene,,1,0,98,18,1,97
,,,,,,,,,,,,,,,,,,,,,,,,,,,,,,,,,,,,,,,,,return,2.000999928,C,FALSE,,,,,,,20,caracol,Spanish,Sounds/spa_caracol.mp3,2020-06-04_15h23.42.745,TranslationElicitation_eng-prolific,3.2.4,Win32,60,serene,2.000999928,1,0,98,18,1,97
,,,,,,,,,,,,,,,,,,,,,,,,,,,,,,,,,,,,,,,,,,,,,,,,,,,20,caracol,Spanish,Sounds/spa_caracol.mp3,2020-06-04_15h23.42.745,TranslationElicitation_eng-prolific,3.2.4,Win32,60,serene,,1,0,98,18,1,97
,,,,,,,,,,,,,,,,,,,,,,,,,,,,,,,,,,,,,,,,,g,1.750999928,G,FALSE,,,,,,,39,gafas,Spanish,Sounds/spa_gafas.mp3,2020-06-04_15h23.42.745,TranslationElicitation_eng-prolific,3.2.4,Win32,60,serene,,1,0,98,35,1,97
,,,,,,,,,,,,,,,,,,,,,,,,,,,,,,,,,,,,,,,,,return,2.234999895,G,FALSE,,,,,,,39,gafas,Spanish,Sounds/spa_gafas.mp3,2020-06-04_15h23.42.745,TranslationElicitation_eng-prolific,3.2.4,Win32,60,serene,2.234999895,1,0,98,35,1,97
,,,,,,,,,,,,,,,,,,,,,,,,,,,,,,,,,,,,,,,,,,,,,,,,,,,39,gafas,Spanish,Sounds/spa_gafas.mp3,2020-06-04_15h23.42.745,TranslationElicitation_eng-prolific,3.2.4,Win32,60,serene,,1,0,98,35,1,97
,,,,,,,,,,,,,,,,,,,,,,,,,,,,,,,,,,,,,,,,,t,1.317000151,T,FALSE,,,,,,,100,toro,Spanish,Sounds/spa_toro.mp3,2020-06-04_15h23.42.745,TranslationElicitation_eng-prolific,3.2.4,Win32,60,serene,,1,0,98,94,1,97
,,,,,,,,,,,,,,,,,,,,,,,,,,,,,,,,,,,,,,,,,return,1.584000111,T,FALSE,,,,,,,100,toro,Spanish,Sounds/spa_toro.mp3,2020-06-04_15h23.42.745,TranslationElicitation_eng-prolific,3.2.4,Win32,60,serene,1.584000111,1,0,98,94,1,97
,,,,,,,,,,,,,,,,,,,,,,,,,,,,,,,,,,,,,,,,,,,,,,,,,,,100,toro,Spanish,Sounds/spa_toro.mp3,2020-06-04_15h23.42.745,TranslationElicitation_eng-prolific,3.2.4,Win32,60,serene,,1,0,98,94,1,97
,,,,,,,,,,,,,,,,,,,,,,,,,,,,,,,,,,,,,,,,,p,1.302000046,P,FALSE,,,,,,,81,pelota,Spanish,Sounds/spa_pelota.mp3,2020-06-04_15h23.42.745,TranslationElicitation_eng-prolific,3.2.4,Win32,60,serene,,1,0,98,76,1,97
,,,,,,,,,,,,,,,,,,,,,,,,,,,,,,,,,,,,,,,,,return,1.51699996,P,FALSE,,,,,,,81,pelota,Spanish,Sounds/spa_pelota.mp3,2020-06-04_15h23.42.745,TranslationElicitation_eng-prolific,3.2.4,Win32,60,serene,1.51699996,1,0,98,76,1,97
,,,,,,,,,,,,,,,,,,,,,,,,,,,,,,,,,,,,,,,,,,,,,,,,,,,81,pelota,Spanish,Sounds/spa_pelota.mp3,2020-06-04_15h23.42.745,TranslationElicitation_eng-prolific,3.2.4,Win32,60,serene,,1,0,98,76,1,97
,,,,,,,,,,,,,,,,,,,,,,,,,,,,,,,,,,,,,,,,,n,1.568000078,N,FALSE,,,,,,,69,nariz,Spanish,Sounds/spa_nariz.mp3,2020-06-04_15h23.42.745,TranslationElicitation_eng-prolific,3.2.4,Win32,60,serene,,1,0,98,65,1,97
,,,,,,,,,,,,,,,,,,,,,,,,,,,,,,,,,,,,,,,,,return,1.88499999,N,FALSE,,,,,,,69,nariz,Spanish,Sounds/spa_nariz.mp3,2020-06-04_15h23.42.745,TranslationElicitation_eng-prolific,3.2.4,Win32,60,serene,1.88499999,1,0,98,65,1,97
,,,,,,,,,,,,,,,,,,,,,,,,,,,,,,,,,,,,,,,,,,,,,,,,,,,69,nariz,Spanish,Sounds/spa_nariz.mp3,2020-06-04_15h23.42.745,TranslationElicitation_eng-prolific,3.2.4,Win32,60,serene,,1,0,98,65,1,97
,,,,,,,,,,,,,,,,,,,,,,,,,,,,,,,,,,,,,,,,,o,1.517000198,O,FALSE,,,,,,,73,oveja,Spanish,Sounds/spa_oveja.mp3,2020-06-04_15h23.42.745,TranslationElicitation_eng-prolific,3.2.4,Win32,60,serene,,1,0,98,68,1,97
,,,,,,,,,,,,,,,,,,,,,,,,,,,,,,,,,,,,,,,,,return,1.767000198,O,FALSE,,,,,,,73,oveja,Spanish,Sounds/spa_oveja.mp3,2020-06-04_15h23.42.745,TranslationElicitation_eng-prolific,3.2.4,Win32,60,serene,1.767000198,1,0,98,68,1,97
,,,,,,,,,,,,,,,,,,,,,,,,,,,,,,,,,,,,,,,,,,,,,,,,,,,73,oveja,Spanish,Sounds/spa_oveja.mp3,2020-06-04_15h23.42.745,TranslationElicitation_eng-prolific,3.2.4,Win32,60,serene,,1,0,98,68,1,97
,,,,,,,,,,,,,,,,,,,,,,,,,,,,,,,,,,,,,,,,,o,1.217000008,O,FALSE,,,,,,,71,ombligo,Spanish,Sounds/spa_ombligo.mp3,2020-06-04_15h23.42.745,TranslationElicitation_eng-prolific,3.2.4,Win32,60,serene,,1,0,98,66,1,97
,,,,,,,,,,,,,,,,,,,,,,,,,,,,,,,,,,,,,,,,,return,1.500999928,O,FALSE,,,,,,,71,ombligo,Spanish,Sounds/spa_ombligo.mp3,2020-06-04_15h23.42.745,TranslationElicitation_eng-prolific,3.2.4,Win32,60,serene,1.500999928,1,0,98,66,1,97
,,,,,,,,,,,,,,,,,,,,,,,,,,,,,,,,,,,,,,,,,,,,,,,,,,,71,ombligo,Spanish,Sounds/spa_ombligo.mp3,2020-06-04_15h23.42.745,TranslationElicitation_eng-prolific,3.2.4,Win32,60,serene,,1,0,98,66,1,97
,,,,,,,,,,,,,,,,,,,,,,,,,,,,,,,,,,,,,,,,,b,1.217999935,B,FALSE,,,,,,,8,bol,Spanish,Sounds/spa_bol.mp3,2020-06-04_15h23.42.745,TranslationElicitation_eng-prolific,3.2.4,Win32,60,serene,,1,0,98,6,1,97
,,,,,,,,,,,,,,,,,,,,,,,,,,,,,,,,,,,,,,,,,return,1.567000151,B,FALSE,,,,,,,8,bol,Spanish,Sounds/spa_bol.mp3,2020-06-04_15h23.42.745,TranslationElicitation_eng-prolific,3.2.4,Win32,60,serene,1.567000151,1,0,98,6,1,97
,,,,,,,,,,,,,,,,,,,,,,,,,,,,,,,,,,,,,,,,,,,,,,,,,,,8,bol,Spanish,Sounds/spa_bol.mp3,2020-06-04_15h23.42.745,TranslationElicitation_eng-prolific,3.2.4,Win32,60,serene,,1,0,98,6,1,97
,,,,,,,,,,,,,,,,,,,,,,,,,,,,,,,,,,,,,,,,,p,1.552000046,P,FALSE,,,,,,,83,pez,Spanish,Sounds/spa_pez.mp3,2020-06-04_15h23.42.745,TranslationElicitation_eng-prolific,3.2.4,Win32,60,serene,,1,0,98,78,1,97
,,,,,,,,,,,,,,,,,,,,,,,,,,,,,,,,,,,,,,,,,return,1.717000008,P,FALSE,,,,,,,83,pez,Spanish,Sounds/spa_pez.mp3,2020-06-04_15h23.42.745,TranslationElicitation_eng-prolific,3.2.4,Win32,60,serene,1.717000008,1,0,98,78,1,97
,,,,,,,,,,,,,,,,,,,,,,,,,,,,,,,,,,,,,,,,,,,,,,,,,,,83,pez,Spanish,Sounds/spa_pez.mp3,2020-06-04_15h23.42.745,TranslationElicitation_eng-prolific,3.2.4,Win32,60,serene,,1,0,98,78,1,97
,,,,,,,,,,,,,,,,,,,,,,,,,,,,,,,,,,,,,,,,,b,1.417000055,B,FALSE,,,,,,,4,biberon,Spanish,Sounds/spa_biberon.mp3,2020-06-04_15h23.42.745,TranslationElicitation_eng-prolific,3.2.4,Win32,60,serene,,1,0,98,2,1,97
,,,,,,,,,,,,,,,,,,,,,,,,,,,,,,,,,,,,,,,,,return,1.651000023,B,FALSE,,,,,,,4,biberon,Spanish,Sounds/spa_biberon.mp3,2020-06-04_15h23.42.745,TranslationElicitation_eng-prolific,3.2.4,Win32,60,serene,1.651000023,1,0,98,2,1,97
,,,,,,,,,,,,,,,,,,,,,,,,,,,,,,,,,,,,,,,,,,,,,,,,,,,4,biberon,Spanish,Sounds/spa_biberon.mp3,2020-06-04_15h23.42.745,TranslationElicitation_eng-prolific,3.2.4,Win32,60,serene,,1,0,98,2,1,97
,,,,,,,,,,,,,,,,,,,,,,,,,,,,,,,,,,,,,,,,,p,1.733999968,P,FALSE,,,,,,,86,pingüino,Spanish,Sounds/spa_pinguino.mp3,2020-06-04_15h23.42.745,TranslationElicitation_eng-prolific,3.2.4,Win32,60,serene,,1,0,98,81,1,97
,,,,,,,,,,,,,,,,,,,,,,,,,,,,,,,,,,,,,,,,,return,1.983999968,P,FALSE,,,,,,,86,pingüino,Spanish,Sounds/spa_pinguino.mp3,2020-06-04_15h23.42.745,TranslationElicitation_eng-prolific,3.2.4,Win32,60,serene,1.983999968,1,0,98,81,1,97
,,,,,,,,,,,,,,,,,,,,,,,,,,,,,,,,,,,,,,,,,,,,,,,,,,,86,pingüino,Spanish,Sounds/spa_pinguino.mp3,2020-06-04_15h23.42.745,TranslationElicitation_eng-prolific,3.2.4,Win32,60,serene,,1,0,98,81,1,97
,,,,,,,,,,,,,,,,,,,,,,,,,,,,,,,,,,,,,,,,,m,1.234000206,M,FALSE,,,,,,,64,moneda,Spanish,Sounds/spa_moneda.mp3,2020-06-04_15h23.42.745,TranslationElicitation_eng-prolific,3.2.4,Win32,60,serene,,1,0,98,60,1,97
,,,,,,,,,,,,,,,,,,,,,,,,,,,,,,,,,,,,,,,,,return,1.667000055,M,FALSE,,,,,,,64,moneda,Spanish,Sounds/spa_moneda.mp3,2020-06-04_15h23.42.745,TranslationElicitation_eng-prolific,3.2.4,Win32,60,serene,1.667000055,1,0,98,60,1,97
,,,,,,,,,,,,,,,,,,,,,,,,,,,,,,,,,,,,,,,,,,,,,,,,,,,64,moneda,Spanish,Sounds/spa_moneda.mp3,2020-06-04_15h23.42.745,TranslationElicitation_eng-prolific,3.2.4,Win32,60,serene,,1,0,98,60,1,97
,,,,,,,,,,,,,,,,,,,,,,,,,,,,,,,,,,,,,,,,,c,1.416999817,C,FALSE,,,,,,,19,camiseta,Spanish,Sounds/spa_camiseta.mp3,2020-06-04_15h23.42.745,TranslationElicitation_eng-prolific,3.2.4,Win32,60,serene,,1,0,98,17,1,97
,,,,,,,,,,,,,,,,,,,,,,,,,,,,,,,,,,,,,,,,,return,1.717000008,C,FALSE,,,,,,,19,camiseta,Spanish,Sounds/spa_camiseta.mp3,2020-06-04_15h23.42.745,TranslationElicitation_eng-prolific,3.2.4,Win32,60,serene,1.717000008,1,0,98,17,1,97
,,,,,,,,,,,,,,,,,,,,,,,,,,,,,,,,,,,,,,,,,,,,,,,,,,,19,camiseta,Spanish,Sounds/spa_camiseta.mp3,2020-06-04_15h23.42.745,TranslationElicitation_eng-prolific,3.2.4,Win32,60,serene,,1,0,98,17,1,97
,,,,,,,,,,,,,,,,,,,,,,,,,,,,,,,,,,,,,,,,,m,1.182999849,M,FALSE,,,,,,,61,mariposa,Spanish,Sounds/spa_mariposa.mp3,2020-06-04_15h23.42.745,TranslationElicitation_eng-prolific,3.2.4,Win32,60,serene,,1,0,98,57,1,97
,,,,,,,,,,,,,,,,,,,,,,,,,,,,,,,,,,,,,,,,,return,1.616999865,M,FALSE,,,,,,,61,mariposa,Spanish,Sounds/spa_mariposa.mp3,2020-06-04_15h23.42.745,TranslationElicitation_eng-prolific,3.2.4,Win32,60,serene,1.616999865,1,0,98,57,1,97
,,,,,,,,,,,,,,,,,,,,,,,,,,,,,,,,,,,,,,,,,,,,,,,,,,,61,mariposa,Spanish,Sounds/spa_mariposa.mp3,2020-06-04_15h23.42.745,TranslationElicitation_eng-prolific,3.2.4,Win32,60,serene,,1,0,98,57,1,97
,,,,,,,,,,,,,,,,,,,,,,,,,,,,,,,,,,,,,,,,,p,1.382999897,P,FALSE,,,,,,,76,panal,Spanish,Sounds/spa_panal.mp3,2020-06-04_15h23.42.745,TranslationElicitation_eng-prolific,3.2.4,Win32,60,serene,,1,0,98,71,1,97
,,,,,,,,,,,,,,,,,,,,,,,,,,,,,,,,,,,,,,,,,return,1.73300004,P,FALSE,,,,,,,76,panal,Spanish,Sounds/spa_panal.mp3,2020-06-04_15h23.42.745,TranslationElicitation_eng-prolific,3.2.4,Win32,60,serene,1.73300004,1,0,98,71,1,97
,,,,,,,,,,,,,,,,,,,,,,,,,,,,,,,,,,,,,,,,,,,,,,,,,,,76,panal,Spanish,Sounds/spa_panal.mp3,2020-06-04_15h23.42.745,TranslationElicitation_eng-prolific,3.2.4,Win32,60,serene,,1,0,98,71,1,97
,,,,,,,,,,,,,,,,,,,,,,,,,,,,,,,,,,,,,,,,,c,1.53399992,C,FALSE,,,,,,,29,coche,Spanish,Sounds/spa_coche.mp3,2020-06-04_15h23.42.745,TranslationElicitation_eng-prolific,3.2.4,Win32,60,serene,,1,0,98,26,1,97
,,,,,,,,,,,,,,,,,,,,,,,,,,,,,,,,,,,,,,,,,return,1.767999887,C,FALSE,,,,,,,29,coche,Spanish,Sounds/spa_coche.mp3,2020-06-04_15h23.42.745,TranslationElicitation_eng-prolific,3.2.4,Win32,60,serene,1.767999887,1,0,98,26,1,97
,,,,,,,,,,,,,,,,,,,,,,,,,,,,,,,,,,,,,,,,,,,,,,,,,,,29,coche,Spanish,Sounds/spa_coche.mp3,2020-06-04_15h23.42.745,TranslationElicitation_eng-prolific,3.2.4,Win32,60,serene,,1,0,98,26,1,97
,,,,,,,,,,,,,,,,,,,,,,,,,,,,,,,,,,,,,,,,,b,1.333000183,B,FALSE,,,,,,,10,botella,Spanish,Sounds/spa_botella.mp3,2020-06-04_15h23.42.745,TranslationElicitation_eng-prolific,3.2.4,Win32,60,serene,,1,0,98,8,1,97
,,,,,,,,,,,,,,,,,,,,,,,,,,,,,,,,,,,,,,,,,return,1.550000191,B,FALSE,,,,,,,10,botella,Spanish,Sounds/spa_botella.mp3,2020-06-04_15h23.42.745,TranslationElicitation_eng-prolific,3.2.4,Win32,60,serene,1.550000191,1,0,98,8,1,97
,,,,,,,,,,,,,,,,,,,,,,,,,,,,,,,,,,,,,,,,,,,,,,,,,,,10,botella,Spanish,Sounds/spa_botella.mp3,2020-06-04_15h23.42.745,TranslationElicitation_eng-prolific,3.2.4,Win32,60,serene,,1,0,98,8,1,97
,,,,,,,,,,,,,,,,,,,,,,,,,,,,,,,,,,,,,,,,,m,1.433999777,M,FALSE,,,,,,,63,mesa,Spanish,Sounds/spa_mesa.mp3,2020-06-04_15h23.42.745,TranslationElicitation_eng-prolific,3.2.4,Win32,60,serene,,1,0,98,59,1,97
,,,,,,,,,,,,,,,,,,,,,,,,,,,,,,,,,,,,,,,,,return,1.8349998,M,FALSE,,,,,,,63,mesa,Spanish,Sounds/spa_mesa.mp3,2020-06-04_15h23.42.745,TranslationElicitation_eng-prolific,3.2.4,Win32,60,serene,1.8349998,1,0,98,59,1,97
,,,,,,,,,,,,,,,,,,,,,,,,,,,,,,,,,,,,,,,,,,,,,,,,,,,63,mesa,Spanish,Sounds/spa_mesa.mp3,2020-06-04_15h23.42.745,TranslationElicitation_eng-prolific,3.2.4,Win32,60,serene,,1,0,98,59,1,97
,,,,,,,,,,,,,,,,,,,,,,,,,,,,,,,,,,,,,,,,,p,1.100000143,P,FALSE,,,,,,,74,pajaro,Spanish,Sounds/spa_pajaro.mp3,2020-06-04_15h23.42.745,TranslationElicitation_eng-prolific,3.2.4,Win32,60,serene,,1,0,98,69,1,97
,,,,,,,,,,,,,,,,,,,,,,,,,,,,,,,,,,,,,,,,,return,1.450999975,P,FALSE,,,,,,,74,pajaro,Spanish,Sounds/spa_pajaro.mp3,2020-06-04_15h23.42.745,TranslationElicitation_eng-prolific,3.2.4,Win32,60,serene,1.450999975,1,0,98,69,1,97
,,,,,,,,,,,,,,,,,,,,,,,,,,,,,,,,,,,,,,,,,,,,,,,,,,,74,pajaro,Spanish,Sounds/spa_pajaro.mp3,2020-06-04_15h23.42.745,TranslationElicitation_eng-prolific,3.2.4,Win32,60,serene,,1,0,98,69,1,97
,,,,,,,,,,,,,,,,,,,,,,,,,,,,,,,,,,,,,,,,,p,1.451000214,P,FALSE,,,,,,,89,pluma,Spanish,Sounds/spa_pluma.mp3,2020-06-04_15h23.42.745,TranslationElicitation_eng-prolific,3.2.4,Win32,60,serene,,1,0,98,84,1,97
,,,,,,,,,,,,,,,,,,,,,,,,,,,,,,,,,,,,,,,,,return,1.851000071,P,FALSE,,,,,,,89,pluma,Spanish,Sounds/spa_pluma.mp3,2020-06-04_15h23.42.745,TranslationElicitation_eng-prolific,3.2.4,Win32,60,serene,1.851000071,1,0,98,84,1,97
,,,,,,,,,,,,,,,,,,,,,,,,,,,,,,,,,,,,,,,,,,,,,,,,,,,89,pluma,Spanish,Sounds/spa_pluma.mp3,2020-06-04_15h23.42.745,TranslationElicitation_eng-prolific,3.2.4,Win32,60,serene,,1,0,98,84,1,97
,,,,,,,,,,,,,,,,,,,,,,,,,,,,,,,,,,,,,,,,,m,1.184000015,M,FALSE,,,,,,,67,muneca,Spanish,Sounds/spa_muneca.mp3,2020-06-04_15h23.42.745,TranslationElicitation_eng-prolific,3.2.4,Win32,60,serene,,1,0,98,63,1,97
,,,,,,,,,,,,,,,,,,,,,,,,,,,,,,,,,,,,,,,,,return,1.551000118,M,FALSE,,,,,,,67,muneca,Spanish,Sounds/spa_muneca.mp3,2020-06-04_15h23.42.745,TranslationElicitation_eng-prolific,3.2.4,Win32,60,serene,1.551000118,1,0,98,63,1,97
,,,,,,,,,,,,,,,,,,,,,,,,,,,,,,,,,,,,,,,,,,,,,,,,,,,67,muneca,Spanish,Sounds/spa_muneca.mp3,2020-06-04_15h23.42.745,TranslationElicitation_eng-prolific,3.2.4,Win32,60,serene,,1,0,98,63,1,97
,,,,,,,,,,,,,,,,,,,,,,,,,,,,,,,,,,,,,,,,,m,1.217000008,M,FALSE,,,,,,,60,manzana,Spanish,Sounds/spa_manzana.mp3,2020-06-04_15h23.42.745,TranslationElicitation_eng-prolific,3.2.4,Win32,60,serene,,1,0,98,56,1,97
,,,,,,,,,,,,,,,,,,,,,,,,,,,,,,,,,,,,,,,,,return,1.684000015,M,FALSE,,,,,,,60,manzana,Spanish,Sounds/spa_manzana.mp3,2020-06-04_15h23.42.745,TranslationElicitation_eng-prolific,3.2.4,Win32,60,serene,1.684000015,1,0,98,56,1,97
,,,,,,,,,,,,,,,,,,,,,,,,,,,,,,,,,,,,,,,,,,,,,,,,,,,60,manzana,Spanish,Sounds/spa_manzana.mp3,2020-06-04_15h23.42.745,TranslationElicitation_eng-prolific,3.2.4,Win32,60,serene,,1,0,98,56,1,97
,,,,,,,,,,,,,,,,,,,,,,,,,,,,,,,,,,,,,,,,,c,1.351000071,C,FALSE,,,,,,,17,calcetin,Spanish,Sounds/spa_calcetin.mp3,2020-06-04_15h23.42.745,TranslationElicitation_eng-prolific,3.2.4,Win32,60,serene,,1,0,98,15,1,97
,,,,,,,,,,,,,,,,,,,,,,,,,,,,,,,,,,,,,,,,,return,1.684999943,C,FALSE,,,,,,,17,calcetin,Spanish,Sounds/spa_calcetin.mp3,2020-06-04_15h23.42.745,TranslationElicitation_eng-prolific,3.2.4,Win32,60,serene,1.684999943,1,0,98,15,1,97
,,,,,,,,,,,,,,,,,,,,,,,,,,,,,,,,,,,,,,,,,,,,,,,,,,,17,calcetin,Spanish,Sounds/spa_calcetin.mp3,2020-06-04_15h23.42.745,TranslationElicitation_eng-prolific,3.2.4,Win32,60,serene,,1,0,98,15,1,97
,,,,,,,,,,,,,,,,,,,,,,,,,,,,,,,,,,,,,,,,,s,1.983999968,S,FALSE,,,,,,,25,cesta,Spanish,Sounds/spa_cesta.mp3,2020-06-04_15h23.42.745,TranslationElicitation_eng-prolific,3.2.4,Win32,60,serene,,1,0,98,23,1,97
,,,,,,,,,,,,,,,,,,,,,,,,,,,,,,,,,,,,,,,,,return,3.368000031,S,FALSE,,,,,,,25,cesta,Spanish,Sounds/spa_cesta.mp3,2020-06-04_15h23.42.745,TranslationElicitation_eng-prolific,3.2.4,Win32,60,serene,3.368000031,1,0,98,23,1,97
,,,,,,,,,,,,,,,,,,,,,,,,,,,,,,,,,,,,,,,,,,,,,,,,,,,25,cesta,Spanish,Sounds/spa_cesta.mp3,2020-06-04_15h23.42.745,TranslationElicitation_eng-prolific,3.2.4,Win32,60,serene,,1,0,98,23,1,97
,,,,,,,,,,,,,,,,,,,,,,,,,,,,,,,,,,,,,,,,,g,1.217999935,G,FALSE,,,,,,,47,guitarra,Spanish,Sounds/spa_guitarra.mp3,2020-06-04_15h23.42.745,TranslationElicitation_eng-prolific,3.2.4,Win32,60,serene,,1,0,98,43,1,97
,,,,,,,,,,,,,,,,,,,,,,,,,,,,,,,,,,,,,,,,,return,1.767999887,G,FALSE,,,,,,,47,guitarra,Spanish,Sounds/spa_guitarra.mp3,2020-06-04_15h23.42.745,TranslationElicitation_eng-prolific,3.2.4,Win32,60,serene,1.767999887,1,0,98,43,1,97
,,,,,,,,,,,,,,,,,,,,,,,,,,,,,,,,,,,,,,,,,,,,,,,,,,,47,guitarra,Spanish,Sounds/spa_guitarra.mp3,2020-06-04_15h23.42.745,TranslationElicitation_eng-prolific,3.2.4,Win32,60,serene,,1,0,98,43,1,97
,,,,,,,,,,,,,,,,,,,,,,,,,,,,,,,,,,,,,,,,,f,1.401000023,F,FALSE,,,,,,,37,flor,Spanish,Sounds/spa_flor.mp3,2020-06-04_15h23.42.745,TranslationElicitation_eng-prolific,3.2.4,Win32,60,serene,,1,0,98,33,1,97
,,,,,,,,,,,,,,,,,,,,,,,,,,,,,,,,,,,,,,,,,return,1.636000156,F,FALSE,,,,,,,37,flor,Spanish,Sounds/spa_flor.mp3,2020-06-04_15h23.42.745,TranslationElicitation_eng-prolific,3.2.4,Win32,60,serene,1.636000156,1,0,98,33,1,97
,,,,,,,,,,,,,,,,,,,,,,,,,,,,,,,,,,,,,,,,,,,,,,,,,,,37,flor,Spanish,Sounds/spa_flor.mp3,2020-06-04_15h23.42.745,TranslationElicitation_eng-prolific,3.2.4,Win32,60,serene,,1,0,98,33,1,97
,,,,,,,,,,,,,,,,,,,,,,,,,,,,,,,,,,,,,,,,,c,1.183999777,C,FALSE,,,,,,,32,cuchara,Spanish,Sounds/spa_cuchara.mp3,2020-06-04_15h23.42.745,TranslationElicitation_eng-prolific,3.2.4,Win32,60,serene,,1,0,98,28,1,97
,,,,,,,,,,,,,,,,,,,,,,,,,,,,,,,,,,,,,,,,,return,1.467000008,C,FALSE,,,,,,,32,cuchara,Spanish,Sounds/spa_cuchara.mp3,2020-06-04_15h23.42.745,TranslationElicitation_eng-prolific,3.2.4,Win32,60,serene,1.467000008,1,0,98,28,1,97
,,,,,,,,,,,,,,,,,,,,,,,,,,,,,,,,,,,,,,,,,,,,,,,,,,,32,cuchara,Spanish,Sounds/spa_cuchara.mp3,2020-06-04_15h23.42.745,TranslationElicitation_eng-prolific,3.2.4,Win32,60,serene,,1,0,98,28,1,97
,,,,,,,,,,,,,,,,,,,,,,,,,,,,,,,,,,,,,,,,,t,1.700999975,T,FALSE,,,,,,,99,tomate,Spanish,Sounds/spa_tomate.mp3,2020-06-04_15h23.42.745,TranslationElicitation_eng-prolific,3.2.4,Win32,60,serene,,1,0,98,93,1,97
,,,,,,,,,,,,,,,,,,,,,,,,,,,,,,,,,,,,,,,,,o,1.850999832,TO,FALSE,,,,,,,99,tomate,Spanish,Sounds/spa_tomate.mp3,2020-06-04_15h23.42.745,TranslationElicitation_eng-prolific,3.2.4,Win32,60,serene,,1,0,98,93,1,97
,,,,,,,,,,,,,,,,,,,,,,,,,,,,,,,,,,,,,,,,,m,2.05099988,TOM,FALSE,,,,,,,99,tomate,Spanish,Sounds/spa_tomate.mp3,2020-06-04_15h23.42.745,TranslationElicitation_eng-prolific,3.2.4,Win32,60,serene,,1,0,98,93,1,97
,,,,,,,,,,,,,,,,,,,,,,,,,,,,,,,,,,,,,,,,,a,2.201999903,TOMA,FALSE,,,,,,,99,tomate,Spanish,Sounds/spa_tomate.mp3,2020-06-04_15h23.42.745,TranslationElicitation_eng-prolific,3.2.4,Win32,60,serene,,1,0,98,93,1,97
,,,,,,,,,,,,,,,,,,,,,,,,,,,,,,,,,,,,,,,,,t,2.318999767,TOMAT,FALSE,,,,,,,99,tomate,Spanish,Sounds/spa_tomate.mp3,2020-06-04_15h23.42.745,TranslationElicitation_eng-prolific,3.2.4,Win32,60,serene,,1,0,98,93,1,97
,,,,,,,,,,,,,,,,,,,,,,,,,,,,,,,,,,,,,,,,,e,2.467999935,TOMATE,FALSE,,,,,,,99,tomate,Spanish,Sounds/spa_tomate.mp3,2020-06-04_15h23.42.745,TranslationElicitation_eng-prolific,3.2.4,Win32,60,serene,,1,0,98,93,1,97
,,,,,,,,,,,,,,,,,,,,,,,,,,,,,,,,,,,,,,,,,return,2.701999903,TOMATE,FALSE,,,,,,,99,tomate,Spanish,Sounds/spa_tomate.mp3,2020-06-04_15h23.42.745,TranslationElicitation_eng-prolific,3.2.4,Win32,60,serene,2.701999903,1,0,98,93,1,97
,,,,,,,,,,,,,,,,,,,,,,,,,,,,,,,,,,,,,,,,,,,,,,,,,,,99,tomate,Spanish,Sounds/spa_tomate.mp3,2020-06-04_15h23.42.745,TranslationElicitation_eng-prolific,3.2.4,Win32,60,serene,,1,0,98,93,1,97
,,,,,,,,,,,,,,,,,,,,,,,,,,,,,,,,,,,,,,,,,l,1.684000015,L,FALSE,,,,,,,55,leon,Spanish,Sounds/spa_leon.mp3,2020-06-04_15h23.42.745,TranslationElicitation_eng-prolific,3.2.4,Win32,60,serene,,1,0,98,51,1,97
,,,,,,,,,,,,,,,,,,,,,,,,,,,,,,,,,,,,,,,,,return,1.984999895,L,FALSE,,,,,,,55,leon,Spanish,Sounds/spa_leon.mp3,2020-06-04_15h23.42.745,TranslationElicitation_eng-prolific,3.2.4,Win32,60,serene,1.984999895,1,0,98,51,1,97
,,,,,,,,,,,,,,,,,,,,,,,,,,,,,,,,,,,,,,,,,,,,,,,,,,,55,leon,Spanish,Sounds/spa_leon.mp3,2020-06-04_15h23.42.745,TranslationElicitation_eng-prolific,3.2.4,Win32,60,serene,,1,0,98,51,1,97
,,,,,,,,,,,,,,,,,,,,,,,,,,,,,,,,,,,,,,,,,s,1.483999968,S,FALSE,,,,,,,93,sol,Spanish,Sounds/spa_sol.mp3,2020-06-04_15h23.42.745,TranslationElicitation_eng-prolific,3.2.4,Win32,60,serene,,1,0,98,88,1,97
,,,,,,,,,,,,,,,,,,,,,,,,,,,,,,,,,,,,,,,,,return,1.752000093,S,FALSE,,,,,,,93,sol,Spanish,Sounds/spa_sol.mp3,2020-06-04_15h23.42.745,TranslationElicitation_eng-prolific,3.2.4,Win32,60,serene,1.752000093,1,0,98,88,1,97
,,,,,,,,,,,,,,,,,,,,,,,,,,,,,,,,,,,,,,,,,,,,,,,,,,,93,sol,Spanish,Sounds/spa_sol.mp3,2020-06-04_15h23.42.745,TranslationElicitation_eng-prolific,3.2.4,Win32,60,serene,,1,0,98,88,1,97
,,,,,,,,,,,,,,,,,,,,,,,,,,,,,,,,,,,,,,,,,m,1.267999887,M,FALSE,,,,,,,59,mano,Spanish,Sounds/spa_mano.mp3,2020-06-04_15h23.42.745,TranslationElicitation_eng-prolific,3.2.4,Win32,60,serene,,1,0,98,55,1,97
,,,,,,,,,,,,,,,,,,,,,,,,,,,,,,,,,,,,,,,,,return,1.651000023,M,FALSE,,,,,,,59,mano,Spanish,Sounds/spa_mano.mp3,2020-06-04_15h23.42.745,TranslationElicitation_eng-prolific,3.2.4,Win32,60,serene,1.651000023,1,0,98,55,1,97
,,,,,,,,,,,,,,,,,,,,,,,,,,,,,,,,,,,,,,,,,,,,,,,,,,,59,mano,Spanish,Sounds/spa_mano.mp3,2020-06-04_15h23.42.745,TranslationElicitation_eng-prolific,3.2.4,Win32,60,serene,,1,0,98,55,1,97
,,,,,,,,,,,,,,,,,,,,,,,,,,,,,,,,,,,,,,,,,b,1.51699996,B,FALSE,,,,,,,5,bici,Spanish,Sounds/spa_bici.mp3,2020-06-04_15h23.42.745,TranslationElicitation_eng-prolific,3.2.4,Win32,60,serene,,1,0,98,3,1,97
,,,,,,,,,,,,,,,,,,,,,,,,,,,,,,,,,,,,,,,,,i,1.866999865,BI,FALSE,,,,,,,5,bici,Spanish,Sounds/spa_bici.mp3,2020-06-04_15h23.42.745,TranslationElicitation_eng-prolific,3.2.4,Win32,60,serene,,1,0,98,3,1,97
,,,,,,,,,,,,,,,,,,,,,,,,,,,,,,,,,,,,,,,,,c,2.03399992,BIC,FALSE,,,,,,,5,bici,Spanish,Sounds/spa_bici.mp3,2020-06-04_15h23.42.745,TranslationElicitation_eng-prolific,3.2.4,Win32,60,serene,,1,0,98,3,1,97
,,,,,,,,,,,,,,,,,,,,,,,,,,,,,,,,,,,,,,,,,i,2.184000015,BICI,FALSE,,,,,,,5,bici,Spanish,Sounds/spa_bici.mp3,2020-06-04_15h23.42.745,TranslationElicitation_eng-prolific,3.2.4,Win32,60,serene,,1,0,98,3,1,97
,,,,,,,,,,,,,,,,,,,,,,,,,,,,,,,,,,,,,,,,,return,2.601000071,BICI,FALSE,,,,,,,5,bici,Spanish,Sounds/spa_bici.mp3,2020-06-04_15h23.42.745,TranslationElicitation_eng-prolific,3.2.4,Win32,60,serene,2.601000071,1,0,98,3,1,97
,,,,,,,,,,,,,,,,,,,,,,,,,,,,,,,,,,,,,,,,,,,,,,,,,,,5,bici,Spanish,Sounds/spa_bici.mp3,2020-06-04_15h23.42.745,TranslationElicitation_eng-prolific,3.2.4,Win32,60,serene,,1,0,98,3,1,97
,,,,,,,,,,,,,,,,,,,,,,,,,,,,,,,,,,,,,,,,,l,1.28399992,L,FALSE,,,,,,,51,ladrillo,Spanish,Sounds/spa_ladrillo.mp3,2020-06-04_15h23.42.745,TranslationElicitation_eng-prolific,3.2.4,Win32,60,serene,,1,0,98,47,1,97
,,,,,,,,,,,,,,,,,,,,,,,,,,,,,,,,,,,,,,,,,return,1.53399992,L,FALSE,,,,,,,51,ladrillo,Spanish,Sounds/spa_ladrillo.mp3,2020-06-04_15h23.42.745,TranslationElicitation_eng-prolific,3.2.4,Win32,60,serene,1.53399992,1,0,98,47,1,97
,,,,,,,,,,,,,,,,,,,,,,,,,,,,,,,,,,,,,,,,,,,,,,,,,,,51,ladrillo,Spanish,Sounds/spa_ladrillo.mp3,2020-06-04_15h23.42.745,TranslationElicitation_eng-prolific,3.2.4,Win32,60,serene,,1,0,98,47,1,97
,,,,,,,,,,,,,,,,,,,,,,,,,,,,,,,,,,,,,,,,,l,1.467000008,L,FALSE,,,,,,,54,lengua,Spanish,Sounds/spa_lengua.mp3,2020-06-04_15h23.42.745,TranslationElicitation_eng-prolific,3.2.4,Win32,60,serene,,1,0,98,50,1,97
,,,,,,,,,,,,,,,,,,,,,,,,,,,,,,,,,,,,,,,,,return,1.907000065,L,FALSE,,,,,,,54,lengua,Spanish,Sounds/spa_lengua.mp3,2020-06-04_15h23.42.745,TranslationElicitation_eng-prolific,3.2.4,Win32,60,serene,1.907000065,1,0,98,50,1,97
,,,,,,,,,,,,,,,,,,,,,,,,,,,,,,,,,,,,,,,,,,,,,,,,,,,54,lengua,Spanish,Sounds/spa_lengua.mp3,2020-06-04_15h23.42.745,TranslationElicitation_eng-prolific,3.2.4,Win32,60,serene,,1,0,98,50,1,97
,,,,,,,,,,,,,,,,,,,,,,,,,,,,,,,,,,,,,,,,,p,1.167000055,P,FALSE,,,,,,,84,pie,Spanish,Sounds/spa_pie.mp3,2020-06-04_15h23.42.745,TranslationElicitation_eng-prolific,3.2.4,Win32,60,serene,,1,0,98,79,1,97
,,,,,,,,,,,,,,,,,,,,,,,,,,,,,,,,,,,,,,,,,return,1.601999998,P,FALSE,,,,,,,84,pie,Spanish,Sounds/spa_pie.mp3,2020-06-04_15h23.42.745,TranslationElicitation_eng-prolific,3.2.4,Win32,60,serene,1.601999998,1,0,98,79,1,97
,,,,,,,,,,,,,,,,,,,,,,,,,,,,,,,,,,,,,,,,,,,,,,,,,,,84,pie,Spanish,Sounds/spa_pie.mp3,2020-06-04_15h23.42.745,TranslationElicitation_eng-prolific,3.2.4,Win32,60,serene,,1,0,98,79,1,97
,,,,,,,,,,,,,,,,,,,,,,,,,,,,,,,,,,,,,,,,,t,1.434000015,T,FALSE,,,,,,,95,tenedor,Spanish,Sounds/spa_tenedor.mp3,2020-06-04_15h23.42.745,TranslationElicitation_eng-prolific,3.2.4,Win32,60,serene,,1,0,98,90,1,97
,,,,,,,,,,,,,,,,,,,,,,,,,,,,,,,,,,,,,,,,,return,2.101000071,T,FALSE,,,,,,,95,tenedor,Spanish,Sounds/spa_tenedor.mp3,2020-06-04_15h23.42.745,TranslationElicitation_eng-prolific,3.2.4,Win32,60,serene,2.101000071,1,0,98,90,1,97
,,,,,,,,,,,,,,,,,,,,,,,,,,,,,,,,,,,,,,,,,,,,,,,,,,,95,tenedor,Spanish,Sounds/spa_tenedor.mp3,2020-06-04_15h23.42.745,TranslationElicitation_eng-prolific,3.2.4,Win32,60,serene,,1,0,98,90,1,97
,,,,,,,,,,,,,,,,,,,,,,,,,,,,,,,,,,,,,,,,,p,1.233999968,P,FALSE,,,,,,,87,platano,Spanish,Sounds/spa_platano.mp3,2020-06-04_15h23.42.745,TranslationElicitation_eng-prolific,3.2.4,Win32,60,serene,,1,0,98,82,1,97
,,,,,,,,,,,,,,,,,,,,,,,,,,,,,,,,,,,,,,,,,return,1.55099988,P,FALSE,,,,,,,87,platano,Spanish,Sounds/spa_platano.mp3,2020-06-04_15h23.42.745,TranslationElicitation_eng-prolific,3.2.4,Win32,60,serene,1.55099988,1,0,98,82,1,97
,,,,,,,,,,,,,,,,,,,,,,,,,,,,,,,,,,,,,,,,,,,,,,,,,,,87,platano,Spanish,Sounds/spa_platano.mp3,2020-06-04_15h23.42.745,TranslationElicitation_eng-prolific,3.2.4,Win32,60,serene,,1,0,98,82,1,97
,,,,,,,,,,,,,,,,,,,,,,,,,,,,,,,,,,,,,,,,,l,1.700000048,L,FALSE,,,,,,,58,luna,Spanish,Sounds/spa_luna.mp3,2020-06-04_15h23.42.745,TranslationElicitation_eng-prolific,3.2.4,Win32,60,serene,,1,0,98,54,1,97
,,,,,,,,,,,,,,,,,,,,,,,,,,,,,,,,,,,,,,,,,return,2.051000118,L,FALSE,,,,,,,58,luna,Spanish,Sounds/spa_luna.mp3,2020-06-04_15h23.42.745,TranslationElicitation_eng-prolific,3.2.4,Win32,60,serene,2.051000118,1,0,98,54,1,97
,,,,,,,,,,,,,,,,,,,,,,,,,,,,,,,,,,,,,,,,,,,,,,,,,,,58,luna,Spanish,Sounds/spa_luna.mp3,2020-06-04_15h23.42.745,TranslationElicitation_eng-prolific,3.2.4,Win32,60,serene,,1,0,98,54,1,97
,,,,,,,,,,,,,,,,,,,,,,,,,,,,,,,,,,,,,,,,,p,1.450999975,P,FALSE,,,,,,,82,perro,Spanish,Sounds/spa_perro.mp3,2020-06-04_15h23.42.745,TranslationElicitation_eng-prolific,3.2.4,Win32,60,serene,,1,0,98,77,1,97
,,,,,,,,,,,,,,,,,,,,,,,,,,,,,,,,,,,,,,,,,return,1.733999968,P,FALSE,,,,,,,82,perro,Spanish,Sounds/spa_perro.mp3,2020-06-04_15h23.42.745,TranslationElicitation_eng-prolific,3.2.4,Win32,60,serene,1.733999968,1,0,98,77,1,97
,,,,,,,,,,,,,,,,,,,,,,,,,,,,,,,,,,,,,,,,,,,,,,,,,,,82,perro,Spanish,Sounds/spa_perro.mp3,2020-06-04_15h23.42.745,TranslationElicitation_eng-prolific,3.2.4,Win32,60,serene,,1,0,98,77,1,97
,,,,,,,,,,,,,,,,,,,,,,,,,,,,,,,,,,,,,,,,,t,1.467000008,T,FALSE,,,,,,,97,tijeras,Spanish,Sounds/spa_tijeras.mp3,2020-06-04_15h23.42.745,TranslationElicitation_eng-prolific,3.2.4,Win32,60,serene,,1,0,98,91,1,97
,,,,,,,,,,,,,,,,,,,,,,,,,,,,,,,,,,,,,,,,,return,2.051000118,T,FALSE,,,,,,,97,tijeras,Spanish,Sounds/spa_tijeras.mp3,2020-06-04_15h23.42.745,TranslationElicitation_eng-prolific,3.2.4,Win32,60,serene,2.051000118,1,0,98,91,1,97
,,,,,,,,,,,,,,,,,,,,,,,,,,,,,,,,,,,,,,,,,,,,,,,,,,,97,tijeras,Spanish,Sounds/spa_tijeras.mp3,2020-06-04_15h23.42.745,TranslationElicitation_eng-prolific,3.2.4,Win32,60,serene,,1,0,98,91,1,97
,,,,,,,,,,,,,,,,,,,,,,,,,,,,,,,,,,,,,,,,,g,1.399999857,G,FALSE,,,,,,,43,globo,Spanish,Sounds/spa_globo.mp3,2020-06-04_15h23.42.745,TranslationElicitation_eng-prolific,3.2.4,Win32,60,serene,,1,0,98,39,1,97
,,,,,,,,,,,,,,,,,,,,,,,,,,,,,,,,,,,,,,,,,return,1.700999975,G,FALSE,,,,,,,43,globo,Spanish,Sounds/spa_globo.mp3,2020-06-04_15h23.42.745,TranslationElicitation_eng-prolific,3.2.4,Win32,60,serene,1.700999975,1,0,98,39,1,97
,,,,,,,,,,,,,,,,,,,,,,,,,,,,,,,,,,,,,,,,,,,,,,,,,,,43,globo,Spanish,Sounds/spa_globo.mp3,2020-06-04_15h23.42.745,TranslationElicitation_eng-prolific,3.2.4,Win32,60,serene,,1,0,98,39,1,97
,,,,,,,,,,,,,,,,,,,,,,,,,,,,,,,,,,,,,,,,,d,1.401000023,D,FALSE,,,,,,,33,dedo,Spanish,Sounds/spa_dedo.mp3,2020-06-04_15h23.42.745,TranslationElicitation_eng-prolific,3.2.4,Win32,60,serene,,1,0,98,29,1,97
,,,,,,,,,,,,,,,,,,,,,,,,,,,,,,,,,,,,,,,,,return,1.651000023,D,FALSE,,,,,,,33,dedo,Spanish,Sounds/spa_dedo.mp3,2020-06-04_15h23.42.745,TranslationElicitation_eng-prolific,3.2.4,Win32,60,serene,1.651000023,1,0,98,29,1,97
,,,,,,,,,,,,,,,,,,,,,,,,,,,,,,,,,,,,,,,,,,,,,,,,,,,33,dedo,Spanish,Sounds/spa_dedo.mp3,2020-06-04_15h23.42.745,TranslationElicitation_eng-prolific,3.2.4,Win32,60,serene,,1,0,98,29,1,97
,,,,,,,,,,,,,,,,,,,,,,,,,,,,,,,,,,,,,,,,,t,1.750999928,T,FALSE,,,,,,,101,tren,Spanish,Sounds/spa_tren.mp3,2020-06-04_15h23.42.745,TranslationElicitation_eng-prolific,3.2.4,Win32,60,serene,,1,0,98,95,1,97
,,,,,,,,,,,,,,,,,,,,,,,,,,,,,,,,,,,,,,,,,return,2.05099988,T,FALSE,,,,,,,101,tren,Spanish,Sounds/spa_tren.mp3,2020-06-04_15h23.42.745,TranslationElicitation_eng-prolific,3.2.4,Win32,60,serene,2.05099988,1,0,98,95,1,97
,,,,,,,,,,,,,,,,,,,,,,,,,,,,,,,,,,,,,,,,,,,,,,,,,,,101,tren,Spanish,Sounds/spa_tren.mp3,2020-06-04_15h23.42.745,TranslationElicitation_eng-prolific,3.2.4,Win32,60,serene,,1,0,98,95,1,97
,,,,,,,,,,,,,,,,,,,,,,,,,,,,,,,,,,,,,,,,,b,1.717999935,B,FALSE,,,,,,,7,bocadillo,Spanish,Sounds/spa_bocadillo.mp3,2020-06-04_15h23.42.745,TranslationElicitation_eng-prolific,3.2.4,Win32,60,serene,,1,0,98,5,1,97
,,,,,,,,,,,,,,,,,,,,,,,,,,,,,,,,,,,,,,,,,return,1.967999935,B,FALSE,,,,,,,7,bocadillo,Spanish,Sounds/spa_bocadillo.mp3,2020-06-04_15h23.42.745,TranslationElicitation_eng-prolific,3.2.4,Win32,60,serene,1.967999935,1,0,98,5,1,97
,,,,,,,,,,,,,,,,,,,,,,,,,,,,,,,,,,,,,,,,,,,,,,,,,,,7,bocadillo,Spanish,Sounds/spa_bocadillo.mp3,2020-06-04_15h23.42.745,TranslationElicitation_eng-prolific,3.2.4,Win32,60,serene,,1,0,98,5,1,97
,,,,,,,,,,,,,,,,,,,,,,,,,,,,,,,,,,,,,,,,,c,1.28399992,C,FALSE,,,,,,,28,cielo,Spanish,Sounds/spa_cielo.mp3,2020-06-04_15h23.42.745,TranslationElicitation_eng-prolific,3.2.4,Win32,60,serene,,1,0,98,25,1,97
,,,,,,,,,,,,,,,,,,,,,,,,,,,,,,,,,,,,,,,,,return,1.717999935,C,FALSE,,,,,,,28,cielo,Spanish,Sounds/spa_cielo.mp3,2020-06-04_15h23.42.745,TranslationElicitation_eng-prolific,3.2.4,Win32,60,serene,1.717999935,1,0,98,25,1,97
,,,,,,,,,,,,,,,,,,,,,,,,,,,,,,,,,,,,,,,,,,,,,,,,,,,28,cielo,Spanish,Sounds/spa_cielo.mp3,2020-06-04_15h23.42.745,TranslationElicitation_eng-prolific,3.2.4,Win32,60,serene,,1,0,98,25,1,97
,,,,,,,,,,,,,,,,,,,,,,,,,,,,,,,,,,,,,,,,,k,1.550000191,K,FALSE,,,,,,,16,caja,Spanish,Sounds/spa_caja.mp3,2020-06-04_15h23.42.745,TranslationElicitation_eng-prolific,3.2.4,Win32,60,serene,,1,0,98,14,1,97
,,,,,,,,,,,,,,,,,,,,,,,,,,,,,,,,,,,,,,,,,return,1.833000183,K,FALSE,,,,,,,16,caja,Spanish,Sounds/spa_caja.mp3,2020-06-04_15h23.42.745,TranslationElicitation_eng-prolific,3.2.4,Win32,60,serene,1.833000183,1,0,98,14,1,97
,,,,,,,,,,,,,,,,,,,,,,,,,,,,,,,,,,,,,,,,,,,,,,,,,,,16,caja,Spanish,Sounds/spa_caja.mp3,2020-06-04_15h23.42.745,TranslationElicitation_eng-prolific,3.2.4,Win32,60,serene,,1,0,98,14,1,97
,,,,,,,,,,,,,,,,,,,,,,,,,,,,,,,,,,,,,,,,,k,1.651000023,K,FALSE,,,,,,,31,cubo,Spanish,Sounds/spa_cubo.mp3,2020-06-04_15h23.42.745,TranslationElicitation_eng-prolific,3.2.4,Win32,60,serene,,1,0,98,27,1,97
,,,,,,,,,,,,,,,,,,,,,,,,,,,,,,,,,,,,,,,,,return,2.868999958,K,FALSE,,,,,,,31,cubo,Spanish,Sounds/spa_cubo.mp3,2020-06-04_15h23.42.745,TranslationElicitation_eng-prolific,3.2.4,Win32,60,serene,2.868999958,1,0,98,27,1,97
,,,,,,,,,,,,,,,,,,,,,,,,,,,,,,,,,,,,,,,,,,,,,,,,,,,31,cubo,Spanish,Sounds/spa_cubo.mp3,2020-06-04_15h23.42.745,TranslationElicitation_eng-prolific,3.2.4,Win32,60,serene,,1,0,98,27,1,97
,,,,,,,,,,,,,,,,,,,,,,,,,,,,,,,,,,,,,,,,,p,1.463999987,P,FALSE,,,,,,,75,pan,Spanish,Sounds/spa_pan.mp3,2020-06-04_15h23.42.745,TranslationElicitation_eng-prolific,3.2.4,Win32,60,serene,,1,0,98,70,1,97
,,,,,,,,,,,,,,,,,,,,,,,,,,,,,,,,,,,,,,,,,return,1.664999962,P,FALSE,,,,,,,75,pan,Spanish,Sounds/spa_pan.mp3,2020-06-04_15h23.42.745,TranslationElicitation_eng-prolific,3.2.4,Win32,60,serene,1.664999962,1,0,98,70,1,97
,,,,,,,,,,,,,,,,,,,,,,,,,,,,,,,,,,,,,,,,,,,,,,,,,,,75,pan,Spanish,Sounds/spa_pan.mp3,2020-06-04_15h23.42.745,TranslationElicitation_eng-prolific,3.2.4,Win32,60,serene,,1,0,98,70,1,97
,,,,,,,,,,,,,,,,,,,,,,,,,,,,,,,,,,,,,,,,,f,1.467000008,F,FALSE,,,,,,,38,frambuesa,Spanish,Sounds/spa_frambuesa.mp3,2020-06-04_15h23.42.745,TranslationElicitation_eng-prolific,3.2.4,Win32,60,serene,,1,0,98,34,1,97
,,,,,,,,,,,,,,,,,,,,,,,,,,,,,,,,,,,,,,,,,return,1.750999928,F,FALSE,,,,,,,38,frambuesa,Spanish,Sounds/spa_frambuesa.mp3,2020-06-04_15h23.42.745,TranslationElicitation_eng-prolific,3.2.4,Win32,60,serene,1.750999928,1,0,98,34,1,97
,,,,,,,,,,,,,,,,,,,,,,,,,,,,,,,,,,,,,,,,,,,,,,,,,,,38,frambuesa,Spanish,Sounds/spa_frambuesa.mp3,2020-06-04_15h23.42.745,TranslationElicitation_eng-prolific,3.2.4,Win32,60,serene,,1,0,98,34,1,97
,,,,,,,,,,,,,,,,,,,,,,,,,,,,,,,,,,,,,,,,,c,1.301000118,C,FALSE,,,,,,,22,cepillo,Spanish,Sounds/spa_cepillo.mp3,2020-06-04_15h23.42.745,TranslationElicitation_eng-prolific,3.2.4,Win32,60,serene,,1,0,98,20,1,97
,,,,,,,,,,,,,,,,,,,,,,,,,,,,,,,,,,,,,,,,,return,1.603000164,C,FALSE,,,,,,,22,cepillo,Spanish,Sounds/spa_cepillo.mp3,2020-06-04_15h23.42.745,TranslationElicitation_eng-prolific,3.2.4,Win32,60,serene,1.603000164,1,0,98,20,1,97
,,,,,,,,,,,,,,,,,,,,,,,,,,,,,,,,,,,,,,,,,,,,,,,,,,,22,cepillo,Spanish,Sounds/spa_cepillo.mp3,2020-06-04_15h23.42.745,TranslationElicitation_eng-prolific,3.2.4,Win32,60,serene,,1,0,98,20,1,97
,,,,,,,,,,,,,,,,,,,,,,,,,,,,,,,,,,,,,,,,,p,1.38499999,P,FALSE,,,,,,,79,patata,Spanish,Sounds/spa_patata.mp3,2020-06-04_15h23.42.745,TranslationElicitation_eng-prolific,3.2.4,Win32,60,serene,,1,0,98,74,1,97
,,,,,,,,,,,,,,,,,,,,,,,,,,,,,,,,,,,,,,,,,return,1.667000055,P,FALSE,,,,,,,79,patata,Spanish,Sounds/spa_patata.mp3,2020-06-04_15h23.42.745,TranslationElicitation_eng-prolific,3.2.4,Win32,60,serene,1.667000055,1,0,98,74,1,97
,,,,,,,,,,,,,,,,,,,,,,,,,,,,,,,,,,,,,,,,,,,,,,,,,,,79,patata,Spanish,Sounds/spa_patata.mp3,2020-06-04_15h23.42.745,TranslationElicitation_eng-prolific,3.2.4,Win32,60,serene,,1,0,98,74,1,97
,,,,,,,,,,,,,,,,,,,,,,,,,,,,,,,,,,,,,,,,,m,1.267999887,M,FALSE,,,,,,,66,moto,Spanish,Sounds/spa_moto.mp3,2020-06-04_15h23.42.745,TranslationElicitation_eng-prolific,3.2.4,Win32,60,serene,,1,0,98,62,1,97
,,,,,,,,,,,,,,,,,,,,,,,,,,,,,,,,,,,,,,,,,return,1.568000078,M,FALSE,,,,,,,66,moto,Spanish,Sounds/spa_moto.mp3,2020-06-04_15h23.42.745,TranslationElicitation_eng-prolific,3.2.4,Win32,60,serene,1.568000078,1,0,98,62,1,97
,,,,,,,,,,,,,,,,,,,,,,,,,,,,,,,,,,,,,,,,,,,,,,,,,,,66,moto,Spanish,Sounds/spa_moto.mp3,2020-06-04_15h23.42.745,TranslationElicitation_eng-prolific,3.2.4,Win32,60,serene,,1,0,98,62,1,97
,,,,,,,,,,,,,,,,,,,,,,,,,,,,,,,,,,,,,,,,,t,1.200999975,T,FALSE,,,,,,,94,tambor,Spanish,Sounds/spa_tambor.mp3,2020-06-04_15h23.42.745,TranslationElicitation_eng-prolific,3.2.4,Win32,60,serene,,1,0,98,89,1,97
,,,,,,,,,,,,,,,,,,,,,,,,,,,,,,,,,,,,,,,,,return,1.450999975,T,FALSE,,,,,,,94,tambor,Spanish,Sounds/spa_tambor.mp3,2020-06-04_15h23.42.745,TranslationElicitation_eng-prolific,3.2.4,Win32,60,serene,1.450999975,1,0,98,89,1,97
,,,,,,,,,,,,,,,,,,,,,,,,,,,,,,,,,,,,,,,,,,,,,,,,,,,94,tambor,Spanish,Sounds/spa_tambor.mp3,2020-06-04_15h23.42.745,TranslationElicitation_eng-prolific,3.2.4,Win32,60,serene,,1,0,98,89,1,97
,,,,,,,,,,,,,,,,,,,,,,,,,,,,,,,,,,,,,,,,,b,1.401000023,B,FALSE,,,,,,,12,brazo,Spanish,Sounds/spa_brazo.mp3,2020-06-04_15h23.42.745,TranslationElicitation_eng-prolific,3.2.4,Win32,60,serene,,1,0,98,10,1,97
,,,,,,,,,,,,,,,,,,,,,,,,,,,,,,,,,,,,,,,,,return,1.56799984,B,FALSE,,,,,,,12,brazo,Spanish,Sounds/spa_brazo.mp3,2020-06-04_15h23.42.745,TranslationElicitation_eng-prolific,3.2.4,Win32,60,serene,1.56799984,1,0,98,10,1,97
,,,,,,,,,,,,,,,,,,,,,,,,,,,,,,,,,,,,,,,,,,,,,,,,,,,12,brazo,Spanish,Sounds/spa_brazo.mp3,2020-06-04_15h23.42.745,TranslationElicitation_eng-prolific,3.2.4,Win32,60,serene,,1,0,98,10,1,97
,,,,,,,,,,,,,,,,,,,,,,,,,,,,,,,,,,,,,,,,,g,3.468000174,G,FALSE,,,,,,,50,jirafa,Spanish,Sounds/spa_jirafa.mp3,2020-06-04_15h23.42.745,TranslationElicitation_eng-prolific,3.2.4,Win32,60,serene,,1,0,98,46,1,97
,,,,,,,,,,,,,,,,,,,,,,,,,,,,,,,,,,,,,,,,,return,3.819000006,G,FALSE,,,,,,,50,jirafa,Spanish,Sounds/spa_jirafa.mp3,2020-06-04_15h23.42.745,TranslationElicitation_eng-prolific,3.2.4,Win32,60,serene,3.819000006,1,0,98,46,1,97
,,,,,,,,,,,,,,,,,,,,,,,,,,,,,,,,,,,,,,,,,,,,,,,,,,,50,jirafa,Spanish,Sounds/spa_jirafa.mp3,2020-06-04_15h23.42.745,TranslationElicitation_eng-prolific,3.2.4,Win32,60,serene,,1,0,98,46,1,97
,,,,,,,,,,,,,,,,,,,,,,,,,,,,,,,,,,,,,,,,,e,1.451000214,E,FALSE,,,,,,,35,esponja,Spanish,Sounds/spa_esponja.mp3,2020-06-04_15h23.42.745,TranslationElicitation_eng-prolific,3.2.4,Win32,60,serene,,1,0,98,31,1,97
,,,,,,,,,,,,,,,,,,,,,,,,,,,,,,,,,,,,,,,,,return,1.667000055,E,FALSE,,,,,,,35,esponja,Spanish,Sounds/spa_esponja.mp3,2020-06-04_15h23.42.745,TranslationElicitation_eng-prolific,3.2.4,Win32,60,serene,1.667000055,1,0,98,31,1,97
,,,,,,,,,,,,,,,,,,,,,,,,,,,,,,,,,,,,,,,,,,,,,,,,,,,35,esponja,Spanish,Sounds/spa_esponja.mp3,2020-06-04_15h23.42.745,TranslationElicitation_eng-prolific,3.2.4,Win32,60,serene,,1,0,98,31,1,97
,,,,,,,,,,,,,,,,,,,,,,,,,,,,,,,,,,,,,,,,,o,1.100000143,O,FALSE,,,,,,,72,osito,Spanish,Sounds/spa_osito.mp3,2020-06-04_15h23.42.745,TranslationElicitation_eng-prolific,3.2.4,Win32,60,serene,,1,0,98,67,1,97
,,,,,,,,,,,,,,,,,,,,,,,,,,,,,,,,,,,,,,,,,return,1.367000103,O,FALSE,,,,,,,72,osito,Spanish,Sounds/spa_osito.mp3,2020-06-04_15h23.42.745,TranslationElicitation_eng-prolific,3.2.4,Win32,60,serene,1.367000103,1,0,98,67,1,97
,,,,,,,,,,,,,,,,,,,,,,,,,,,,,,,,,,,,,,,,,,,,,,,,,,,72,osito,Spanish,Sounds/spa_osito.mp3,2020-06-04_15h23.42.745,TranslationElicitation_eng-prolific,3.2.4,Win32,60,serene,,1,0,98,67,1,97
,,,,,,,,,,,,,,,,,,,,,,,,,,,,,,,,,,,,,,,,,e,1.434000015,E,FALSE,,,,,,,36,estrella,Spanish,Sounds/spa_estrella.mp3,2020-06-04_15h23.42.745,TranslationElicitation_eng-prolific,3.2.4,Win32,60,serene,,1,0,98,32,1,97
,,,,,,,,,,,,,,,,,,,,,,,,,,,,,,,,,,,,,,,,,return,1.867000103,E,FALSE,,,,,,,36,estrella,Spanish,Sounds/spa_estrella.mp3,2020-06-04_15h23.42.745,TranslationElicitation_eng-prolific,3.2.4,Win32,60,serene,1.867000103,1,0,98,32,1,97
,,,,,,,,,,,,,,,,,,,,,,,,,,,,,,,,,,,,,,,,,,,,,,,,,,,36,estrella,Spanish,Sounds/spa_estrella.mp3,2020-06-04_15h23.42.745,TranslationElicitation_eng-prolific,3.2.4,Win32,60,serene,,1,0,98,32,1,97
,,,,,,,,,,,,,,,,,,,,,,,,,,,,,,,,,,,,,,,,,l,1.884000063,L,FALSE,,,,,,,56,libro,Spanish,Sounds/spa_libro.mp3,2020-06-04_15h23.42.745,TranslationElicitation_eng-prolific,3.2.4,Win32,60,serene,,1,0,98,52,1,97
,,,,,,,,,,,,,,,,,,,,,,,,,,,,,,,,,,,,,,,,,return,2.184000015,L,FALSE,,,,,,,56,libro,Spanish,Sounds/spa_libro.mp3,2020-06-04_15h23.42.745,TranslationElicitation_eng-prolific,3.2.4,Win32,60,serene,2.184000015,1,0,98,52,1,97
,,,,,,,,,,,,,,,,,,,,,,,,,,,,,,,,,,,,,,,,,,,,,,,,,,,56,libro,Spanish,Sounds/spa_libro.mp3,2020-06-04_15h23.42.745,TranslationElicitation_eng-prolific,3.2.4,Win32,60,serene,,1,0,98,52,1,97
,,,,,,,,,,,,,,,,,,,,,,,,,,,,,,,,,,,,,,,,,p,1.134000063,P,FALSE,,,,,,,80,pato,Spanish,Sounds/spa_pato.mp3,2020-06-04_15h23.42.745,TranslationElicitation_eng-prolific,3.2.4,Win32,60,serene,,1,0,98,75,1,97
,,,,,,,,,,,,,,,,,,,,,,,,,,,,,,,,,,,,,,,,,return,1.434000015,P,FALSE,,,,,,,80,pato,Spanish,Sounds/spa_pato.mp3,2020-06-04_15h23.42.745,TranslationElicitation_eng-prolific,3.2.4,Win32,60,serene,1.434000015,1,0,98,75,1,97
,,,,,,,,,,,,,,,,,,,,,,,,,,,,,,,,,,,,,,,,,,,,,,,,,,,80,pato,Spanish,Sounds/spa_pato.mp3,2020-06-04_15h23.42.745,TranslationElicitation_eng-prolific,3.2.4,Win32,60,serene,,1,0,98,75,1,97
,,,,,,,,,,,,,,,,,,,,,,,,,,,,,,,,,,,,,,,,,g,1.384000063,G,FALSE,,,,,,,42,gato,Spanish,Sounds/spa_gato.mp3,2020-06-04_15h23.42.745,TranslationElicitation_eng-prolific,3.2.4,Win32,60,serene,,1,0,98,38,1,97
,,,,,,,,,,,,,,,,,,,,,,,,,,,,,,,,,,,,,,,,,return,1.550000191,G,FALSE,,,,,,,42,gato,Spanish,Sounds/spa_gato.mp3,2020-06-04_15h23.42.745,TranslationElicitation_eng-prolific,3.2.4,Win32,60,serene,1.550000191,1,0,98,38,1,97
,,,,,,,,,,,,,,,,,,,,,,,,,,,,,,,,,,,,,,,,,,,,,,,,,,,42,gato,Spanish,Sounds/spa_gato.mp3,2020-06-04_15h23.42.745,TranslationElicitation_eng-prolific,3.2.4,Win32,60,serene,,1,0,98,38,1,97
,,,,,,,,,,,,,,,,,,,,,,,,,,,,,,,,,,,,,,,,,b,1.616999865,B,FALSE,,,,,,,11,boton,Spanish,Sounds/spa_boton.mp3,2020-06-04_15h23.42.745,TranslationElicitation_eng-prolific,3.2.4,Win32,60,serene,,1,0,98,9,1,97
,,,,,,,,,,,,,,,,,,,,,,,,,,,,,,,,,,,,,,,,,return,1.851000071,B,FALSE,,,,,,,11,boton,Spanish,Sounds/spa_boton.mp3,2020-06-04_15h23.42.745,TranslationElicitation_eng-prolific,3.2.4,Win32,60,serene,1.851000071,1,0,98,9,1,97
,,,,,,,,,,,,,,,,,,,,,,,,,,,,,,,,,,,,,,,,,,,,,,,,,,,11,boton,Spanish,Sounds/spa_boton.mp3,2020-06-04_15h23.42.745,TranslationElicitation_eng-prolific,3.2.4,Win32,60,serene,,1,0,98,9,1,97
,,,,,,,,,,,,,,,,,,,,,,,,,,,,,,,,,,,,,,,,,p,1.350999832,P,FALSE,,,,,,,77,pantalon,Spanish,Sounds/spa_pantalon.mp3,2020-06-04_15h23.42.745,TranslationElicitation_eng-prolific,3.2.4,Win32,60,serene,,1,0,98,72,1,97
,,,,,,,,,,,,,,,,,,,,,,,,,,,,,,,,,,,,,,,,,return,1.600999832,P,FALSE,,,,,,,77,pantalon,Spanish,Sounds/spa_pantalon.mp3,2020-06-04_15h23.42.745,TranslationElicitation_eng-prolific,3.2.4,Win32,60,serene,1.600999832,1,0,98,72,1,97
,,,,,,,,,,,,,,,,,,,,,,,,,,,,,,,,,,,,,,,,,,,,,,,,,,,77,pantalon,Spanish,Sounds/spa_pantalon.mp3,2020-06-04_15h23.42.745,TranslationElicitation_eng-prolific,3.2.4,Win32,60,serene,,1,0,98,72,1,97
,,,,,,,,,,,,,,,,,,,,,,,,,,,,,,,,,,,,,,,,,h,1.450999975,H,FALSE,,,,,,,49,hormiga,Spanish,Sounds/spa_hormiga.mp3,2020-06-04_15h23.42.745,TranslationElicitation_eng-prolific,3.2.4,Win32,60,serene,,1,0,98,45,1,97
,,,,,,,,,,,,,,,,,,,,,,,,,,,,,,,,,,,,,,,,,return,1.700999975,H,FALSE,,,,,,,49,hormiga,Spanish,Sounds/spa_hormiga.mp3,2020-06-04_15h23.42.745,TranslationElicitation_eng-prolific,3.2.4,Win32,60,serene,1.700999975,1,0,98,45,1,97
,,,,,,,,,,,,,,,,,,,,,,,,,,,,,,,,,,,,,,,,,,,,,,,,,,,49,hormiga,Spanish,Sounds/spa_hormiga.mp3,2020-06-04_15h23.42.745,TranslationElicitation_eng-prolific,3.2.4,Win32,60,serene,,1,0,98,45,1,97
,,,,,,,,,,,,,,,,,,,,,,,,,,,,,,,,,,,,,,,,,p,1.432999849,P,FALSE,,,,,,,78,pastel,Spanish,Sounds/spa_pastel.mp3,2020-06-04_15h23.42.745,TranslationElicitation_eng-prolific,3.2.4,Win32,60,serene,,1,0,98,73,1,97
,,,,,,,,,,,,,,,,,,,,,,,,,,,,,,,,,,,,,,,,,return,1.715999842,P,FALSE,,,,,,,78,pastel,Spanish,Sounds/spa_pastel.mp3,2020-06-04_15h23.42.745,TranslationElicitation_eng-prolific,3.2.4,Win32,60,serene,1.715999842,1,0,98,73,1,97
,,,,,,,,,,,,,,,,,,,,,,,,,,,,,,,,,,,,,,,,,,,,,,,,,,,78,pastel,Spanish,Sounds/spa_pastel.mp3,2020-06-04_15h23.42.745,TranslationElicitation_eng-prolific,3.2.4,Win32,60,serene,,1,0,98,73,1,97
,,,,,,,,,,,,,,,,,,,,,,,,,,,,,,,,,,,,,,,,,p,1.434000015,P,FALSE,,,,,,,85,pierna,Spanish,Sounds/spa_pierna.mp3,2020-06-04_15h23.42.745,TranslationElicitation_eng-prolific,3.2.4,Win32,60,serene,,1,0,98,80,1,97
,,,,,,,,,,,,,,,,,,,,,,,,,,,,,,,,,,,,,,,,,return,1.750999928,P,FALSE,,,,,,,85,pierna,Spanish,Sounds/spa_pierna.mp3,2020-06-04_15h23.42.745,TranslationElicitation_eng-prolific,3.2.4,Win32,60,serene,1.750999928,1,0,98,80,1,97
,,,,,,,,,,,,,,,,,,,,,,,,,,,,,,,,,,,,,,,,,,,,,,,,,,,85,pierna,Spanish,Sounds/spa_pierna.mp3,2020-06-04_15h23.42.745,TranslationElicitation_eng-prolific,3.2.4,Win32,60,serene,,1,0,98,80,1,97
,,,,,,,,,,,,,,,,,,,,,,,,,,,,,,,,,,,,,,,,,m,1.617000103,M,FALSE,,,,,,,65,mono,Spanish,Sounds/spa_mono.mp3,2020-06-04_15h23.42.745,TranslationElicitation_eng-prolific,3.2.4,Win32,60,serene,,1,0,98,61,1,97
,,,,,,,,,,,,,,,,,,,,,,,,,,,,,,,,,,,,,,,,,return,1.835000038,M,FALSE,,,,,,,65,mono,Spanish,Sounds/spa_mono.mp3,2020-06-04_15h23.42.745,TranslationElicitation_eng-prolific,3.2.4,Win32,60,serene,1.835000038,1,0,98,61,1,97
,,,,,,,,,,,,,,,,,,,,,,,,,,,,,,,,,,,,,,,,,,,,,,,,,,,65,mono,Spanish,Sounds/spa_mono.mp3,2020-06-04_15h23.42.745,TranslationElicitation_eng-prolific,3.2.4,Win32,60,serene,,1,0,98,61,1,97
,,,,,,,,,,,,,,,,,,,,,,,,,,,,,,,,,,,,,,,,,g,1.53399992,G,FALSE,,,,,,,45,gorro,Spanish,Sounds/spa_gorro.mp3,2020-06-04_15h23.42.745,TranslationElicitation_eng-prolific,3.2.4,Win32,60,serene,,1,0,98,41,1,97
,,,,,,,,,,,,,,,,,,,,,,,,,,,,,,,,,,,,,,,,,return,1.884000063,G,FALSE,,,,,,,45,gorro,Spanish,Sounds/spa_gorro.mp3,2020-06-04_15h23.42.745,TranslationElicitation_eng-prolific,3.2.4,Win32,60,serene,1.884000063,1,0,98,41,1,97
,,,,,,,,,,,,,,,,,,,,,,,,,,,,,,,,,,,,,,,,,,,,,,,,,,,45,gorro,Spanish,Sounds/spa_gorro.mp3,2020-06-04_15h23.42.745,TranslationElicitation_eng-prolific,3.2.4,Win32,60,serene,,1,0,98,41,1,97
,,,,,,,,,,,,,,,,,,,,,,,,,,,,,,,,,,,,,,,,,b,1.55099988,B,FALSE,,,,,,,102,ventana,Spanish,Sounds/spa_ventana.mp3,2020-06-04_15h23.42.745,TranslationElicitation_eng-prolific,3.2.4,Win32,60,serene,,1,0,98,96,1,97
,,,,,,,,,,,,,,,,,,,,,,,,,,,,,,,,,,,,,,,,,backspace,2.117999792,,TRUE,,,,,,,102,ventana,Spanish,Sounds/spa_ventana.mp3,2020-06-04_15h23.42.745,TranslationElicitation_eng-prolific,3.2.4,Win32,60,serene,,1,0,98,96,1,97
,,,,,,,,,,,,,,,,,,,,,,,,,,,,,,,,,,,,,,,,,v,2.56799984,V,TRUE,,,,,,,102,ventana,Spanish,Sounds/spa_ventana.mp3,2020-06-04_15h23.42.745,TranslationElicitation_eng-prolific,3.2.4,Win32,60,serene,,1,0,98,96,1,97
,,,,,,,,,,,,,,,,,,,,,,,,,,,,,,,,,,,,,,,,,return,2.934999943,V,TRUE,,,,,,,102,ventana,Spanish,Sounds/spa_ventana.mp3,2020-06-04_15h23.42.745,TranslationElicitation_eng-prolific,3.2.4,Win32,60,serene,2.934999943,1,0,98,96,1,97
,,,,,,,,,,,,,,,,,,,,,,,,,,,,,,,,,,,,,,,,,,,,,,,,,,,102,ventana,Spanish,Sounds/spa_ventana.mp3,2020-06-04_15h23.42.745,TranslationElicitation_eng-prolific,3.2.4,Win32,60,serene,,1,0,98,96,1,97
,,,,,,,,,,,,,,,,,,,,,,,,,,,,,,,,,,,,,,,,,e,1.700000048,E,FALSE,,,,,,,34,ensalada,Spanish,Sounds/spa_ensalada.mp3,2020-06-04_15h23.42.745,TranslationElicitation_eng-prolific,3.2.4,Win32,60,serene,,1,0,98,30,1,97
,,,,,,,,,,,,,,,,,,,,,,,,,,,,,,,,,,,,,,,,,return,1.934000015,E,FALSE,,,,,,,34,ensalada,Spanish,Sounds/spa_ensalada.mp3,2020-06-04_15h23.42.745,TranslationElicitation_eng-prolific,3.2.4,Win32,60,serene,1.934000015,1,0,98,30,1,97
,,,,,,,,,,,,,,,,,,,,,,,,,,,,,,,,,,,,,,,,,,,,,,,,,,,34,ensalada,Spanish,Sounds/spa_ensalada.mp3,2020-06-04_15h23.42.745,TranslationElicitation_eng-prolific,3.2.4,Win32,60,serene,,1,0,98,30,1,97
,,,,,,,,,,,,,,,,,,,,,,,,,,,,,,,,,,,,,,,,,n,1.401000023,N,FALSE,,,,,,,68,naranja,Spanish,Sounds/spa_naranja.mp3,2020-06-04_15h23.42.745,TranslationElicitation_eng-prolific,3.2.4,Win32,60,serene,,1,0,98,64,1,97
,,,,,,,,,,,,,,,,,,,,,,,,,,,,,,,,,,,,,,,,,return,1.784000158,N,FALSE,,,,,,,68,naranja,Spanish,Sounds/spa_naranja.mp3,2020-06-04_15h23.42.745,TranslationElicitation_eng-prolific,3.2.4,Win32,60,serene,1.784000158,1,0,98,64,1,97
,,,,,,,,,,,,,,,,,,,,,,,,,,,,,,,,,,,,,,,,,,,,,,,,,,,68,naranja,Spanish,Sounds/spa_naranja.mp3,2020-06-04_15h23.42.745,TranslationElicitation_eng-prolific,3.2.4,Win32,60,serene,,1,0,98,64,1,97
,,,,,,,,,,,,,,,,,,,,,,,,,,,,,,,,,,,,,,,,,p,1.801000118,P,FALSE,,,,,,,90,pollo,Spanish,Sounds/spa_pollo.mp3,2020-06-04_15h23.42.745,TranslationElicitation_eng-prolific,3.2.4,Win32,60,serene,,1,0,98,85,1,97
,,,,,,,,,,,,,,,,,,,,,,,,,,,,,,,,,,,,,,,,,return,2.066999912,P,FALSE,,,,,,,90,pollo,Spanish,Sounds/spa_pollo.mp3,2020-06-04_15h23.42.745,TranslationElicitation_eng-prolific,3.2.4,Win32,60,serene,2.066999912,1,0,98,85,1,97
,,,,,,,,,,,,,,,,,,,,,,,,,,,,,,,,,,,,,,,,,,,,,,,,,,,90,pollo,Spanish,Sounds/spa_pollo.mp3,2020-06-04_15h23.42.745,TranslationElicitation_eng-prolific,3.2.4,Win32,60,serene,,1,0,98,85,1,97
,,,,,,,,,,,,,,,,,,,,,,,,,,,,,,,,,,,,,,,,,z,1.434999943,Z,FALSE,,,,,,,103,zanahoria,Spanish,Sounds/spa_zanahoria.mp3,2020-06-04_15h23.42.745,TranslationElicitation_eng-prolific,3.2.4,Win32,60,serene,,1,0,98,97,1,97
,,,,,,,,,,,,,,,,,,,,,,,,,,,,,,,,,,,,,,,,,return,1.633999825,Z,FALSE,,,,,,,103,zanahoria,Spanish,Sounds/spa_zanahoria.mp3,2020-06-04_15h23.42.745,TranslationElicitation_eng-prolific,3.2.4,Win32,60,serene,1.633999825,1,0,98,97,1,97
,,,,,,,,,,,,,,,,,,,,,,,,,,,,,,,,,,,,,,,,,,,,,,,,,,,103,zanahoria,Spanish,Sounds/spa_zanahoria.mp3,2020-06-04_15h23.42.745,TranslationElicitation_eng-prolific,3.2.4,Win32,60,serene,,1,0,98,97,1,97
,,,,,,,,,,,,,,,,,,,,,,,,,,,,,,,,,,,,,,,,,a,1.284000158,A,FALSE,,,,,,,2,avestruz,Spanish,Sounds/spa_avestruz.mp3,2020-06-04_15h23.42.745,TranslationElicitation_eng-prolific,3.2.4,Win32,60,serene,,1,0,98,0,1,97
,,,,,,,,,,,,,,,,,,,,,,,,,,,,,,,,,,,,,,,,,return,1.667999983,A,FALSE,,,,,,,2,avestruz,Spanish,Sounds/spa_avestruz.mp3,2020-06-04_15h23.42.745,TranslationElicitation_eng-prolific,3.2.4,Win32,60,serene,1.667999983,1,0,98,0,1,97
,,,,,,,,,,,,,,,,,,,,,,,,,,,,,,,,,,,,,,,,,,,,,,,,,,,2,avestruz,Spanish,Sounds/spa_avestruz.mp3,2020-06-04_15h23.42.745,TranslationElicitation_eng-prolific,3.2.4,Win32,60,serene,,1,0,98,0,1,97
,,,,,,,,,,,,,,,,,,,,,,,,,,,,,,,,,,,,,,,,,g,1.101000071,G,FALSE,,,,,,,40,galleta,Spanish,Sounds/spa_galleta.mp3,2020-06-04_15h23.42.745,TranslationElicitation_eng-prolific,3.2.4,Win32,60,serene,,1,0,98,36,1,97
,,,,,,,,,,,,,,,,,,,,,,,,,,,,,,,,,,,,,,,,,return,1.467000008,G,FALSE,,,,,,,40,galleta,Spanish,Sounds/spa_galleta.mp3,2020-06-04_15h23.42.745,TranslationElicitation_eng-prolific,3.2.4,Win32,60,serene,1.467000008,1,0,98,36,1,97
,,,,,,,,,,,,,,,,,,,,,,,,,,,,,,,,,,,,,,,,,,,,,,,,,,,40,galleta,Spanish,Sounds/spa_galleta.mp3,2020-06-04_15h23.42.745,TranslationElicitation_eng-prolific,3.2.4,Win32,60,serene,,1,0,98,36,1,97
,,,,,,,,,,,,,,,,,,,,,,,,,,,,,,,,,,,,,,,,,t,1.049999952,T,FALSE,,,,,,,98,tobogan,Spanish,Sounds/spa_tobogan.mp3,2020-06-04_15h23.42.745,TranslationElicitation_eng-prolific,3.2.4,Win32,60,serene,,1,0,98,92,1,97
,,,,,,,,,,,,,,,,,,,,,,,,,,,,,,,,,,,,,,,,,return,1.467000008,T,FALSE,,,,,,,98,tobogan,Spanish,Sounds/spa_tobogan.mp3,2020-06-04_15h23.42.745,TranslationElicitation_eng-prolific,3.2.4,Win32,60,serene,1.467000008,1,0,98,92,1,97
,,,,,,,,,,,,,,,,,,,,,,,,,,,,,,,,,,,,,,,,,,,,,,,,,,,98,tobogan,Spanish,Sounds/spa_tobogan.mp3,2020-06-04_15h23.42.745,TranslationElicitation_eng-prolific,3.2.4,Win32,60,serene,,1,0,98,92,1,97
,,,,,,,,,,,,,,,,,,,,,,,,,,,,,,,,,,,,,,,,,b,1.583999872,B,FALSE,,,,,,,3,barco,Spanish,Sounds/spa_barco.mp3,2020-06-04_15h23.42.745,TranslationElicitation_eng-prolific,3.2.4,Win32,60,serene,,1,0,98,1,1,97
,,,,,,,,,,,,,,,,,,,,,,,,,,,,,,,,,,,,,,,,,return,1.850999832,B,FALSE,,,,,,,3,barco,Spanish,Sounds/spa_barco.mp3,2020-06-04_15h23.42.745,TranslationElicitation_eng-prolific,3.2.4,Win32,60,serene,1.850999832,1,0,98,1,1,97
,,,,,,,,,,,,,,,,,,,,,,,,,,,,,,,,,,,,,,,,,,,,,,,,,,,3,barco,Spanish,Sounds/spa_barco.mp3,2020-06-04_15h23.42.745,TranslationElicitation_eng-prolific,3.2.4,Win32,60,serene,,1,0,98,1,1,97
,,,,,,,,,,,,,,,,,,,,,,,,,,,,,,,,,,,,,,,,,b,1.501000166,B,FALSE,,,,,,,13,buho,Spanish,Sounds/spa_buho.mp3,2020-06-04_15h23.42.745,TranslationElicitation_eng-prolific,3.2.4,Win32,60,serene,,1,0,98,11,1,97
,,,,,,,,,,,,,,,,,,,,,,,,,,,,,,,,,,,,,,,,,return,1.751000166,B,FALSE,,,,,,,13,buho,Spanish,Sounds/spa_buho.mp3,2020-06-04_15h23.42.745,TranslationElicitation_eng-prolific,3.2.4,Win32,60,serene,1.751000166,1,0,98,11,1,97
,,,,,,,,,,,,,,,,,,,,,,,,,,,,,,,,,,,,,,,,,,,,,,,,,,,13,buho,Spanish,Sounds/spa_buho.mp3,2020-06-04_15h23.42.745,TranslationElicitation_eng-prolific,3.2.4,Win32,60,serene,,1,0,98,11,1,97
,,,,,,,,,,,,,,,,,,,,,,,,,,,,,,,,,,,,,,,,,b,1.500999928,B,FALSE,,,,,,,6,boca,Spanish,Sounds/spa_boca.mp3,2020-06-04_15h23.42.745,TranslationElicitation_eng-prolific,3.2.4,Win32,60,serene,,1,0,98,4,1,97
,,,,,,,,,,,,,,,,,,,,,,,,,,,,,,,,,,,,,,,,,return,1.767999887,B,FALSE,,,,,,,6,boca,Spanish,Sounds/spa_boca.mp3,2020-06-04_15h23.42.745,TranslationElicitation_eng-prolific,3.2.4,Win32,60,serene,1.767999887,1,0,98,4,1,97
,,,,,,,,,,,,,,,,,,,,,,,,,,,,,,,,,,,,,,,,,,,,,,,,,,,6,boca,Spanish,Sounds/spa_boca.mp3,2020-06-04_15h23.42.745,TranslationElicitation_eng-prolific,3.2.4,Win32,60,serene,,1,0,98,4,1,97
,,,,,,,,,,,,,,,,,,,,,,,,,,,,,,,,,,,,,,,,,l,1.501000166,L,FALSE,,,,,,,57,loro,Spanish,Sounds/spa_loro.mp3,2020-06-04_15h23.42.745,TranslationElicitation_eng-prolific,3.2.4,Win32,60,serene,,1,0,98,53,1,97
,,,,,,,,,,,,,,,,,,,,,,,,,,,,,,,,,,,,,,,,,return,1.733999968,L,FALSE,,,,,,,57,loro,Spanish,Sounds/spa_loro.mp3,2020-06-04_15h23.42.745,TranslationElicitation_eng-prolific,3.2.4,Win32,60,serene,1.733999968,1,0,98,53,1,97
,,,,,,,,,,,,,,,,,,,,,,,,,,,,,,,,,,,,,,,,,,,,,,,,,,,57,loro,Spanish,Sounds/spa_loro.mp3,2020-06-04_15h23.42.745,TranslationElicitation_eng-prolific,3.2.4,Win32,60,serene,,1,0,98,53,1,97
,,,,,,,,,,,,,,,,,,,,,,,,,,,,,,,,,,,,,,,,,l,1.684000015,L,FALSE,,,,,,,52,lapiz,Spanish,Sounds/spa_lapiz.mp3,2020-06-04_15h23.42.745,TranslationElicitation_eng-prolific,3.2.4,Win32,60,serene,,1,0,98,48,1,97
,,,,,,,,,,,,,,,,,,,,,,,,,,,,,,,,,,,,,,,,,return,1.90199995,L,FALSE,,,,,,,52,lapiz,Spanish,Sounds/spa_lapiz.mp3,2020-06-04_15h23.42.745,TranslationElicitation_eng-prolific,3.2.4,Win32,60,serene,1.90199995,1,0,98,48,1,97
,,,,,,,,,,,,,,,,,,,,,,,,,,,,,,,,,,,,,,,,,,,,,,,,,,,52,lapiz,Spanish,Sounds/spa_lapiz.mp3,2020-06-04_15h23.42.745,TranslationElicitation_eng-prolific,3.2.4,Win32,60,serene,,1,0,98,48,1,97
