consentKey.keys,consentKey.rt,languageL1Key.keys,languageL1Key.rt,languageL2,languageL2OralKey.keys,languageL2OralKey.rt,languageL2WrittenKey.keys,languageL2WrittenKey.rt,languageL3OralKey.keys,languageL3OralKey.rt,languageL3WrittenKey.keys,languageL3WrittenKey.rt,languageCatalanOralKey.keys,languageCatalanOralKey.rt,languageCatalanWrittenKey.keys,languageCatalanWrittenKey.rt,languageCatalanTimeKey.keys,languageCatalanTimeKey.rt,languageSpanishOralKey.keys,languageSpanishOralKey.rt,languageSpanishWrittenKey.keys,languageSpanishWrittenKey.rt,languageSpanishTimeKey.keys,languageSpanishTimeKey.rt,age,demoSexKey.keys,demoSexKey.rt,demoEducationKey.keys,demoEducationKey.rt,city,demoVisionKey.keys,demoVisionKey.rt,demoLanguageKey.keys,demoLanguageKey.rt,setupLocationKey.keys,setupLocationKey.rt,setupNoiseKey.keys,setupNoiseKey.rt,instructionsKeys.keys,instructionsKeys.rt,keyPressed,keyPressTime,inputText,error,trialsPracticeSpanish.thisRepN,trialsPracticeSpanish.thisTrialN,trialsPracticeSpanish.thisN,trialsPracticeSpanish.thisIndex,trialsPracticeSpanish.ran,trialsPracticeSpanish.order,trial_id,word,test_language,soundfile,date,expName,psychopyVersion,OS,frameRate,participant,trialOffset
space,0.167999983,e,0.911999941,,,,,,,,,,1,0.794999838,1,0.180999994,1,0.162000179,1,0.205999851,1,0.187000036,1,0.178999901,1,f,1.048999786,1,0.427999973,1SPACE,y,1.71600008,y,0.273000002,1,0.449999809,1,0.17599988,space,0.65199995,j,1.799999952,J,FALSE,1,0,5,2,1,4,26,chaqueta,Spanish,Sounds/spa_chaqueta.mp3,2020-06-04_15h31.32.973,TranslationElicitation_eng-prolific,3.2.4,Win32,60,serene2,
,,,,,,,,,,,,,,,,,,,,,,,,,,,,,,,,,,,,,,,,,return,2.183000088,J,FALSE,1,0,5,2,1,4,26,chaqueta,Spanish,Sounds/spa_chaqueta.mp3,2020-06-04_15h31.32.973,TranslationElicitation_eng-prolific,3.2.4,Win32,60,serene2,2.183000088
,,,,,,,,,,,,,,,,,,,,,,,,,,,,,,,,,,,,,,,,,,,,,1,0,5,2,1,4,26,chaqueta,Spanish,Sounds/spa_chaqueta.mp3,2020-06-04_15h31.32.973,TranslationElicitation_eng-prolific,3.2.4,Win32,60,serene2,
,,,,,,,,,,,,,,,,,,,,,,,,,,,,,,,,,,,,,,,,,c,1.483999968,C,FALSE,1,0,5,1,1,4,30,corona,Spanish,Sounds/spa_corona.mp3,2020-06-04_15h31.32.973,TranslationElicitation_eng-prolific,3.2.4,Win32,60,serene2,
,,,,,,,,,,,,,,,,,,,,,,,,,,,,,,,,,,,,,,,,,r,1.917999983,CR,FALSE,1,0,5,1,1,4,30,corona,Spanish,Sounds/spa_corona.mp3,2020-06-04_15h31.32.973,TranslationElicitation_eng-prolific,3.2.4,Win32,60,serene2,
,,,,,,,,,,,,,,,,,,,,,,,,,,,,,,,,,,,,,,,,,backspace,2.200999975,C,TRUE,1,0,5,1,1,4,30,corona,Spanish,Sounds/spa_corona.mp3,2020-06-04_15h31.32.973,TranslationElicitation_eng-prolific,3.2.4,Win32,60,serene2,
,,,,,,,,,,,,,,,,,,,,,,,,,,,,,,,,,,,,,,,,,o,2.434999943,CO,TRUE,1,0,5,1,1,4,30,corona,Spanish,Sounds/spa_corona.mp3,2020-06-04_15h31.32.973,TranslationElicitation_eng-prolific,3.2.4,Win32,60,serene2,
,,,,,,,,,,,,,,,,,,,,,,,,,,,,,,,,,,,,,,,,,r,2.601000071,COR,TRUE,1,0,5,1,1,4,30,corona,Spanish,Sounds/spa_corona.mp3,2020-06-04_15h31.32.973,TranslationElicitation_eng-prolific,3.2.4,Win32,60,serene2,
,,,,,,,,,,,,,,,,,,,,,,,,,,,,,,,,,,,,,,,,,o,2.700999975,CORO,TRUE,1,0,5,1,1,4,30,corona,Spanish,Sounds/spa_corona.mp3,2020-06-04_15h31.32.973,TranslationElicitation_eng-prolific,3.2.4,Win32,60,serene2,
,,,,,,,,,,,,,,,,,,,,,,,,,,,,,,,,,,,,,,,,,n,2.834000111,CORON,TRUE,1,0,5,1,1,4,30,corona,Spanish,Sounds/spa_corona.mp3,2020-06-04_15h31.32.973,TranslationElicitation_eng-prolific,3.2.4,Win32,60,serene2,
,,,,,,,,,,,,,,,,,,,,,,,,,,,,,,,,,,,,,,,,,a,3.068000078,CORONA,TRUE,1,0,5,1,1,4,30,corona,Spanish,Sounds/spa_corona.mp3,2020-06-04_15h31.32.973,TranslationElicitation_eng-prolific,3.2.4,Win32,60,serene2,
,,,,,,,,,,,,,,,,,,,,,,,,,,,,,,,,,,,,,,,,,return,3.200999975,CORONA,TRUE,1,0,5,1,1,4,30,corona,Spanish,Sounds/spa_corona.mp3,2020-06-04_15h31.32.973,TranslationElicitation_eng-prolific,3.2.4,Win32,60,serene2,3.200999975
,,,,,,,,,,,,,,,,,,,,,,,,,,,,,,,,,,,,,,,,,,,,,1,0,5,1,1,4,30,corona,Spanish,Sounds/spa_corona.mp3,2020-06-04_15h31.32.973,TranslationElicitation_eng-prolific,3.2.4,Win32,60,serene2,
,,,,,,,,,,,,,,,,,,,,,,,,,,,,,,,,,,,,,,,,,a,1.650000095,A,FALSE,1,0,5,0,1,4,1,arbol,Spanish,Sounds/spa_arbol.mp3,2020-06-04_15h31.32.973,TranslationElicitation_eng-prolific,3.2.4,Win32,60,serene2,
,,,,,,,,,,,,,,,,,,,,,,,,,,,,,,,,,,,,,,,,,r,1.75,AR,FALSE,1,0,5,0,1,4,1,arbol,Spanish,Sounds/spa_arbol.mp3,2020-06-04_15h31.32.973,TranslationElicitation_eng-prolific,3.2.4,Win32,60,serene2,
,,,,,,,,,,,,,,,,,,,,,,,,,,,,,,,,,,,,,,,,,b,1.834000111,ARB,FALSE,1,0,5,0,1,4,1,arbol,Spanish,Sounds/spa_arbol.mp3,2020-06-04_15h31.32.973,TranslationElicitation_eng-prolific,3.2.4,Win32,60,serene2,
,,,,,,,,,,,,,,,,,,,,,,,,,,,,,,,,,,,,,,,,,o,2.034000158,ARBO,FALSE,1,0,5,0,1,4,1,arbol,Spanish,Sounds/spa_arbol.mp3,2020-06-04_15h31.32.973,TranslationElicitation_eng-prolific,3.2.4,Win32,60,serene2,
,,,,,,,,,,,,,,,,,,,,,,,,,,,,,,,,,,,,,,,,,l,2.217000008,ARBOL,FALSE,1,0,5,0,1,4,1,arbol,Spanish,Sounds/spa_arbol.mp3,2020-06-04_15h31.32.973,TranslationElicitation_eng-prolific,3.2.4,Win32,60,serene2,
,,,,,,,,,,,,,,,,,,,,,,,,,,,,,,,,,,,,,,,,,return,2.401000023,ARBOL,FALSE,1,0,5,0,1,4,1,arbol,Spanish,Sounds/spa_arbol.mp3,2020-06-04_15h31.32.973,TranslationElicitation_eng-prolific,3.2.4,Win32,60,serene2,2.401000023
,,,,,,,,,,,,,,,,,,,,,,,,,,,,,,,,,,,,,,,,,,,,,1,0,5,0,1,4,1,arbol,Spanish,Sounds/spa_arbol.mp3,2020-06-04_15h31.32.973,TranslationElicitation_eng-prolific,3.2.4,Win32,60,serene2,
,,,,,,,,,,,,,,,,,,,,,,,,,,,,,,,,,,,,,,,,,o,1.184000015,O,FALSE,1,0,5,3,1,4,70,ola,Spanish,Sounds/spa_ola.mp3,2020-06-04_15h31.32.973,TranslationElicitation_eng-prolific,3.2.4,Win32,60,serene2,
,,,,,,,,,,,,,,,,,,,,,,,,,,,,,,,,,,,,,,,,,l,1.368000031,OL,FALSE,1,0,5,3,1,4,70,ola,Spanish,Sounds/spa_ola.mp3,2020-06-04_15h31.32.973,TranslationElicitation_eng-prolific,3.2.4,Win32,60,serene2,
,,,,,,,,,,,,,,,,,,,,,,,,,,,,,,,,,,,,,,,,,a,1.484000206,OLA,FALSE,1,0,5,3,1,4,70,ola,Spanish,Sounds/spa_ola.mp3,2020-06-04_15h31.32.973,TranslationElicitation_eng-prolific,3.2.4,Win32,60,serene2,
,,,,,,,,,,,,,,,,,,,,,,,,,,,,,,,,,,,,,,,,,return,1.651000023,OLA,FALSE,1,0,5,3,1,4,70,ola,Spanish,Sounds/spa_ola.mp3,2020-06-04_15h31.32.973,TranslationElicitation_eng-prolific,3.2.4,Win32,60,serene2,1.651000023
,,,,,,,,,,,,,,,,,,,,,,,,,,,,,,,,,,,,,,,,,,,,,1,0,5,3,1,4,70,ola,Spanish,Sounds/spa_ola.mp3,2020-06-04_15h31.32.973,TranslationElicitation_eng-prolific,3.2.4,Win32,60,serene2,
,,,,,,,,,,,,,,,,,,,,,,,,,,,,,,,,,,,,,,,,,t,1.299999952,T,FALSE,1,0,5,4,1,4,96,tigre,Spanish,Sounds/spa_tigre.mp3,2020-06-04_15h31.32.973,TranslationElicitation_eng-prolific,3.2.4,Win32,60,serene2,
,,,,,,,,,,,,,,,,,,,,,,,,,,,,,,,,,,,,,,,,,i,1.666999817,TI,FALSE,1,0,5,4,1,4,96,tigre,Spanish,Sounds/spa_tigre.mp3,2020-06-04_15h31.32.973,TranslationElicitation_eng-prolific,3.2.4,Win32,60,serene2,
,,,,,,,,,,,,,,,,,,,,,,,,,,,,,,,,,,,,,,,,,g,1.782999992,TIG,FALSE,1,0,5,4,1,4,96,tigre,Spanish,Sounds/spa_tigre.mp3,2020-06-04_15h31.32.973,TranslationElicitation_eng-prolific,3.2.4,Win32,60,serene2,
,,,,,,,,,,,,,,,,,,,,,,,,,,,,,,,,,,,,,,,,,r,2.233999968,TIGR,FALSE,1,0,5,4,1,4,96,tigre,Spanish,Sounds/spa_tigre.mp3,2020-06-04_15h31.32.973,TranslationElicitation_eng-prolific,3.2.4,Win32,60,serene2,
,,,,,,,,,,,,,,,,,,,,,,,,,,,,,,,,,,,,,,,,,e,2.350999832,TIGRE,FALSE,1,0,5,4,1,4,96,tigre,Spanish,Sounds/spa_tigre.mp3,2020-06-04_15h31.32.973,TranslationElicitation_eng-prolific,3.2.4,Win32,60,serene2,
,,,,,,,,,,,,,,,,,,,,,,,,,,,,,,,,,,,,,,,,,return,2.666999817,TIGRE,FALSE,1,0,5,4,1,4,96,tigre,Spanish,Sounds/spa_tigre.mp3,2020-06-04_15h31.32.973,TranslationElicitation_eng-prolific,3.2.4,Win32,60,serene2,2.666999817
,,,,,,,,,,,,,,,,,,,,,,,,,,,,,,,,,,,,,,,,,,,,,1,0,5,4,1,4,96,tigre,Spanish,Sounds/spa_tigre.mp3,2020-06-04_15h31.32.973,TranslationElicitation_eng-prolific,3.2.4,Win32,60,serene2,
