consentKey.keys,consentKey.rt,languageL1Key.keys,languageL1Key.rt,languageL2,languageL2OralKey.keys,languageL2OralKey.rt,languageL2WrittenKey.keys,languageL2WrittenKey.rt,languageL3,languageL3OralKey.keys,languageL3OralKey.rt,languageL3WrittenKey.keys,languageL3WrittenKey.rt,languageCatalanOralKey.keys,languageCatalanOralKey.rt,languageCatalanWrittenKey.keys,languageCatalanWrittenKey.rt,languageCatalanTimeKey.keys,languageCatalanTimeKey.rt,languageSpanishOralKey.keys,languageSpanishOralKey.rt,languageSpanishWrittenKey.keys,languageSpanishWrittenKey.rt,languageSpanishTimeKey.keys,languageSpanishTimeKey.rt,age,demoSexKey.keys,demoSexKey.rt,demoEducationKey.keys,demoEducationKey.rt,city,demoVisionKey.keys,demoVisionKey.rt,demoLanguageKey.keys,demoLanguageKey.rt,setupLocationKey.keys,setupLocationKey.rt,setupNoiseKey.keys,setupNoiseKey.rt,instructionsKeys.keys,instructionsKeys.rt,trialOffset,keyPressTime,keyPressed,inputText,error,trialsPracticeSpanish.thisRepN,trialsPracticeSpanish.thisTrialN,trialsPracticeSpanish.thisN,trialsPracticeSpanish.thisIndex,trialsPracticeSpanish.ran,trialsPracticeSpanish.order,trial_id,word,test_language,soundfile,date,expName,psychopyVersion,OS,frameRate,trialsSpanish.thisRepN,trialsSpanish.thisTrialN,trialsSpanish.thisN,trialsSpanish.thisIndex,trialsSpanish.ran,trialsSpanish.order
space,0.154999971,e,0.871999979,EE ,1,0.580999851,1,0.220999956,,,,,,1,0.622999907,1,0.197999954,1,0.156000137,1,0.232000113,1,0.183000088,1,0.123999834,1,f,0.782000065,1,0.736000061,11,y,1.403000116,y,0.169000149,1,0.802000046,1,0.13499999,space,0.697999954,1.499000072,1.499000072,return,,FALSE,1,0,5,0,1,4,1,arbol,Spanish,Sounds/spa_arbol.mp3,2020-06-16_18h22.31.112,TranslationElicitation_eng-prolific-spa,3.2.4,Win32,60,,,,,,
,,,,,,,,,,,,,,,,,,,,,,,,,,,,,,,,,,,,,,,,,,,,,,,1,0,5,0,1,4,1,arbol,Spanish,Sounds/spa_arbol.mp3,2020-06-16_18h22.31.112,TranslationElicitation_eng-prolific-spa,3.2.4,Win32,60,,,,,,
,,,,,,,,,,,,,,,,,,,,,,,,,,,,,,,,,,,,,,,,,,1.655999899,1.655999899,return,,FALSE,1,0,5,4,1,4,96,tigre,Spanish,Sounds/spa_tigre.mp3,2020-06-16_18h22.31.112,TranslationElicitation_eng-prolific-spa,3.2.4,Win32,60,,,,,,
,,,,,,,,,,,,,,,,,,,,,,,,,,,,,,,,,,,,,,,,,,,,,,,1,0,5,4,1,4,96,tigre,Spanish,Sounds/spa_tigre.mp3,2020-06-16_18h22.31.112,TranslationElicitation_eng-prolific-spa,3.2.4,Win32,60,,,,,,
,,,,,,,,,,,,,,,,,,,,,,,,,,,,,,,,,,,,,,,,,,1.498999834,1.498999834,return,,FALSE,1,0,5,2,1,4,26,chaqueta,Spanish,Sounds/spa_chaqueta.mp3,2020-06-16_18h22.31.112,TranslationElicitation_eng-prolific-spa,3.2.4,Win32,60,,,,,,
,,,,,,,,,,,,,,,,,,,,,,,,,,,,,,,,,,,,,,,,,,,,,,,1,0,5,2,1,4,26,chaqueta,Spanish,Sounds/spa_chaqueta.mp3,2020-06-16_18h22.31.112,TranslationElicitation_eng-prolific-spa,3.2.4,Win32,60,,,,,,
,,,,,,,,,,,,,,,,,,,,,,,,,,,,,,,,,,,,,,,,,,1.784000158,1.784000158,return,,FALSE,1,0,5,1,1,4,30,corona,Spanish,Sounds/spa_corona.mp3,2020-06-16_18h22.31.112,TranslationElicitation_eng-prolific-spa,3.2.4,Win32,60,,,,,,
,,,,,,,,,,,,,,,,,,,,,,,,,,,,,,,,,,,,,,,,,,,,,,,1,0,5,1,1,4,30,corona,Spanish,Sounds/spa_corona.mp3,2020-06-16_18h22.31.112,TranslationElicitation_eng-prolific-spa,3.2.4,Win32,60,,,,,,
,,,,,,,,,,,,,,,,,,,,,,,,,,,,,,,,,,,,,,,,,,1.370000124,1.370000124,return,,FALSE,1,0,5,3,1,4,70,ola,Spanish,Sounds/spa_ola.mp3,2020-06-16_18h22.31.112,TranslationElicitation_eng-prolific-spa,3.2.4,Win32,60,,,,,,
,,,,,,,,,,,,,,,,,,,,,,,,,,,,,,,,,,,,,,,,,,,,,,,1,0,5,3,1,4,70,ola,Spanish,Sounds/spa_ola.mp3,2020-06-16_18h22.31.112,TranslationElicitation_eng-prolific-spa,3.2.4,Win32,60,,,,,,
,,,,,,,,,,,,,,,,,,,,,,,,,,,,,,,,,,,,,,,,,,,1.271999836,a,A,FALSE,,,,,,,71,ombligo,Spanish,Sounds/spa_ombligo.mp3,2020-06-16_18h22.31.112,TranslationElicitation_eng-prolific-spa,3.2.4,Win32,60,1,0,98,66,1,97
,,,,,,,,,,,,,,,,,,,,,,,,,,,,,,,,,,,,,,,,,,,1.527999878,a,AA,FALSE,,,,,,,71,ombligo,Spanish,Sounds/spa_ombligo.mp3,2020-06-16_18h22.31.112,TranslationElicitation_eng-prolific-spa,3.2.4,Win32,60,1,0,98,66,1,97
,,,,,,,,,,,,,,,,,,,,,,,,,,,,,,,,,,,,,,,,,,1.876999855,1.876999855,return,AA,FALSE,,,,,,,71,ombligo,Spanish,Sounds/spa_ombligo.mp3,2020-06-16_18h22.31.112,TranslationElicitation_eng-prolific-spa,3.2.4,Win32,60,1,0,98,66,1,97
,,,,,,,,,,,,,,,,,,,,,,,,,,,,,,,,,,,,,,,,,,,,,,,,,,,,,71,ombligo,Spanish,Sounds/spa_ombligo.mp3,2020-06-16_18h22.31.112,TranslationElicitation_eng-prolific-spa,3.2.4,Win32,60,1,0,98,66,1,97
,,,,,,,,,,,,,,,,,,,,,,,,,,,,,,,,,,,,,,,,,,,1.594000101,a,A,FALSE,,,,,,,39,gafas,Spanish,Sounds/spa_gafas.mp3,2020-06-16_18h22.31.112,TranslationElicitation_eng-prolific-spa,3.2.4,Win32,60,1,0,98,35,1,97
,,,,,,,,,,,,,,,,,,,,,,,,,,,,,,,,,,,,,,,,,,2.041000128,2.041000128,return,A,FALSE,,,,,,,39,gafas,Spanish,Sounds/spa_gafas.mp3,2020-06-16_18h22.31.112,TranslationElicitation_eng-prolific-spa,3.2.4,Win32,60,1,0,98,35,1,97
,,,,,,,,,,,,,,,,,,,,,,,,,,,,,,,,,,,,,,,,,,,,,,,,,,,,,39,gafas,Spanish,Sounds/spa_gafas.mp3,2020-06-16_18h22.31.112,TranslationElicitation_eng-prolific-spa,3.2.4,Win32,60,1,0,98,35,1,97
,,,,,,,,,,,,,,,,,,,,,,,,,,,,,,,,,,,,,,,,,,,1.339000225,a,A,FALSE,,,,,,,6,boca,Spanish,Sounds/spa_boca.mp3,2020-06-16_18h22.31.112,TranslationElicitation_eng-prolific-spa,3.2.4,Win32,60,1,0,98,4,1,97
,,,,,,,,,,,,,,,,,,,,,,,,,,,,,,,,,,,,,,,,,,,1.690000057,a,AA,FALSE,,,,,,,6,boca,Spanish,Sounds/spa_boca.mp3,2020-06-16_18h22.31.112,TranslationElicitation_eng-prolific-spa,3.2.4,Win32,60,1,0,98,4,1,97
,,,,,,,,,,,,,,,,,,,,,,,,,,,,,,,,,,,,,,,,,,2.008000135,2.008000135,return,AA,FALSE,,,,,,,6,boca,Spanish,Sounds/spa_boca.mp3,2020-06-16_18h22.31.112,TranslationElicitation_eng-prolific-spa,3.2.4,Win32,60,1,0,98,4,1,97
,,,,,,,,,,,,,,,,,,,,,,,,,,,,,,,,,,,,,,,,,,,,,,,,,,,,,6,boca,Spanish,Sounds/spa_boca.mp3,2020-06-16_18h22.31.112,TranslationElicitation_eng-prolific-spa,3.2.4,Win32,60,1,0,98,4,1,97
,,,,,,,,,,,,,,,,,,,,,,,,,,,,,,,,,,,,,,,,,,,1.563999891,a,A,FALSE,,,,,,,25,cesta,Spanish,Sounds/spa_cesta.mp3,2020-06-16_18h22.31.112,TranslationElicitation_eng-prolific-spa,3.2.4,Win32,60,1,0,98,23,1,97
,,,,,,,,,,,,,,,,,,,,,,,,,,,,,,,,,,,,,,,,,,1.881000042,1.881000042,return,A,FALSE,,,,,,,25,cesta,Spanish,Sounds/spa_cesta.mp3,2020-06-16_18h22.31.112,TranslationElicitation_eng-prolific-spa,3.2.4,Win32,60,1,0,98,23,1,97
,,,,,,,,,,,,,,,,,,,,,,,,,,,,,,,,,,,,,,,,,,,,,,,,,,,,,25,cesta,Spanish,Sounds/spa_cesta.mp3,2020-06-16_18h22.31.112,TranslationElicitation_eng-prolific-spa,3.2.4,Win32,60,1,0,98,23,1,97
,,,,,,,,,,,,,,,,,,,,,,,,,,,,,,,,,,,,,,,,,,,1.342000008,a,A,FALSE,,,,,,,28,cielo,Spanish,Sounds/spa_cielo.mp3,2020-06-16_18h22.31.112,TranslationElicitation_eng-prolific-spa,3.2.4,Win32,60,1,0,98,25,1,97
,,,,,,,,,,,,,,,,,,,,,,,,,,,,,,,,,,,,,,,,,,1.532000065,1.532000065,return,A,FALSE,,,,,,,28,cielo,Spanish,Sounds/spa_cielo.mp3,2020-06-16_18h22.31.112,TranslationElicitation_eng-prolific-spa,3.2.4,Win32,60,1,0,98,25,1,97
,,,,,,,,,,,,,,,,,,,,,,,,,,,,,,,,,,,,,,,,,,,,,,,,,,,,,28,cielo,Spanish,Sounds/spa_cielo.mp3,2020-06-16_18h22.31.112,TranslationElicitation_eng-prolific-spa,3.2.4,Win32,60,1,0,98,25,1,97
