consentKey.keys,consentKey.rt,languageL1Key.keys,languageL1Key.rt,languageL2,languageL2OralKey.keys,languageL2OralKey.rt,languageL2WrittenKey.keys,languageL2WrittenKey.rt,languageL3OralKey.keys,languageL3OralKey.rt,languageL3WrittenKey.keys,languageL3WrittenKey.rt,languageCatalanOralKey.keys,languageCatalanOralKey.rt,languageCatalanWrittenKey.keys,languageCatalanWrittenKey.rt,languageCatalanTimeKey.keys,languageCatalanTimeKey.rt,languageSpanishOralKey.keys,languageSpanishOralKey.rt,languageSpanishWrittenKey.keys,languageSpanishWrittenKey.rt,languageSpanishTimeKey.keys,languageSpanishTimeKey.rt,age,demoSexKey.keys,demoSexKey.rt,demoEducationKey.keys,demoEducationKey.rt,city,demoVisionKey.keys,demoVisionKey.rt,demoLanguageKey.keys,demoLanguageKey.rt,setupLocationKey.keys,setupLocationKey.rt,setupNoiseKey.keys,setupNoiseKey.rt,instructionsKeys.keys,instructionsKeys.rt,trialOffset,keyPressTime,keyPressed,inputText,error,trialsPracticeSpanish.thisRepN,trialsPracticeSpanish.thisTrialN,trialsPracticeSpanish.thisN,trialsPracticeSpanish.thisIndex,trialsPracticeSpanish.ran,trialsPracticeSpanish.order,trial_id,word,test_language,soundfile,date,expName,psychopyVersion,OS,frameRate,trialsSpanish.thisRepN,trialsSpanish.thisTrialN,trialsSpanish.thisN,trialsSpanish.thisIndex,trialsSpanish.ran,trialsSpanish.order
space,0.160000086,e,1.005000114,,,,,,,,,,1,0.428999901,1,0.802000046,1,0.171000004,1,0.201000214,1,0.182999849,1,0.125,11,f,0.941999912,1,0.463999987,11,y,1.276000023,y,0.143000126,1,0.555000067,1,0.381999969,space,0.766000032,1.656999826,1.656999826,return,,FALSE,1,0,5,4,1,4,96,tigre,Spanish,Sounds/spa_tigre.mp3,2020-06-16_18h23.27.661,TranslationElicitation_eng-prolific-spa,3.2.4,Win32,60,,,,,,
,,,,,,,,,,,,,,,,,,,,,,,,,,,,,,,,,,,,,,,,,,,,,,1,0,5,4,1,4,96,tigre,Spanish,Sounds/spa_tigre.mp3,2020-06-16_18h23.27.661,TranslationElicitation_eng-prolific-spa,3.2.4,Win32,60,,,,,,
,,,,,,,,,,,,,,,,,,,,,,,,,,,,,,,,,,,,,,,,,1.722999811,1.722999811,return,,FALSE,1,0,5,0,1,4,1,arbol,Spanish,Sounds/spa_arbol.mp3,2020-06-16_18h23.27.661,TranslationElicitation_eng-prolific-spa,3.2.4,Win32,60,,,,,,
,,,,,,,,,,,,,,,,,,,,,,,,,,,,,,,,,,,,,,,,,,,,,,1,0,5,0,1,4,1,arbol,Spanish,Sounds/spa_arbol.mp3,2020-06-16_18h23.27.661,TranslationElicitation_eng-prolific-spa,3.2.4,Win32,60,,,,,,
,,,,,,,,,,,,,,,,,,,,,,,,,,,,,,,,,,,,,,,,,1.40199995,1.40199995,return,,FALSE,1,0,5,2,1,4,26,chaqueta,Spanish,Sounds/spa_chaqueta.mp3,2020-06-16_18h23.27.661,TranslationElicitation_eng-prolific-spa,3.2.4,Win32,60,,,,,,
,,,,,,,,,,,,,,,,,,,,,,,,,,,,,,,,,,,,,,,,,,,,,,1,0,5,2,1,4,26,chaqueta,Spanish,Sounds/spa_chaqueta.mp3,2020-06-16_18h23.27.661,TranslationElicitation_eng-prolific-spa,3.2.4,Win32,60,,,,,,
,,,,,,,,,,,,,,,,,,,,,,,,,,,,,,,,,,,,,,,,,1.30700016,1.30700016,return,,FALSE,1,0,5,3,1,4,70,ola,Spanish,Sounds/spa_ola.mp3,2020-06-16_18h23.27.661,TranslationElicitation_eng-prolific-spa,3.2.4,Win32,60,,,,,,
,,,,,,,,,,,,,,,,,,,,,,,,,,,,,,,,,,,,,,,,,,,,,,1,0,5,3,1,4,70,ola,Spanish,Sounds/spa_ola.mp3,2020-06-16_18h23.27.661,TranslationElicitation_eng-prolific-spa,3.2.4,Win32,60,,,,,,
,,,,,,,,,,,,,,,,,,,,,,,,,,,,,,,,,,,,,,,,,1.786000013,1.786000013,return,,FALSE,1,0,5,1,1,4,30,corona,Spanish,Sounds/spa_corona.mp3,2020-06-16_18h23.27.661,TranslationElicitation_eng-prolific-spa,3.2.4,Win32,60,,,,,,
,,,,,,,,,,,,,,,,,,,,,,,,,,,,,,,,,,,,,,,,,,,,,,1,0,5,1,1,4,30,corona,Spanish,Sounds/spa_corona.mp3,2020-06-16_18h23.27.661,TranslationElicitation_eng-prolific-spa,3.2.4,Win32,60,,,,,,
,,,,,,,,,,,,,,,,,,,,,,,,,,,,,,,,,,,,,,,,,,1.690999985,a,A,FALSE,,,,,,,78,pastel,Spanish,Sounds/spa_pastel.mp3,2020-06-16_18h23.27.661,TranslationElicitation_eng-prolific-spa,3.2.4,Win32,60,1,0,98,73,1,97
,,,,,,,,,,,,,,,,,,,,,,,,,,,,,,,,,,,,,,,,,1.979000092,1.979000092,return,A,FALSE,,,,,,,78,pastel,Spanish,Sounds/spa_pastel.mp3,2020-06-16_18h23.27.661,TranslationElicitation_eng-prolific-spa,3.2.4,Win32,60,1,0,98,73,1,97
,,,,,,,,,,,,,,,,,,,,,,,,,,,,,,,,,,,,,,,,,,,,,,,,,,,,78,pastel,Spanish,Sounds/spa_pastel.mp3,2020-06-16_18h23.27.661,TranslationElicitation_eng-prolific-spa,3.2.4,Win32,60,1,0,98,73,1,97
,,,,,,,,,,,,,,,,,,,,,,,,,,,,,,,,,,,,,,,,,,1.500999928,a,A,FALSE,,,,,,,14,burro,Spanish,Sounds/spa_burro.mp3,2020-06-16_18h23.27.661,TranslationElicitation_eng-prolific-spa,3.2.4,Win32,60,1,0,98,12,1,97
,,,,,,,,,,,,,,,,,,,,,,,,,,,,,,,,,,,,,,,,,1.914999962,1.914999962,return,A,FALSE,,,,,,,14,burro,Spanish,Sounds/spa_burro.mp3,2020-06-16_18h23.27.661,TranslationElicitation_eng-prolific-spa,3.2.4,Win32,60,1,0,98,12,1,97
,,,,,,,,,,,,,,,,,,,,,,,,,,,,,,,,,,,,,,,,,,,,,,,,,,,,14,burro,Spanish,Sounds/spa_burro.mp3,2020-06-16_18h23.27.661,TranslationElicitation_eng-prolific-spa,3.2.4,Win32,60,1,0,98,12,1,97
,,,,,,,,,,,,,,,,,,,,,,,,,,,,,,,,,,,,,,,,,,1.56400013,a,A,FALSE,,,,,,,47,guitarra,Spanish,Sounds/spa_guitarra.mp3,2020-06-16_18h23.27.661,TranslationElicitation_eng-prolific-spa,3.2.4,Win32,60,1,0,98,43,1,97
,,,,,,,,,,,,,,,,,,,,,,,,,,,,,,,,,,,,,,,,,1.818000078,1.818000078,return,A,FALSE,,,,,,,47,guitarra,Spanish,Sounds/spa_guitarra.mp3,2020-06-16_18h23.27.661,TranslationElicitation_eng-prolific-spa,3.2.4,Win32,60,1,0,98,43,1,97
,,,,,,,,,,,,,,,,,,,,,,,,,,,,,,,,,,,,,,,,,,,,,,,,,,,,47,guitarra,Spanish,Sounds/spa_guitarra.mp3,2020-06-16_18h23.27.661,TranslationElicitation_eng-prolific-spa,3.2.4,Win32,60,1,0,98,43,1,97
,,,,,,,,,,,,,,,,,,,,,,,,,,,,,,,,,,,,,,,,,,1.498000145,a,A,FALSE,,,,,,,44,gorrion,Spanish,Sounds/spa_gorrion.mp3,2020-06-16_18h23.27.661,TranslationElicitation_eng-prolific-spa,3.2.4,Win32,60,1,0,98,40,1,97
,,,,,,,,,,,,,,,,,,,,,,,,,,,,,,,,,,,,,,,,,,1.755000114,a,AA,FALSE,,,,,,,44,gorrion,Spanish,Sounds/spa_gorrion.mp3,2020-06-16_18h23.27.661,TranslationElicitation_eng-prolific-spa,3.2.4,Win32,60,1,0,98,40,1,97
,,,,,,,,,,,,,,,,,,,,,,,,,,,,,,,,,,,,,,,,,2.00999999,2.00999999,return,AA,FALSE,,,,,,,44,gorrion,Spanish,Sounds/spa_gorrion.mp3,2020-06-16_18h23.27.661,TranslationElicitation_eng-prolific-spa,3.2.4,Win32,60,1,0,98,40,1,97
,,,,,,,,,,,,,,,,,,,,,,,,,,,,,,,,,,,,,,,,,,,,,,,,,,,,44,gorrion,Spanish,Sounds/spa_gorrion.mp3,2020-06-16_18h23.27.661,TranslationElicitation_eng-prolific-spa,3.2.4,Win32,60,1,0,98,40,1,97
