consentKey.keys,consentKey.rt,languageL1Key.keys,languageL1Key.rt,languageL2,languageL2OralKey.keys,languageL2OralKey.rt,languageL2WrittenKey.keys,languageL2WrittenKey.rt,languageL3OralKey.keys,languageL3OralKey.rt,languageL3WrittenKey.keys,languageL3WrittenKey.rt,languageCatalanOralKey.keys,languageCatalanOralKey.rt,languageCatalanWrittenKey.keys,languageCatalanWrittenKey.rt,languageCatalanTimeKey.keys,languageCatalanTimeKey.rt,languageSpanishOralKey.keys,languageSpanishOralKey.rt,languageSpanishWrittenKey.keys,languageSpanishWrittenKey.rt,languageSpanishTimeKey.keys,languageSpanishTimeKey.rt,age,demoSexKey.keys,demoSexKey.rt,demoEducationKey.keys,demoEducationKey.rt,city,demoVisionKey.keys,demoVisionKey.rt,demoLanguageKey.keys,demoLanguageKey.rt,setupLocationKey.keys,setupLocationKey.rt,setupNoiseKey.keys,setupNoiseKey.rt,instructionsKeys.keys,instructionsKeys.rt,keyPressed,keyPressTime,inputText,error,trialsPracticeSpanish.thisRepN,trialsPracticeSpanish.thisTrialN,trialsPracticeSpanish.thisN,trialsPracticeSpanish.thisIndex,trialsPracticeSpanish.ran,trialsPracticeSpanish.order,trial_id,word,test_language,soundfile,date,expName,psychopyVersion,OS,frameRate,trialOffset
space,0.289999962,e,1.246999979,,,,,,,,,,1,1.13499999,1,0.478000164,1,0.570000172,1,0.447000027,1,0.548000097,1,0.450000048,6,f,0.934000015,3,0.965000153,3,y,1.463000059,y,0.569000006,5,0.836999893,4,1.970000029,space,0.951999903,w,1.588999987,W,FALSE,1,0,5,3,1,4,70,ola,Spanish,Sounds/spa_ola.mp3,2020-06-15_17h27.18.023,TranslationElicitation_eng-prolific-spa,3.2.4,MacIntel,60,
,,,,,,,,,,,,,,,,,,,,,,,,,,,,,,,,,,,,,,,,,a,1.686000109,WA,FALSE,1,0,5,3,1,4,70,ola,Spanish,Sounds/spa_ola.mp3,2020-06-15_17h27.18.023,TranslationElicitation_eng-prolific-spa,3.2.4,MacIntel,60,
,,,,,,,,,,,,,,,,,,,,,,,,,,,,,,,,,,,,,,,,,v,2.388000011,WAV,FALSE,1,0,5,3,1,4,70,ola,Spanish,Sounds/spa_ola.mp3,2020-06-15_17h27.18.023,TranslationElicitation_eng-prolific-spa,3.2.4,MacIntel,60,
,,,,,,,,,,,,,,,,,,,,,,,,,,,,,,,,,,,,,,,,,e,2.641000032,WAVE,FALSE,1,0,5,3,1,4,70,ola,Spanish,Sounds/spa_ola.mp3,2020-06-15_17h27.18.023,TranslationElicitation_eng-prolific-spa,3.2.4,MacIntel,60,
,,,,,,,,,,,,,,,,,,,,,,,,,,,,,,,,,,,,,,,,,return,2.904999971,WAVE,FALSE,1,0,5,3,1,4,70,ola,Spanish,Sounds/spa_ola.mp3,2020-06-15_17h27.18.023,TranslationElicitation_eng-prolific-spa,3.2.4,MacIntel,60,2.904999971
,,,,,,,,,,,,,,,,,,,,,,,,,,,,,,,,,,,,,,,,,,,,,1,0,5,3,1,4,70,ola,Spanish,Sounds/spa_ola.mp3,2020-06-15_17h27.18.023,TranslationElicitation_eng-prolific-spa,3.2.4,MacIntel,60,
,,,,,,,,,,,,,,,,,,,,,,,,,,,,,,,,,,,,,,,,,return,1.804999828,,FALSE,1,0,5,4,1,4,96,tigre,Spanish,Sounds/spa_tigre.mp3,2020-06-15_17h27.18.023,TranslationElicitation_eng-prolific-spa,3.2.4,MacIntel,60,1.804999828
,,,,,,,,,,,,,,,,,,,,,,,,,,,,,,,,,,,,,,,,,,,,,1,0,5,4,1,4,96,tigre,Spanish,Sounds/spa_tigre.mp3,2020-06-15_17h27.18.023,TranslationElicitation_eng-prolific-spa,3.2.4,MacIntel,60,
,,,,,,,,,,,,,,,,,,,,,,,,,,,,,,,,,,,,,,,,,return,1.687999964,,FALSE,1,0,5,1,1,4,30,corona,Spanish,Sounds/spa_corona.mp3,2020-06-15_17h27.18.023,TranslationElicitation_eng-prolific-spa,3.2.4,MacIntel,60,1.687999964
,,,,,,,,,,,,,,,,,,,,,,,,,,,,,,,,,,,,,,,,,,,,,1,0,5,1,1,4,30,corona,Spanish,Sounds/spa_corona.mp3,2020-06-15_17h27.18.023,TranslationElicitation_eng-prolific-spa,3.2.4,MacIntel,60,
,,,,,,,,,,,,,,,,,,,,,,,,,,,,,,,,,,,,,,,,,return,2.555000067,,FALSE,1,0,5,0,1,4,1,arbol,Spanish,Sounds/spa_arbol.mp3,2020-06-15_17h27.18.023,TranslationElicitation_eng-prolific-spa,3.2.4,MacIntel,60,2.555000067
,,,,,,,,,,,,,,,,,,,,,,,,,,,,,,,,,,,,,,,,,,,,,1,0,5,0,1,4,1,arbol,Spanish,Sounds/spa_arbol.mp3,2020-06-15_17h27.18.023,TranslationElicitation_eng-prolific-spa,3.2.4,MacIntel,60,
,,,,,,,,,,,,,,,,,,,,,,,,,,,,,,,,,,,,,,,,,return,3.773999929,,FALSE,1,0,5,2,1,4,26,chaqueta,Spanish,Sounds/spa_chaqueta.mp3,2020-06-15_17h27.18.023,TranslationElicitation_eng-prolific-spa,3.2.4,MacIntel,60,3.773999929
,,,,,,,,,,,,,,,,,,,,,,,,,,,,,,,,,,,,,,,,,,,,,1,0,5,2,1,4,26,chaqueta,Spanish,Sounds/spa_chaqueta.mp3,2020-06-15_17h27.18.023,TranslationElicitation_eng-prolific-spa,3.2.4,MacIntel,60,
