consentKey.keys,consentKey.rt,languageL1Key.keys,languageL1Key.rt,languageL2,languageL2OralKey.keys,languageL2OralKey.rt,languageL2WrittenKey.keys,languageL2WrittenKey.rt,languageL3OralKey.keys,languageL3OralKey.rt,languageL3WrittenKey.keys,languageL3WrittenKey.rt,languageCatalanOralKey.keys,languageCatalanOralKey.rt,languageCatalanWrittenKey.keys,languageCatalanWrittenKey.rt,languageCatalanTimeKey.keys,languageCatalanTimeKey.rt,languageSpanishOralKey.keys,languageSpanishOralKey.rt,languageSpanishWrittenKey.keys,languageSpanishWrittenKey.rt,languageSpanishTimeKey.keys,languageSpanishTimeKey.rt,age,demoSexKey.keys,demoSexKey.rt,demoEducationKey.keys,demoEducationKey.rt,city,demoVisionKey.keys,demoVisionKey.rt,demoLanguageKey.keys,demoLanguageKey.rt,setupLocationKey.keys,setupLocationKey.rt,setupNoiseKey.keys,setupNoiseKey.rt,instructionsKeys.keys,instructionsKeys.rt,keyPressed,keyPressTime,inputText,error,trialsPracticeSpanish.thisRepN,trialsPracticeSpanish.thisTrialN,trialsPracticeSpanish.thisN,trialsPracticeSpanish.thisIndex,trialsPracticeSpanish.ran,trialsPracticeSpanish.order,trial_id,word,test_language,soundfile,date,expName,psychopyVersion,OS,frameRate,trialOffset,trialsSpanish.thisRepN,trialsSpanish.thisTrialN,trialsSpanish.thisN,trialsSpanish.thisIndex,trialsSpanish.ran,trialsSpanish.order
space,0.465999842,e,0.832000017,,,,,,,,,,1,1.340999842,1,0.218999863,1,0.272999763,1,0.164999723,1,0.249000072,1,0.258999825,1,f,1.537999868,1,1.648999929,1,y,1.330999851,y,0.700999737,1,1.495000124,1,0.345999956,space,0.655999899,a,1.243999958,A,FALSE,1,0,5,0,1,4,1,arbol,Spanish,Sounds/spa_arbol.mp3,2020-06-16_18h21.28.323,TranslationElicitation_eng-prolific-spa,3.2.4,Win32,60,,,,,,,
,,,,,,,,,,,,,,,,,,,,,,,,,,,,,,,,,,,,,,,,,return,1.880000114,A,FALSE,1,0,5,0,1,4,1,arbol,Spanish,Sounds/spa_arbol.mp3,2020-06-16_18h21.28.323,TranslationElicitation_eng-prolific-spa,3.2.4,Win32,60,1.880000114,,,,,,
,,,,,,,,,,,,,,,,,,,,,,,,,,,,,,,,,,,,,,,,,,,,,1,0,5,0,1,4,1,arbol,Spanish,Sounds/spa_arbol.mp3,2020-06-16_18h21.28.323,TranslationElicitation_eng-prolific-spa,3.2.4,Win32,60,,,,,,,
,,,,,,,,,,,,,,,,,,,,,,,,,,,,,,,,,,,,,,,,,b,1.021999836,B,FALSE,1,0,5,2,1,4,26,chaqueta,Spanish,Sounds/spa_chaqueta.mp3,2020-06-16_18h21.28.323,TranslationElicitation_eng-prolific-spa,3.2.4,Win32,60,,,,,,,
,,,,,,,,,,,,,,,,,,,,,,,,,,,,,,,,,,,,,,,,,return,1.532999992,B,FALSE,1,0,5,2,1,4,26,chaqueta,Spanish,Sounds/spa_chaqueta.mp3,2020-06-16_18h21.28.323,TranslationElicitation_eng-prolific-spa,3.2.4,Win32,60,1.532999992,,,,,,
,,,,,,,,,,,,,,,,,,,,,,,,,,,,,,,,,,,,,,,,,,,,,1,0,5,2,1,4,26,chaqueta,Spanish,Sounds/spa_chaqueta.mp3,2020-06-16_18h21.28.323,TranslationElicitation_eng-prolific-spa,3.2.4,Win32,60,,,,,,,
,,,,,,,,,,,,,,,,,,,,,,,,,,,,,,,,,,,,,,,,,c,1.086999893,C,FALSE,1,0,5,3,1,4,70,ola,Spanish,Sounds/spa_ola.mp3,2020-06-16_18h21.28.323,TranslationElicitation_eng-prolific-spa,3.2.4,Win32,60,,,,,,,
,,,,,,,,,,,,,,,,,,,,,,,,,,,,,,,,,,,,,,,,,return,1.34100008,C,FALSE,1,0,5,3,1,4,70,ola,Spanish,Sounds/spa_ola.mp3,2020-06-16_18h21.28.323,TranslationElicitation_eng-prolific-spa,3.2.4,Win32,60,1.34100008,,,,,,
,,,,,,,,,,,,,,,,,,,,,,,,,,,,,,,,,,,,,,,,,,,,,1,0,5,3,1,4,70,ola,Spanish,Sounds/spa_ola.mp3,2020-06-16_18h21.28.323,TranslationElicitation_eng-prolific-spa,3.2.4,Win32,60,,,,,,,
,,,,,,,,,,,,,,,,,,,,,,,,,,,,,,,,,,,,,,,,,d,1.786000013,D,FALSE,1,0,5,4,1,4,96,tigre,Spanish,Sounds/spa_tigre.mp3,2020-06-16_18h21.28.323,TranslationElicitation_eng-prolific-spa,3.2.4,Win32,60,,,,,,,
,,,,,,,,,,,,,,,,,,,,,,,,,,,,,,,,,,,,,,,,,return,2.104000092,D,FALSE,1,0,5,4,1,4,96,tigre,Spanish,Sounds/spa_tigre.mp3,2020-06-16_18h21.28.323,TranslationElicitation_eng-prolific-spa,3.2.4,Win32,60,2.104000092,,,,,,
,,,,,,,,,,,,,,,,,,,,,,,,,,,,,,,,,,,,,,,,,,,,,1,0,5,4,1,4,96,tigre,Spanish,Sounds/spa_tigre.mp3,2020-06-16_18h21.28.323,TranslationElicitation_eng-prolific-spa,3.2.4,Win32,60,,,,,,,
,,,,,,,,,,,,,,,,,,,,,,,,,,,,,,,,,,,,,,,,,return,1.850999832,,FALSE,1,0,5,1,1,4,30,corona,Spanish,Sounds/spa_corona.mp3,2020-06-16_18h21.28.323,TranslationElicitation_eng-prolific-spa,3.2.4,Win32,60,1.850999832,,,,,,
,,,,,,,,,,,,,,,,,,,,,,,,,,,,,,,,,,,,,,,,,,,,,1,0,5,1,1,4,30,corona,Spanish,Sounds/spa_corona.mp3,2020-06-16_18h21.28.323,TranslationElicitation_eng-prolific-spa,3.2.4,Win32,60,,,,,,,
,,,,,,,,,,,,,,,,,,,,,,,,,,,,,,,,,,,,,,,,,a,1.274000168,A,FALSE,,,,,,,98,tobogan,Spanish,Sounds/spa_tobogan.mp3,2020-06-16_18h21.28.323,TranslationElicitation_eng-prolific-spa,3.2.4,Win32,60,,1,0,98,92,1,97
,,,,,,,,,,,,,,,,,,,,,,,,,,,,,,,,,,,,,,,,,return,1.687000036,A,FALSE,,,,,,,98,tobogan,Spanish,Sounds/spa_tobogan.mp3,2020-06-16_18h21.28.323,TranslationElicitation_eng-prolific-spa,3.2.4,Win32,60,1.687000036,1,0,98,92,1,97
,,,,,,,,,,,,,,,,,,,,,,,,,,,,,,,,,,,,,,,,,,,,,,,,,,,98,tobogan,Spanish,Sounds/spa_tobogan.mp3,2020-06-16_18h21.28.323,TranslationElicitation_eng-prolific-spa,3.2.4,Win32,60,,1,0,98,92,1,97
,,,,,,,,,,,,,,,,,,,,,,,,,,,,,,,,,,,,,,,,,a,1.592999935,A,FALSE,,,,,,,54,lengua,Spanish,Sounds/spa_lengua.mp3,2020-06-16_18h21.28.323,TranslationElicitation_eng-prolific-spa,3.2.4,Win32,60,,1,0,98,50,1,97
,,,,,,,,,,,,,,,,,,,,,,,,,,,,,,,,,,,,,,,,,return,2.069000006,A,FALSE,,,,,,,54,lengua,Spanish,Sounds/spa_lengua.mp3,2020-06-16_18h21.28.323,TranslationElicitation_eng-prolific-spa,3.2.4,Win32,60,2.069000006,1,0,98,50,1,97
,,,,,,,,,,,,,,,,,,,,,,,,,,,,,,,,,,,,,,,,,,,,,,,,,,,54,lengua,Spanish,Sounds/spa_lengua.mp3,2020-06-16_18h21.28.323,TranslationElicitation_eng-prolific-spa,3.2.4,Win32,60,,1,0,98,50,1,97
,,,,,,,,,,,,,,,,,,,,,,,,,,,,,,,,,,,,,,,,,a,1.656000137,A,FALSE,,,,,,,50,jirafa,Spanish,Sounds/spa_jirafa.mp3,2020-06-16_18h21.28.323,TranslationElicitation_eng-prolific-spa,3.2.4,Win32,60,,1,0,98,46,1,97
,,,,,,,,,,,,,,,,,,,,,,,,,,,,,,,,,,,,,,,,,return,1.911000013,A,FALSE,,,,,,,50,jirafa,Spanish,Sounds/spa_jirafa.mp3,2020-06-16_18h21.28.323,TranslationElicitation_eng-prolific-spa,3.2.4,Win32,60,1.911000013,1,0,98,46,1,97
,,,,,,,,,,,,,,,,,,,,,,,,,,,,,,,,,,,,,,,,,,,,,,,,,,,50,jirafa,Spanish,Sounds/spa_jirafa.mp3,2020-06-16_18h21.28.323,TranslationElicitation_eng-prolific-spa,3.2.4,Win32,60,,1,0,98,46,1,97
