consentKey.keys,consentKey.rt,languageL1Key.keys,languageL1Key.rt,languageL2,languageL2OralKey.keys,languageL2OralKey.rt,languageL2WrittenKey.keys,languageL2WrittenKey.rt,languageL3OralKey.keys,languageL3OralKey.rt,languageL3WrittenKey.keys,languageL3WrittenKey.rt,languageCatalanOralKey.keys,languageCatalanOralKey.rt,languageCatalanWrittenKey.keys,languageCatalanWrittenKey.rt,languageCatalanTimeKey.keys,languageCatalanTimeKey.rt,languageSpanishOralKey.keys,languageSpanishOralKey.rt,languageSpanishWrittenKey.keys,languageSpanishWrittenKey.rt,languageSpanishTimeKey.keys,languageSpanishTimeKey.rt,age,demoSexKey.keys,demoSexKey.rt,demoEducationKey.keys,demoEducationKey.rt,city,demoVisionKey.keys,demoVisionKey.rt,demoLanguageKey.keys,demoLanguageKey.rt,setupLocationKey.keys,setupLocationKey.rt,setupNoiseKey.keys,setupNoiseKey.rt,instructionsKeys.keys,instructionsKeys.rt,keyPressed,keyPressTime,inputText,error,trialsPracticeSpanish.thisRepN,trialsPracticeSpanish.thisTrialN,trialsPracticeSpanish.thisN,trialsPracticeSpanish.thisIndex,trialsPracticeSpanish.ran,trialsPracticeSpanish.order,trial_id,word,test_language,soundfile,date,expName,psychopyVersion,OS,frameRate,participant,trialOffset,trialsSpanish.thisRepN,trialsSpanish.thisTrialN,trialsSpanish.thisN,trialsSpanish.thisIndex,trialsSpanish.ran,trialsSpanish.order
space,0.464999914,e,2.061000109,,,,,,,,,,1,0.865999937,1,0.18599987,1,0.203000069,1,0.166999817,1,0.180000067,1,0.16899991,11,f,1.411999941,1,0.53399992,11,y,1.054999828,y,0.122999907,1,0.486000061,1,0.183999777,space,0.674000025,t,1.437000036,T,FALSE,1,0,5,0,1,4,1,arbol,Spanish,Sounds/spa_arbol.mp3,2020-06-16_18h24.33.956,TranslationElicitation_eng-prolific-spa,3.2.4,Win32,60,serene,,,,,,,
,,,,,,,,,,,,,,,,,,,,,,,,,,,,,,,,,,,,,,,,,t,1.756999969,TT,FALSE,1,0,5,0,1,4,1,arbol,Spanish,Sounds/spa_arbol.mp3,2020-06-16_18h24.33.956,TranslationElicitation_eng-prolific-spa,3.2.4,Win32,60,serene,,,,,,,
,,,,,,,,,,,,,,,,,,,,,,,,,,,,,,,,,,,,,,,,,backspace,2.171000004,T,TRUE,1,0,5,0,1,4,1,arbol,Spanish,Sounds/spa_arbol.mp3,2020-06-16_18h24.33.956,TranslationElicitation_eng-prolific-spa,3.2.4,Win32,60,serene,,,,,,,
,,,,,,,,,,,,,,,,,,,,,,,,,,,,,,,,,,,,,,,,,return,2.457999945,T,TRUE,1,0,5,0,1,4,1,arbol,Spanish,Sounds/spa_arbol.mp3,2020-06-16_18h24.33.956,TranslationElicitation_eng-prolific-spa,3.2.4,Win32,60,serene,2.457999945,,,,,,
,,,,,,,,,,,,,,,,,,,,,,,,,,,,,,,,,,,,,,,,,,,,,1,0,5,0,1,4,1,arbol,Spanish,Sounds/spa_arbol.mp3,2020-06-16_18h24.33.956,TranslationElicitation_eng-prolific-spa,3.2.4,Win32,60,serene,,,,,,,
,,,,,,,,,,,,,,,,,,,,,,,,,,,,,,,,,,,,,,,,,e,1.082000017,E,FALSE,1,0,5,2,1,4,26,chaqueta,Spanish,Sounds/spa_chaqueta.mp3,2020-06-16_18h24.33.956,TranslationElicitation_eng-prolific-spa,3.2.4,Win32,60,serene,,,,,,,
,,,,,,,,,,,,,,,,,,,,,,,,,,,,,,,,,,,,,,,,,return,1.687999964,E,FALSE,1,0,5,2,1,4,26,chaqueta,Spanish,Sounds/spa_chaqueta.mp3,2020-06-16_18h24.33.956,TranslationElicitation_eng-prolific-spa,3.2.4,Win32,60,serene,1.687999964,,,,,,
,,,,,,,,,,,,,,,,,,,,,,,,,,,,,,,,,,,,,,,,,,,,,1,0,5,2,1,4,26,chaqueta,Spanish,Sounds/spa_chaqueta.mp3,2020-06-16_18h24.33.956,TranslationElicitation_eng-prolific-spa,3.2.4,Win32,60,serene,,,,,,,
,,,,,,,,,,,,,,,,,,,,,,,,,,,,,,,,,,,,,,,,,s,1.782000065,S,FALSE,1,0,5,4,1,4,96,tigre,Spanish,Sounds/spa_tigre.mp3,2020-06-16_18h24.33.956,TranslationElicitation_eng-prolific-spa,3.2.4,Win32,60,serene,,,,,,,
,,,,,,,,,,,,,,,,,,,,,,,,,,,,,,,,,,,,,,,,,return,2.006000042,S,FALSE,1,0,5,4,1,4,96,tigre,Spanish,Sounds/spa_tigre.mp3,2020-06-16_18h24.33.956,TranslationElicitation_eng-prolific-spa,3.2.4,Win32,60,serene,2.006000042,,,,,,
,,,,,,,,,,,,,,,,,,,,,,,,,,,,,,,,,,,,,,,,,,,,,1,0,5,4,1,4,96,tigre,Spanish,Sounds/spa_tigre.mp3,2020-06-16_18h24.33.956,TranslationElicitation_eng-prolific-spa,3.2.4,Win32,60,serene,,,,,,,
,,,,,,,,,,,,,,,,,,,,,,,,,,,,,,,,,,,,,,,,,t,1.593999863,T,FALSE,1,0,5,1,1,4,30,corona,Spanish,Sounds/spa_corona.mp3,2020-06-16_18h24.33.956,TranslationElicitation_eng-prolific-spa,3.2.4,Win32,60,serene,,,,,,,
,,,,,,,,,,,,,,,,,,,,,,,,,,,,,,,,,,,,,,,,,return,1.78399992,T,FALSE,1,0,5,1,1,4,30,corona,Spanish,Sounds/spa_corona.mp3,2020-06-16_18h24.33.956,TranslationElicitation_eng-prolific-spa,3.2.4,Win32,60,serene,1.78399992,,,,,,
,,,,,,,,,,,,,,,,,,,,,,,,,,,,,,,,,,,,,,,,,,,,,1,0,5,1,1,4,30,corona,Spanish,Sounds/spa_corona.mp3,2020-06-16_18h24.33.956,TranslationElicitation_eng-prolific-spa,3.2.4,Win32,60,serene,,,,,,,
,,,,,,,,,,,,,,,,,,,,,,,,,,,,,,,,,,,,,,,,,return,1.622000217,,FALSE,1,0,5,3,1,4,70,ola,Spanish,Sounds/spa_ola.mp3,2020-06-16_18h24.33.956,TranslationElicitation_eng-prolific-spa,3.2.4,Win32,60,serene,1.622000217,,,,,,
,,,,,,,,,,,,,,,,,,,,,,,,,,,,,,,,,,,,,,,,,,,,,1,0,5,3,1,4,70,ola,Spanish,Sounds/spa_ola.mp3,2020-06-16_18h24.33.956,TranslationElicitation_eng-prolific-spa,3.2.4,Win32,60,serene,,,,,,,
,,,,,,,,,,,,,,,,,,,,,,,,,,,,,,,,,,,,,,,,,b,1.722999811,B,FALSE,,,,,,,87,platano,Spanish,Sounds/spa_platano.mp3,2020-06-16_18h24.33.956,TranslationElicitation_eng-prolific-spa,3.2.4,Win32,60,serene,,1,0,98,82,1,97
,,,,,,,,,,,,,,,,,,,,,,,,,,,,,,,,,,,,,,,,,return,1.913999796,B,FALSE,,,,,,,87,platano,Spanish,Sounds/spa_platano.mp3,2020-06-16_18h24.33.956,TranslationElicitation_eng-prolific-spa,3.2.4,Win32,60,serene,1.913999796,1,0,98,82,1,97
,,,,,,,,,,,,,,,,,,,,,,,,,,,,,,,,,,,,,,,,,,,,,,,,,,,87,platano,Spanish,Sounds/spa_platano.mp3,2020-06-16_18h24.33.956,TranslationElicitation_eng-prolific-spa,3.2.4,Win32,60,serene,,1,0,98,82,1,97
,,,,,,,,,,,,,,,,,,,,,,,,,,,,,,,,,,,,,,,,,b,1.684000015,B,FALSE,,,,,,,14,burro,Spanish,Sounds/spa_burro.mp3,2020-06-16_18h24.33.956,TranslationElicitation_eng-prolific-spa,3.2.4,Win32,60,serene,,1,0,98,12,1,97
,,,,,,,,,,,,,,,,,,,,,,,,,,,,,,,,,,,,,,,,,return,2.069000006,B,FALSE,,,,,,,14,burro,Spanish,Sounds/spa_burro.mp3,2020-06-16_18h24.33.956,TranslationElicitation_eng-prolific-spa,3.2.4,Win32,60,serene,2.069000006,1,0,98,12,1,97
,,,,,,,,,,,,,,,,,,,,,,,,,,,,,,,,,,,,,,,,,,,,,,,,,,,14,burro,Spanish,Sounds/spa_burro.mp3,2020-06-16_18h24.33.956,TranslationElicitation_eng-prolific-spa,3.2.4,Win32,60,serene,,1,0,98,12,1,97
,,,,,,,,,,,,,,,,,,,,,,,,,,,,,,,,,,,,,,,,,a,1.694000006,A,FALSE,,,,,,,68,naranja,Spanish,Sounds/spa_naranja.mp3,2020-06-16_18h24.33.956,TranslationElicitation_eng-prolific-spa,3.2.4,Win32,60,serene,,1,0,98,64,1,97
,,,,,,,,,,,,,,,,,,,,,,,,,,,,,,,,,,,,,,,,,return,2.197000027,A,FALSE,,,,,,,68,naranja,Spanish,Sounds/spa_naranja.mp3,2020-06-16_18h24.33.956,TranslationElicitation_eng-prolific-spa,3.2.4,Win32,60,serene,2.197000027,1,0,98,64,1,97
,,,,,,,,,,,,,,,,,,,,,,,,,,,,,,,,,,,,,,,,,,,,,,,,,,,68,naranja,Spanish,Sounds/spa_naranja.mp3,2020-06-16_18h24.33.956,TranslationElicitation_eng-prolific-spa,3.2.4,Win32,60,serene,,1,0,98,64,1,97
,,,,,,,,,,,,,,,,,,,,,,,,,,,,,,,,,,,,,,,,,a,1.690999985,A,FALSE,,,,,,,52,lapiz,Spanish,Sounds/spa_lapiz.mp3,2020-06-16_18h24.33.956,TranslationElicitation_eng-prolific-spa,3.2.4,Win32,60,serene,,1,0,98,48,1,97
,,,,,,,,,,,,,,,,,,,,,,,,,,,,,,,,,,,,,,,,,return,2.134000063,A,FALSE,,,,,,,52,lapiz,Spanish,Sounds/spa_lapiz.mp3,2020-06-16_18h24.33.956,TranslationElicitation_eng-prolific-spa,3.2.4,Win32,60,serene,2.134000063,1,0,98,48,1,97
,,,,,,,,,,,,,,,,,,,,,,,,,,,,,,,,,,,,,,,,,,,,,,,,,,,52,lapiz,Spanish,Sounds/spa_lapiz.mp3,2020-06-16_18h24.33.956,TranslationElicitation_eng-prolific-spa,3.2.4,Win32,60,serene,,1,0,98,48,1,97
