consentKey.keys,consentKey.rt,languageL1Key.keys,languageL1Key.rt,languageL2,languageL2OralKey.keys,languageL2OralKey.rt,languageL2WrittenKey.keys,languageL2WrittenKey.rt,languageL3,languageL3OralKey.keys,languageL3WrittenKey.keys,languageCatalanOralKey.keys,languageCatalanOralKey.rt,languageCatalanWrittenKey.keys,languageCatalanWrittenKey.rt,languageCatalanTimeKey.keys,languageCatalanTimeKey.rt,languageSpanishOralKey.keys,languageSpanishOralKey.rt,languageSpanishWrittenKey.keys,languageSpanishWrittenKey.rt,languageSpanishTimeKey.keys,languageSpanishTimeKey.rt,age,demoSexKey.keys,demoSexKey.rt,demoEducationKey.keys,demoEducationKey.rt,city,demoVisionKey.keys,demoVisionKey.rt,demoLanguageKey.keys,demoLanguageKey.rt,setupLocationKey.keys,setupLocationKey.rt,setupNoiseKey.keys,setupNoiseKey.rt,instructionsKeys.keys,instructionsKeys.rt,trialOffset,keyPressTime,keyPressed,inputText,error,trialsPracticeCatalan.thisRepN,trialsPracticeCatalan.thisTrialN,trialsPracticeCatalan.thisN,trialsPracticeCatalan.thisIndex,trialsPracticeCatalan.ran,trialsPracticeCatalan.order,trial_id,word,test_language,soundfile,date,expName,psychopyVersion,OS,frameRate,participant,trialsCatalan.thisRepN,trialsCatalan.thisTrialN,trialsCatalan.thisN,trialsCatalan.thisIndex,trialsCatalan.ran,trialsCatalan.order
space,0.289645,e,1.910435, ,1,1.95368,1,0.193875,,,,1,0.51266,1,0.21641,1,0.11085,1,0.29826,1,0.211485,1,0.165585,1,f,1.78391,1,0.658375,O,y,1.194985,n,0.53209,1,0.92554,1,0.17807,space,1.006715,1.24936,1.24936,return,,FALSE,1,0,5,2,1,4,147,jaqueta,Catalan,Sounds/cat_jaqueta.mp3,2020-05-27_10h36.11.309,TranslationElicitation_eng,2020.1.2,Win32,60,%PROLIFIC_PID%,,,,,,
,,,,,,,,,,,,,,,,,,,,,,,,,,,,,,,,,,,,,,,,,,,,,0,0,0,3,1,,159,onada,Catalan,Sounds/cat_onada.mp3,2020-05-27_10h36.11.309,TranslationElicitation_eng,2020.1.2,Win32,60,%PROLIFIC_PID%,,,,,,
,,,,,,,,,,,,,,,,,,,,,,,,,,,,,,,,,,,,,,,,,2.517765,p,P,FALSE,1,0,5,2,1,4,147,jaqueta,Catalan,Sounds/cat_jaqueta.mp3,2020-05-27_10h36.11.309,TranslationElicitation_eng,2020.1.2,Win32,60,%PROLIFIC_PID%,,,,,,
,,,,,,,,,,,,,,,,,,,,,,,,,,,,,,,,,,,,,,,,2.68445,2.68445,return,P,FALSE,1,0,5,2,1,4,147,jaqueta,Catalan,Sounds/cat_jaqueta.mp3,2020-05-27_10h36.11.309,TranslationElicitation_eng,2020.1.2,Win32,60,%PROLIFIC_PID%,,,,,,
,,,,,,,,,,,,,,,,,,,,,,,,,,,,,,,,,,,,,,,,,,,,,0,1,1,0,1,,109,arbre,Catalan,Sounds/cat_arbre.mp3,2020-05-27_10h36.11.309,TranslationElicitation_eng,2020.1.2,Win32,60,%PROLIFIC_PID%,,,,,,
,,,,,,,,,,,,,,,,,,,,,,,,,,,,,,,,,,,,,,,,,1.200115,a,A,FALSE,1,0,5,2,1,4,147,jaqueta,Catalan,Sounds/cat_jaqueta.mp3,2020-05-27_10h36.11.309,TranslationElicitation_eng,2020.1.2,Win32,60,%PROLIFIC_PID%,,,,,,
,,,,,,,,,,,,,,,,,,,,,,,,,,,,,,,,,,,,,,,,1.66707,1.66707,return,A,FALSE,1,0,5,2,1,4,147,jaqueta,Catalan,Sounds/cat_jaqueta.mp3,2020-05-27_10h36.11.309,TranslationElicitation_eng,2020.1.2,Win32,60,%PROLIFIC_PID%,,,,,,
,,,,,,,,,,,,,,,,,,,,,,,,,,,,,,,,,,,,,,,,,,,,,0,2,2,1,1,,126,corona,Catalan,Sounds/cat_corona.mp3,2020-05-27_10h36.11.309,TranslationElicitation_eng,2020.1.2,Win32,60,%PROLIFIC_PID%,,,,,,
,,,,,,,,,,,,,,,,,,,,,,,,,,,,,,,,,,,,,,,,,1.80066,h,H,FALSE,1,0,5,2,1,4,147,jaqueta,Catalan,Sounds/cat_jaqueta.mp3,2020-05-27_10h36.11.309,TranslationElicitation_eng,2020.1.2,Win32,60,%PROLIFIC_PID%,,,,,,
,,,,,,,,,,,,,,,,,,,,,,,,,,,,,,,,,,,,,,,,2.234185,2.234185,return,H,FALSE,1,0,5,2,1,4,147,jaqueta,Catalan,Sounds/cat_jaqueta.mp3,2020-05-27_10h36.11.309,TranslationElicitation_eng,2020.1.2,Win32,60,%PROLIFIC_PID%,,,,,,
,,,,,,,,,,,,,,,,,,,,,,,,,,,,,,,,,,,,,,,,,,,,,0,3,3,4,1,,179,tigre,Catalan,Sounds/cat_tigre.mp3,2020-05-27_10h36.11.309,TranslationElicitation_eng,2020.1.2,Win32,60,%PROLIFIC_PID%,,,,,,
,,,,,,,,,,,,,,,,,,,,,,,,,,,,,,,,,,,,,,,,,1.80074,v,V,FALSE,1,0,5,2,1,4,147,jaqueta,Catalan,Sounds/cat_jaqueta.mp3,2020-05-27_10h36.11.309,TranslationElicitation_eng,2020.1.2,Win32,60,%PROLIFIC_PID%,,,,,,
,,,,,,,,,,,,,,,,,,,,,,,,,,,,,,,,,,,,,,,,2.00077,2.00077,return,V,FALSE,1,0,5,2,1,4,147,jaqueta,Catalan,Sounds/cat_jaqueta.mp3,2020-05-27_10h36.11.309,TranslationElicitation_eng,2020.1.2,Win32,60,%PROLIFIC_PID%,,,,,,
,,,,,,,,,,,,,,,,,,,,,,,,,,,,,,,,,,,,,,,,,1.36693,s,S,FALSE,,,,,,,180,tisores,Catalan,Sounds/cat_tisores.mp3,2020-05-27_10h36.11.309,TranslationElicitation_eng,2020.1.2,Win32,60,%PROLIFIC_PID%,1,0,81,71,1,80
,,,,,,,,,,,,,,,,,,,,,,,,,,,,,,,,,,,,,,,,1.666855,1.666855,return,S,FALSE,,,,,,,180,tisores,Catalan,Sounds/cat_tisores.mp3,2020-05-27_10h36.11.309,TranslationElicitation_eng,2020.1.2,Win32,60,%PROLIFIC_PID%,1,0,81,71,1,80
,,,,,,,,,,,,,,,,,,,,,,,,,,,,,,,,,,,,,,,,,,,,,,,,,,,142,girafa,Catalan,Sounds/cat_girafa.mp3,2020-05-27_10h36.11.309,TranslationElicitation_eng,2020.1.2,Win32,60,%PROLIFIC_PID%,0,0,0,36,1,
,,,,,,,,,,,,,,,,,,,,,,,,,,,,,,,,,,,,,,,,,1.183545,s,S,FALSE,,,,,,,180,tisores,Catalan,Sounds/cat_tisores.mp3,2020-05-27_10h36.11.309,TranslationElicitation_eng,2020.1.2,Win32,60,%PROLIFIC_PID%,1,0,81,71,1,80
,,,,,,,,,,,,,,,,,,,,,,,,,,,,,,,,,,,,,,,,1.70034,1.70034,return,S,FALSE,,,,,,,180,tisores,Catalan,Sounds/cat_tisores.mp3,2020-05-27_10h36.11.309,TranslationElicitation_eng,2020.1.2,Win32,60,%PROLIFIC_PID%,1,0,81,71,1,80
,,,,,,,,,,,,,,,,,,,,,,,,,,,,,,,,,,,,,,,,,,,,,,,,,,,178,taronja,Catalan,Sounds/cat_taronja.mp3,2020-05-27_10h36.11.309,TranslationElicitation_eng,2020.1.2,Win32,60,%PROLIFIC_PID%,0,1,1,70,1,
