consentKey.keys,consentKey.rt,languageL1Key.keys,languageL1Key.rt,languageL2,languageL2OralKey.keys,languageL2WrittenKey.keys,languageL3OralKey.keys,languageL3WrittenKey.keys,languageCatalanOralKey.keys,languageCatalanOralKey.rt,languageCatalanWrittenKey.keys,languageCatalanWrittenKey.rt,languageCatalanTimeKey.keys,languageCatalanTimeKey.rt,languageSpanishOralKey.keys,languageSpanishOralKey.rt,languageSpanishWrittenKey.keys,languageSpanishWrittenKey.rt,languageSpanishTimeKey.keys,languageSpanishTimeKey.rt,age,demoSexKey.keys,demoSexKey.rt,demoEducationKey.keys,demoEducationKey.rt,city,demoVisionKey.keys,demoVisionKey.rt,demoLanguageKey.keys,demoLanguageKey.rt,setupLocationKey.keys,setupLocationKey.rt,setupNoiseKey.keys,setupNoiseKey.rt,instructionsKeys.keys,instructionsKeys.rt,keyPressed,keyPressTime,inputText,error,trialsPracticeCatalan.thisRepN,trialsPracticeCatalan.thisTrialN,trialsPracticeCatalan.thisN,trialsPracticeCatalan.thisIndex,trialsPracticeCatalan.ran,trialsPracticeCatalan.order,trial_id,word,test_language,soundfile,date,expName,psychopyVersion,OS,frameRate,participant,trialOffset
space,0.267675,e,0.967665,,,,,,1,0.90771,1,0.233625,1,0.184225,1,0.13394,1,0.117455,1,0.133925,11,f,1.101275,1,1.229905,SPACE,y,1.10726,y,0.150535,1,0.551085,1,0.168325,space,0.81735,q,1.450445,Q,FALSE,1,0,5,1,1,4,126,corona,Catalan,Sounds/cat_corona.mp3,2020-05-27_10h58.04.552,TranslationElicitation_eng,2020.1.2,Win32,60,5eb3dd15b97d6b1cf6fc9498,
,,,,,,,,,,,,,,,,,,,,,,,,,,,,,,,,,,,,,return,1.867185,Q,FALSE,1,0,5,1,1,4,126,corona,Catalan,Sounds/cat_corona.mp3,2020-05-27_10h58.04.552,TranslationElicitation_eng,2020.1.2,Win32,60,5eb3dd15b97d6b1cf6fc9498,1.867185
,,,,,,,,,,,,,,,,,,,,,,,,,,,,,,,,,,,,,,,,,0,0,0,0,1,,109,arbre,Catalan,Sounds/cat_arbre.mp3,2020-05-27_10h58.04.552,TranslationElicitation_eng,2020.1.2,Win32,60,5eb3dd15b97d6b1cf6fc9498,
,,,,,,,,,,,,,,,,,,,,,,,,,,,,,,,,,,,,,w,1.333795,W,FALSE,1,0,5,1,1,4,126,corona,Catalan,Sounds/cat_corona.mp3,2020-05-27_10h58.04.552,TranslationElicitation_eng,2020.1.2,Win32,60,5eb3dd15b97d6b1cf6fc9498,
,,,,,,,,,,,,,,,,,,,,,,,,,,,,,,,,,,,,,return,1.650405,W,FALSE,1,0,5,1,1,4,126,corona,Catalan,Sounds/cat_corona.mp3,2020-05-27_10h58.04.552,TranslationElicitation_eng,2020.1.2,Win32,60,5eb3dd15b97d6b1cf6fc9498,1.650405
,,,,,,,,,,,,,,,,,,,,,,,,,,,,,,,,,,,,,,,,,0,1,1,2,1,,147,jaqueta,Catalan,Sounds/cat_jaqueta.mp3,2020-05-27_10h58.04.552,TranslationElicitation_eng,2020.1.2,Win32,60,5eb3dd15b97d6b1cf6fc9498,
,,,,,,,,,,,,,,,,,,,,,,,,,,,,,,,,,,,,,e,1.1673,E,FALSE,1,0,5,1,1,4,126,corona,Catalan,Sounds/cat_corona.mp3,2020-05-27_10h58.04.552,TranslationElicitation_eng,2020.1.2,Win32,60,5eb3dd15b97d6b1cf6fc9498,
,,,,,,,,,,,,,,,,,,,,,,,,,,,,,,,,,,,,,return,1.36887,E,FALSE,1,0,5,1,1,4,126,corona,Catalan,Sounds/cat_corona.mp3,2020-05-27_10h58.04.552,TranslationElicitation_eng,2020.1.2,Win32,60,5eb3dd15b97d6b1cf6fc9498,1.36887
,,,,,,,,,,,,,,,,,,,,,,,,,,,,,,,,,,,,,,,,,0,2,2,3,1,,159,onada,Catalan,Sounds/cat_onada.mp3,2020-05-27_10h58.04.552,TranslationElicitation_eng,2020.1.2,Win32,60,5eb3dd15b97d6b1cf6fc9498,
,,,,,,,,,,,,,,,,,,,,,,,,,,,,,,,,,,,,,r,1.43375,R,FALSE,1,0,5,1,1,4,126,corona,Catalan,Sounds/cat_corona.mp3,2020-05-27_10h58.04.552,TranslationElicitation_eng,2020.1.2,Win32,60,5eb3dd15b97d6b1cf6fc9498,
,,,,,,,,,,,,,,,,,,,,,,,,,,,,,,,,,,,,,return,1.850335,R,FALSE,1,0,5,1,1,4,126,corona,Catalan,Sounds/cat_corona.mp3,2020-05-27_10h58.04.552,TranslationElicitation_eng,2020.1.2,Win32,60,5eb3dd15b97d6b1cf6fc9498,1.850335
,,,,,,,,,,,,,,,,,,,,,,,,,,,,,,,,,,,,,,,,,0,3,3,4,1,,179,tigre,Catalan,Sounds/cat_tigre.mp3,2020-05-27_10h58.04.552,TranslationElicitation_eng,2020.1.2,Win32,60,5eb3dd15b97d6b1cf6fc9498,
,,,,,,,,,,,,,,,,,,,,,,,,,,,,,,,,,,,,,t,1.53394,T,FALSE,1,0,5,1,1,4,126,corona,Catalan,Sounds/cat_corona.mp3,2020-05-27_10h58.04.552,TranslationElicitation_eng,2020.1.2,Win32,60,5eb3dd15b97d6b1cf6fc9498,
,,,,,,,,,,,,,,,,,,,,,,,,,,,,,,,,,,,,,return,1.81772,T,FALSE,1,0,5,1,1,4,126,corona,Catalan,Sounds/cat_corona.mp3,2020-05-27_10h58.04.552,TranslationElicitation_eng,2020.1.2,Win32,60,5eb3dd15b97d6b1cf6fc9498,1.81772
