consentKey.keys,consentKey.rt,languageL1Key.keys,languageL1Key.rt,languageL2,languageL2OralKey.keys,languageL2WrittenKey.keys,languageL3OralKey.keys,languageL3WrittenKey.keys,languageCatalanOralKey.keys,languageCatalanOralKey.rt,languageCatalanWrittenKey.keys,languageCatalanWrittenKey.rt,languageCatalanTimeKey.keys,languageCatalanTimeKey.rt,languageSpanishOralKey.keys,languageSpanishOralKey.rt,languageSpanishWrittenKey.keys,languageSpanishWrittenKey.rt,languageSpanishTimeKey.keys,languageSpanishTimeKey.rt,age,demoSexKey.keys,demoSexKey.rt,demoEducationKey.keys,demoEducationKey.rt,city,demoVisionKey.keys,demoVisionKey.rt,demoLanguageKey.keys,demoLanguageKey.rt,setupLocationKey.keys,setupLocationKey.rt,setupNoiseKey.keys,setupNoiseKey.rt,instructionsKeys.keys,instructionsKeys.rt,keyPressed,keyPressTime,inputText,error,trialsPracticeSpanish.thisRepN,trialsPracticeSpanish.thisTrialN,trialsPracticeSpanish.thisN,trialsPracticeSpanish.thisIndex,trialsPracticeSpanish.ran,trialsPracticeSpanish.order,trial_id,word,test_language,soundfile,date,expName,psychopyVersion,OS,frameRate,participant,trialOffset,trialsSpanish.thisRepN,trialsSpanish.thisTrialN,trialsSpanish.thisN,trialsSpanish.thisIndex,trialsSpanish.ran,trialsSpanish.order
space,1.132435,e,1.3503,,,,,,1,1.62342,1,0.524445,1,0.50565,1,0.51827,1,0.56763,1,0.5257,1,f,0.99714,1,0.944195,O,y,1.36992,n,0.427425,1,0.886785,1,0.47899,space,29.51921,c,3.26771,C,FALSE,1,0,5,0,1,4,1,arbol,Spanish,Sounds/spa_arbol.mp3,2020-05-28_09h55.38.902,TranslationElicitation_eng,2020.1.2,Win32,60,5eb3dd15b97d6b1cf6fc9498,,,,,,,
,,,,,,,,,,,,,,,,,,,,,,,,,,,,,,,,,,,,,r,3.51771,CR,FALSE,1,0,5,0,1,4,1,arbol,Spanish,Sounds/spa_arbol.mp3,2020-05-28_09h55.38.902,TranslationElicitation_eng,2020.1.2,Win32,60,5eb3dd15b97d6b1cf6fc9498,,,,,,,
,,,,,,,,,,,,,,,,,,,,,,,,,,,,,,,,,,,,,o,3.868135,CRO,FALSE,1,0,5,0,1,4,1,arbol,Spanish,Sounds/spa_arbol.mp3,2020-05-28_09h55.38.902,TranslationElicitation_eng,2020.1.2,Win32,60,5eb3dd15b97d6b1cf6fc9498,,,,,,,
,,,,,,,,,,,,,,,,,,,,,,,,,,,,,,,,,,,,,w,3.967915,CROW,FALSE,1,0,5,0,1,4,1,arbol,Spanish,Sounds/spa_arbol.mp3,2020-05-28_09h55.38.902,TranslationElicitation_eng,2020.1.2,Win32,60,5eb3dd15b97d6b1cf6fc9498,,,,,,,
,,,,,,,,,,,,,,,,,,,,,,,,,,,,,,,,,,,,,n,4.084805,CROWN,FALSE,1,0,5,0,1,4,1,arbol,Spanish,Sounds/spa_arbol.mp3,2020-05-28_09h55.38.902,TranslationElicitation_eng,2020.1.2,Win32,60,5eb3dd15b97d6b1cf6fc9498,,,,,,,
,,,,,,,,,,,,,,,,,,,,,,,,,,,,,,,,,,,,,return,4.436685,CROWN,FALSE,1,0,5,0,1,4,1,arbol,Spanish,Sounds/spa_arbol.mp3,2020-05-28_09h55.38.902,TranslationElicitation_eng,2020.1.2,Win32,60,5eb3dd15b97d6b1cf6fc9498,4.436685,,,,,,
,,,,,,,,,,,,,,,,,,,,,,,,,,,,,,,,,,,,,,,,,0,0,0,1,1,,30,corona,Spanish,Sounds/spa_corona.mp3,2020-05-28_09h55.38.902,TranslationElicitation_eng,2020.1.2,Win32,60,5eb3dd15b97d6b1cf6fc9498,,,,,,,
,,,,,,,,,,,,,,,,,,,,,,,,,,,,,,,,,,,,,j,1.850595,J,FALSE,1,0,5,0,1,4,1,arbol,Spanish,Sounds/spa_arbol.mp3,2020-05-28_09h55.38.902,TranslationElicitation_eng,2020.1.2,Win32,60,5eb3dd15b97d6b1cf6fc9498,,,,,,,
,,,,,,,,,,,,,,,,,,,,,,,,,,,,,,,,,,,,,return,2.601385,J,FALSE,1,0,5,0,1,4,1,arbol,Spanish,Sounds/spa_arbol.mp3,2020-05-28_09h55.38.902,TranslationElicitation_eng,2020.1.2,Win32,60,5eb3dd15b97d6b1cf6fc9498,2.601385,,,,,,
,,,,,,,,,,,,,,,,,,,,,,,,,,,,,,,,,,,,,,,,,0,1,1,2,1,,26,chaqueta,Spanish,Sounds/spa_chaqueta.mp3,2020-05-28_09h55.38.902,TranslationElicitation_eng,2020.1.2,Win32,60,5eb3dd15b97d6b1cf6fc9498,,,,,,,
,,,,,,,,,,,,,,,,,,,,,,,,,,,,,,,,,,,,,o,1.367305,O,FALSE,1,0,5,0,1,4,1,arbol,Spanish,Sounds/spa_arbol.mp3,2020-05-28_09h55.38.902,TranslationElicitation_eng,2020.1.2,Win32,60,5eb3dd15b97d6b1cf6fc9498,,,,,,,
,,,,,,,,,,,,,,,,,,,,,,,,,,,,,,,,,,,,,return,1.667295,O,FALSE,1,0,5,0,1,4,1,arbol,Spanish,Sounds/spa_arbol.mp3,2020-05-28_09h55.38.902,TranslationElicitation_eng,2020.1.2,Win32,60,5eb3dd15b97d6b1cf6fc9498,1.667295,,,,,,
,,,,,,,,,,,,,,,,,,,,,,,,,,,,,,,,,,,,,,,,,0,2,2,3,1,,70,ola,Spanish,Sounds/spa_ola.mp3,2020-05-28_09h55.38.902,TranslationElicitation_eng,2020.1.2,Win32,60,5eb3dd15b97d6b1cf6fc9498,,,,,,,
,,,,,,,,,,,,,,,,,,,,,,,,,,,,,,,,,,,,,t,1.58464,T,FALSE,1,0,5,0,1,4,1,arbol,Spanish,Sounds/spa_arbol.mp3,2020-05-28_09h55.38.902,TranslationElicitation_eng,2020.1.2,Win32,60,5eb3dd15b97d6b1cf6fc9498,,,,,,,
,,,,,,,,,,,,,,,,,,,,,,,,,,,,,,,,,,,,,return,1.96852,T,FALSE,1,0,5,0,1,4,1,arbol,Spanish,Sounds/spa_arbol.mp3,2020-05-28_09h55.38.902,TranslationElicitation_eng,2020.1.2,Win32,60,5eb3dd15b97d6b1cf6fc9498,1.96852,,,,,,
,,,,,,,,,,,,,,,,,,,,,,,,,,,,,,,,,,,,,,,,,0,3,3,4,1,,96,tigre,Spanish,Sounds/spa_tigre.mp3,2020-05-28_09h55.38.902,TranslationElicitation_eng,2020.1.2,Win32,60,5eb3dd15b97d6b1cf6fc9498,,,,,,,
,,,,,,,,,,,,,,,,,,,,,,,,,,,,,,,,,,,,,a,1.31662,A,FALSE,1,0,5,0,1,4,1,arbol,Spanish,Sounds/spa_arbol.mp3,2020-05-28_09h55.38.902,TranslationElicitation_eng,2020.1.2,Win32,60,5eb3dd15b97d6b1cf6fc9498,,,,,,,
,,,,,,,,,,,,,,,,,,,,,,,,,,,,,,,,,,,,,return,1.750255,A,FALSE,1,0,5,0,1,4,1,arbol,Spanish,Sounds/spa_arbol.mp3,2020-05-28_09h55.38.902,TranslationElicitation_eng,2020.1.2,Win32,60,5eb3dd15b97d6b1cf6fc9498,1.750255,,,,,,
,,,,,,,,,,,,,,,,,,,,,,,,,,,,,,,,,,,,,y,1.633815,Y,FALSE,,,,,,,28,cielo,Spanish,Sounds/spa_cielo.mp3,2020-05-28_09h55.38.902,TranslationElicitation_eng,2020.1.2,Win32,60,5eb3dd15b97d6b1cf6fc9498,,1,0,98,25,1,97
,,,,,,,,,,,,,,,,,,,,,,,,,,,,,,,,,,,,,return,2.0685,Y,FALSE,,,,,,,28,cielo,Spanish,Sounds/spa_cielo.mp3,2020-05-28_09h55.38.902,TranslationElicitation_eng,2020.1.2,Win32,60,5eb3dd15b97d6b1cf6fc9498,2.0685,1,0,98,25,1,97
,,,,,,,,,,,,,,,,,,,,,,,,,,,,,,,,,,,,,,,,,,,,,,,44,gorrion,Spanish,Sounds/spa_gorrion.mp3,2020-05-28_09h55.38.902,TranslationElicitation_eng,2020.1.2,Win32,60,5eb3dd15b97d6b1cf6fc9498,,0,0,0,40,1,
,,,,,,,,,,,,,,,,,,,,,,,,,,,,,,,,,,,,,a,1.517455,A,FALSE,,,,,,,28,cielo,Spanish,Sounds/spa_cielo.mp3,2020-05-28_09h55.38.902,TranslationElicitation_eng,2020.1.2,Win32,60,5eb3dd15b97d6b1cf6fc9498,,1,0,98,25,1,97
,,,,,,,,,,,,,,,,,,,,,,,,,,,,,,,,,,,,,return,1.884,A,FALSE,,,,,,,28,cielo,Spanish,Sounds/spa_cielo.mp3,2020-05-28_09h55.38.902,TranslationElicitation_eng,2020.1.2,Win32,60,5eb3dd15b97d6b1cf6fc9498,1.884,1,0,98,25,1,97
,,,,,,,,,,,,,,,,,,,,,,,,,,,,,,,,,,,,,,,,,,,,,,,20,caracol,Spanish,Sounds/spa_caracol.mp3,2020-05-28_09h55.38.902,TranslationElicitation_eng,2020.1.2,Win32,60,5eb3dd15b97d6b1cf6fc9498,,0,1,1,18,1,
,,,,,,,,,,,,,,,,,,,,,,,,,,,,,,,,,,,,,y,1.367215,Y,FALSE,,,,,,,28,cielo,Spanish,Sounds/spa_cielo.mp3,2020-05-28_09h55.38.902,TranslationElicitation_eng,2020.1.2,Win32,60,5eb3dd15b97d6b1cf6fc9498,,1,0,98,25,1,97
,,,,,,,,,,,,,,,,,,,,,,,,,,,,,,,,,,,,,return,1.717205,Y,FALSE,,,,,,,28,cielo,Spanish,Sounds/spa_cielo.mp3,2020-05-28_09h55.38.902,TranslationElicitation_eng,2020.1.2,Win32,60,5eb3dd15b97d6b1cf6fc9498,1.717205,1,0,98,25,1,97
,,,,,,,,,,,,,,,,,,,,,,,,,,,,,,,,,,,,,,,,,,,,,,,37,flor,Spanish,Sounds/spa_flor.mp3,2020-05-28_09h55.38.902,TranslationElicitation_eng,2020.1.2,Win32,60,5eb3dd15b97d6b1cf6fc9498,,0,2,2,33,1,
,,,,,,,,,,,,,,,,,,,,,,,,,,,,,,,,,,,,,i,1.36732,I,FALSE,,,,,,,28,cielo,Spanish,Sounds/spa_cielo.mp3,2020-05-28_09h55.38.902,TranslationElicitation_eng,2020.1.2,Win32,60,5eb3dd15b97d6b1cf6fc9498,,1,0,98,25,1,97
,,,,,,,,,,,,,,,,,,,,,,,,,,,,,,,,,,,,,return,1.68399,I,FALSE,,,,,,,28,cielo,Spanish,Sounds/spa_cielo.mp3,2020-05-28_09h55.38.902,TranslationElicitation_eng,2020.1.2,Win32,60,5eb3dd15b97d6b1cf6fc9498,1.68399,1,0,98,25,1,97
,,,,,,,,,,,,,,,,,,,,,,,,,,,,,,,,,,,,,,,,,,,,,,,47,guitarra,Spanish,Sounds/spa_guitarra.mp3,2020-05-28_09h55.38.902,TranslationElicitation_eng,2020.1.2,Win32,60,5eb3dd15b97d6b1cf6fc9498,,0,3,3,43,1,
,,,,,,,,,,,,,,,,,,,,,,,,,,,,,,,,,,,,,t,1.750655,T,FALSE,,,,,,,28,cielo,Spanish,Sounds/spa_cielo.mp3,2020-05-28_09h55.38.902,TranslationElicitation_eng,2020.1.2,Win32,60,5eb3dd15b97d6b1cf6fc9498,,1,0,98,25,1,97
,,,,,,,,,,,,,,,,,,,,,,,,,,,,,,,,,,,,,return,2.050795,T,FALSE,,,,,,,28,cielo,Spanish,Sounds/spa_cielo.mp3,2020-05-28_09h55.38.902,TranslationElicitation_eng,2020.1.2,Win32,60,5eb3dd15b97d6b1cf6fc9498,2.050795,1,0,98,25,1,97
,,,,,,,,,,,,,,,,,,,,,,,,,,,,,,,,,,,,,,,,,,,,,,,3,barco,Spanish,Sounds/spa_barco.mp3,2020-05-28_09h55.38.902,TranslationElicitation_eng,2020.1.2,Win32,60,5eb3dd15b97d6b1cf6fc9498,,0,4,4,1,1,
,,,,,,,,,,,,,,,,,,,,,,,,,,,,,,,,,,,,,h,1.550385,H,FALSE,,,,,,,28,cielo,Spanish,Sounds/spa_cielo.mp3,2020-05-28_09h55.38.902,TranslationElicitation_eng,2020.1.2,Win32,60,5eb3dd15b97d6b1cf6fc9498,,1,0,98,25,1,97
,,,,,,,,,,,,,,,,,,,,,,,,,,,,,,,,,,,,,return,1.81731,H,FALSE,,,,,,,28,cielo,Spanish,Sounds/spa_cielo.mp3,2020-05-28_09h55.38.902,TranslationElicitation_eng,2020.1.2,Win32,60,5eb3dd15b97d6b1cf6fc9498,1.81731,1,0,98,25,1,97
,,,,,,,,,,,,,,,,,,,,,,,,,,,,,,,,,,,,,,,,,,,,,,,76,panal,Spanish,Sounds/spa_panal.mp3,2020-05-28_09h55.38.902,TranslationElicitation_eng,2020.1.2,Win32,60,5eb3dd15b97d6b1cf6fc9498,,0,5,5,71,1,
,,,,,,,,,,,,,,,,,,,,,,,,,,,,,,,,,,,,,i,1.28413,I,FALSE,,,,,,,28,cielo,Spanish,Sounds/spa_cielo.mp3,2020-05-28_09h55.38.902,TranslationElicitation_eng,2020.1.2,Win32,60,5eb3dd15b97d6b1cf6fc9498,,1,0,98,25,1,97
,,,,,,,,,,,,,,,,,,,,,,,,,,,,,,,,,,,,,return,1.63394,I,FALSE,,,,,,,28,cielo,Spanish,Sounds/spa_cielo.mp3,2020-05-28_09h55.38.902,TranslationElicitation_eng,2020.1.2,Win32,60,5eb3dd15b97d6b1cf6fc9498,1.63394,1,0,98,25,1,97
,,,,,,,,,,,,,,,,,,,,,,,,,,,,,,,,,,,,,,,,,,,,,,,61,mariposa,Spanish,Sounds/spa_mariposa.mp3,2020-05-28_09h55.38.902,TranslationElicitation_eng,2020.1.2,Win32,60,5eb3dd15b97d6b1cf6fc9498,,0,6,6,57,1,
,,,,,,,,,,,,,,,,,,,,,,,,,,,,,,,,,,,,,n,1.36687,N,FALSE,,,,,,,28,cielo,Spanish,Sounds/spa_cielo.mp3,2020-05-28_09h55.38.902,TranslationElicitation_eng,2020.1.2,Win32,60,5eb3dd15b97d6b1cf6fc9498,,1,0,98,25,1,97
,,,,,,,,,,,,,,,,,,,,,,,,,,,,,,,,,,,,,return,1.767295,N,FALSE,,,,,,,28,cielo,Spanish,Sounds/spa_cielo.mp3,2020-05-28_09h55.38.902,TranslationElicitation_eng,2020.1.2,Win32,60,5eb3dd15b97d6b1cf6fc9498,1.767295,1,0,98,25,1,97
,,,,,,,,,,,,,,,,,,,,,,,,,,,,,,,,,,,,,,,,,,,,,,,75,pan,Spanish,Sounds/spa_pan.mp3,2020-05-28_09h55.38.902,TranslationElicitation_eng,2020.1.2,Win32,60,5eb3dd15b97d6b1cf6fc9498,,0,7,7,70,1,
,,,,,,,,,,,,,,,,,,,,,,,,,,,,,,,,,,,,,k,1.66733,K,FALSE,,,,,,,28,cielo,Spanish,Sounds/spa_cielo.mp3,2020-05-28_09h55.38.902,TranslationElicitation_eng,2020.1.2,Win32,60,5eb3dd15b97d6b1cf6fc9498,,1,0,98,25,1,97
,,,,,,,,,,,,,,,,,,,,,,,,,,,,,,,,,,,,,return,1.9676,K,FALSE,,,,,,,28,cielo,Spanish,Sounds/spa_cielo.mp3,2020-05-28_09h55.38.902,TranslationElicitation_eng,2020.1.2,Win32,60,5eb3dd15b97d6b1cf6fc9498,1.9676,1,0,98,25,1,97
,,,,,,,,,,,,,,,,,,,,,,,,,,,,,,,,,,,,,,,,,,,,,,,90,pollo,Spanish,Sounds/spa_pollo.mp3,2020-05-28_09h55.38.902,TranslationElicitation_eng,2020.1.2,Win32,60,5eb3dd15b97d6b1cf6fc9498,,0,8,8,85,1,
,,,,,,,,,,,,,,,,,,,,,,,,,,,,,,,,,,,,,t,1.650925,T,FALSE,,,,,,,28,cielo,Spanish,Sounds/spa_cielo.mp3,2020-05-28_09h55.38.902,TranslationElicitation_eng,2020.1.2,Win32,60,5eb3dd15b97d6b1cf6fc9498,,1,0,98,25,1,97
,,,,,,,,,,,,,,,,,,,,,,,,,,,,,,,,,,,,,return,1.88405,T,FALSE,,,,,,,28,cielo,Spanish,Sounds/spa_cielo.mp3,2020-05-28_09h55.38.902,TranslationElicitation_eng,2020.1.2,Win32,60,5eb3dd15b97d6b1cf6fc9498,1.88405,1,0,98,25,1,97
,,,,,,,,,,,,,,,,,,,,,,,,,,,,,,,,,,,,,,,,,,,,,,,45,gorro,Spanish,Sounds/spa_gorro.mp3,2020-05-28_09h55.38.902,TranslationElicitation_eng,2020.1.2,Win32,60,5eb3dd15b97d6b1cf6fc9498,,0,9,9,41,1,
,,,,,,,,,,,,,,,,,,,,,,,,,,,,,,,,,,,,,h,1.81717,H,FALSE,,,,,,,28,cielo,Spanish,Sounds/spa_cielo.mp3,2020-05-28_09h55.38.902,TranslationElicitation_eng,2020.1.2,Win32,60,5eb3dd15b97d6b1cf6fc9498,,1,0,98,25,1,97
,,,,,,,,,,,,,,,,,,,,,,,,,,,,,,,,,,,,,return,2.10044,H,FALSE,,,,,,,28,cielo,Spanish,Sounds/spa_cielo.mp3,2020-05-28_09h55.38.902,TranslationElicitation_eng,2020.1.2,Win32,60,5eb3dd15b97d6b1cf6fc9498,2.10044,1,0,98,25,1,97
,,,,,,,,,,,,,,,,,,,,,,,,,,,,,,,,,,,,,,,,,,,,,,,58,luna,Spanish,Sounds/spa_luna.mp3,2020-05-28_09h55.38.902,TranslationElicitation_eng,2020.1.2,Win32,60,5eb3dd15b97d6b1cf6fc9498,,0,10,10,54,1,
,,,,,,,,,,,,,,,,,,,,,,,,,,,,,,,,,,,,,i,1.46717,I,FALSE,,,,,,,28,cielo,Spanish,Sounds/spa_cielo.mp3,2020-05-28_09h55.38.902,TranslationElicitation_eng,2020.1.2,Win32,60,5eb3dd15b97d6b1cf6fc9498,,1,0,98,25,1,97
,,,,,,,,,,,,,,,,,,,,,,,,,,,,,,,,,,,,,return,1.917495,I,FALSE,,,,,,,28,cielo,Spanish,Sounds/spa_cielo.mp3,2020-05-28_09h55.38.902,TranslationElicitation_eng,2020.1.2,Win32,60,5eb3dd15b97d6b1cf6fc9498,1.917495,1,0,98,25,1,97
,,,,,,,,,,,,,,,,,,,,,,,,,,,,,,,,,,,,,,,,,,,,,,,13,buho,Spanish,Sounds/spa_buho.mp3,2020-05-28_09h55.38.902,TranslationElicitation_eng,2020.1.2,Win32,60,5eb3dd15b97d6b1cf6fc9498,,0,11,11,11,1,
,,,,,,,,,,,,,,,,,,,,,,,,,,,,,,,,,,,,,s,1.317055,S,FALSE,,,,,,,28,cielo,Spanish,Sounds/spa_cielo.mp3,2020-05-28_09h55.38.902,TranslationElicitation_eng,2020.1.2,Win32,60,5eb3dd15b97d6b1cf6fc9498,,1,0,98,25,1,97
,,,,,,,,,,,,,,,,,,,,,,,,,,,,,,,,,,,,,return,1.68449,S,FALSE,,,,,,,28,cielo,Spanish,Sounds/spa_cielo.mp3,2020-05-28_09h55.38.902,TranslationElicitation_eng,2020.1.2,Win32,60,5eb3dd15b97d6b1cf6fc9498,1.68449,1,0,98,25,1,97
,,,,,,,,,,,,,,,,,,,,,,,,,,,,,,,,,,,,,,,,,,,,,,,88,plato,Spanish,Sounds/spa_plato.mp3,2020-05-28_09h55.38.902,TranslationElicitation_eng,2020.1.2,Win32,60,5eb3dd15b97d6b1cf6fc9498,,0,12,12,83,1,
,,,,,,,,,,,,,,,,,,,,,,,,,,,,,,,,,,,,,w,2.534375,W,FALSE,,,,,,,28,cielo,Spanish,Sounds/spa_cielo.mp3,2020-05-28_09h55.38.902,TranslationElicitation_eng,2020.1.2,Win32,60,5eb3dd15b97d6b1cf6fc9498,,1,0,98,25,1,97
,,,,,,,,,,,,,,,,,,,,,,,,,,,,,,,,,,,,,return,2.83481,W,FALSE,,,,,,,28,cielo,Spanish,Sounds/spa_cielo.mp3,2020-05-28_09h55.38.902,TranslationElicitation_eng,2020.1.2,Win32,60,5eb3dd15b97d6b1cf6fc9498,2.83481,1,0,98,25,1,97
,,,,,,,,,,,,,,,,,,,,,,,,,,,,,,,,,,,,,,,,,,,,,,,92,sandwich,Spanish,Sounds/spa_sandwich.mp3,2020-05-28_09h55.38.902,TranslationElicitation_eng,2020.1.2,Win32,60,5eb3dd15b97d6b1cf6fc9498,,0,13,13,87,1,
,,,,,,,,,,,,,,,,,,,,,,,,,,,,,,,,,,,,,o,1.26803,O,FALSE,,,,,,,28,cielo,Spanish,Sounds/spa_cielo.mp3,2020-05-28_09h55.38.902,TranslationElicitation_eng,2020.1.2,Win32,60,5eb3dd15b97d6b1cf6fc9498,,1,0,98,25,1,97
,,,,,,,,,,,,,,,,,,,,,,,,,,,,,,,,,,,,,return,1.46682,O,FALSE,,,,,,,28,cielo,Spanish,Sounds/spa_cielo.mp3,2020-05-28_09h55.38.902,TranslationElicitation_eng,2020.1.2,Win32,60,5eb3dd15b97d6b1cf6fc9498,1.46682,1,0,98,25,1,97
,,,,,,,,,,,,,,,,,,,,,,,,,,,,,,,,,,,,,,,,,,,,,,,51,ladrillo,Spanish,Sounds/spa_ladrillo.mp3,2020-05-28_09h55.38.902,TranslationElicitation_eng,2020.1.2,Win32,60,5eb3dd15b97d6b1cf6fc9498,,0,14,14,47,1,
,,,,,,,,,,,,,,,,,,,,,,,,,,,,,,,,,,,,,r,1.484605,R,FALSE,,,,,,,28,cielo,Spanish,Sounds/spa_cielo.mp3,2020-05-28_09h55.38.902,TranslationElicitation_eng,2020.1.2,Win32,60,5eb3dd15b97d6b1cf6fc9498,,1,0,98,25,1,97
,,,,,,,,,,,,,,,,,,,,,,,,,,,,,,,,,,,,,return,1.73396,R,FALSE,,,,,,,28,cielo,Spanish,Sounds/spa_cielo.mp3,2020-05-28_09h55.38.902,TranslationElicitation_eng,2020.1.2,Win32,60,5eb3dd15b97d6b1cf6fc9498,1.73396,1,0,98,25,1,97
,,,,,,,,,,,,,,,,,,,,,,,,,,,,,,,,,,,,,,,,,,,,,,,97,tijeras,Spanish,Sounds/spa_tijeras.mp3,2020-05-28_09h55.38.902,TranslationElicitation_eng,2020.1.2,Win32,60,5eb3dd15b97d6b1cf6fc9498,,0,15,15,91,1,
,,,,,,,,,,,,,,,,,,,,,,,,,,,,,,,,,,,,,k,1.283545,K,FALSE,,,,,,,28,cielo,Spanish,Sounds/spa_cielo.mp3,2020-05-28_09h55.38.902,TranslationElicitation_eng,2020.1.2,Win32,60,5eb3dd15b97d6b1cf6fc9498,,1,0,98,25,1,97
,,,,,,,,,,,,,,,,,,,,,,,,,,,,,,,,,,,,,return,1.717015,K,FALSE,,,,,,,28,cielo,Spanish,Sounds/spa_cielo.mp3,2020-05-28_09h55.38.902,TranslationElicitation_eng,2020.1.2,Win32,60,5eb3dd15b97d6b1cf6fc9498,1.717015,1,0,98,25,1,97
,,,,,,,,,,,,,,,,,,,,,,,,,,,,,,,,,,,,,,,,,,,,,,,17,calcetin,Spanish,Sounds/spa_calcetin.mp3,2020-05-28_09h55.38.902,TranslationElicitation_eng,2020.1.2,Win32,60,5eb3dd15b97d6b1cf6fc9498,,0,16,16,15,1,
,,,,,,,,,,,,,,,,,,,,,,,,,,,,,,,,,,,,,s,1.58373,S,FALSE,,,,,,,28,cielo,Spanish,Sounds/spa_cielo.mp3,2020-05-28_09h55.38.902,TranslationElicitation_eng,2020.1.2,Win32,60,5eb3dd15b97d6b1cf6fc9498,,1,0,98,25,1,97
,,,,,,,,,,,,,,,,,,,,,,,,,,,,,,,,,,,,,return,1.83539,S,FALSE,,,,,,,28,cielo,Spanish,Sounds/spa_cielo.mp3,2020-05-28_09h55.38.902,TranslationElicitation_eng,2020.1.2,Win32,60,5eb3dd15b97d6b1cf6fc9498,1.83539,1,0,98,25,1,97
,,,,,,,,,,,,,,,,,,,,,,,,,,,,,,,,,,,,,,,,,,,,,,,78,pastel,Spanish,Sounds/spa_pastel.mp3,2020-05-28_09h55.38.902,TranslationElicitation_eng,2020.1.2,Win32,60,5eb3dd15b97d6b1cf6fc9498,,0,17,17,73,1,
,,,,,,,,,,,,,,,,,,,,,,,,,,,,,,,,,,,,,return,1.71753,,FALSE,,,,,,,28,cielo,Spanish,Sounds/spa_cielo.mp3,2020-05-28_09h55.38.902,TranslationElicitation_eng,2020.1.2,Win32,60,5eb3dd15b97d6b1cf6fc9498,1.71753,1,0,98,25,1,97
,,,,,,,,,,,,,,,,,,,,,,,,,,,,,,,,,,,,,,,,,,,,,,,36,estrella,Spanish,Sounds/spa_estrella.mp3,2020-05-28_09h55.38.902,TranslationElicitation_eng,2020.1.2,Win32,60,5eb3dd15b97d6b1cf6fc9498,,0,18,18,32,1,
,,,,,,,,,,,,,,,,,,,,,,,,,,,,,,,,,,,,,return,1.450365,,FALSE,,,,,,,28,cielo,Spanish,Sounds/spa_cielo.mp3,2020-05-28_09h55.38.902,TranslationElicitation_eng,2020.1.2,Win32,60,5eb3dd15b97d6b1cf6fc9498,1.450365,1,0,98,25,1,97
,,,,,,,,,,,,,,,,,,,,,,,,,,,,,,,,,,,,,,,,,,,,,,,93,sol,Spanish,Sounds/spa_sol.mp3,2020-05-28_09h55.38.902,TranslationElicitation_eng,2020.1.2,Win32,60,5eb3dd15b97d6b1cf6fc9498,,0,19,19,88,1,
,,,,,,,,,,,,,,,,,,,,,,,,,,,,,,,,,,,,,return,1.65078,,FALSE,,,,,,,28,cielo,Spanish,Sounds/spa_cielo.mp3,2020-05-28_09h55.38.902,TranslationElicitation_eng,2020.1.2,Win32,60,5eb3dd15b97d6b1cf6fc9498,1.65078,1,0,98,25,1,97
,,,,,,,,,,,,,,,,,,,,,,,,,,,,,,,,,,,,,,,,,,,,,,,7,bocadillo,Spanish,Sounds/spa_bocadillo.mp3,2020-05-28_09h55.38.902,TranslationElicitation_eng,2020.1.2,Win32,60,5eb3dd15b97d6b1cf6fc9498,,0,20,20,5,1,
,,,,,,,,,,,,,,,,,,,,,,,,,,,,,,,,,,,,,return,1.46743,,FALSE,,,,,,,28,cielo,Spanish,Sounds/spa_cielo.mp3,2020-05-28_09h55.38.902,TranslationElicitation_eng,2020.1.2,Win32,60,5eb3dd15b97d6b1cf6fc9498,1.46743,1,0,98,25,1,97
,,,,,,,,,,,,,,,,,,,,,,,,,,,,,,,,,,,,,,,,,,,,,,,22,cepillo,Spanish,Sounds/spa_cepillo.mp3,2020-05-28_09h55.38.902,TranslationElicitation_eng,2020.1.2,Win32,60,5eb3dd15b97d6b1cf6fc9498,,0,21,21,20,1,
,,,,,,,,,,,,,,,,,,,,,,,,,,,,,,,,,,,,,return,1.64998,,FALSE,,,,,,,28,cielo,Spanish,Sounds/spa_cielo.mp3,2020-05-28_09h55.38.902,TranslationElicitation_eng,2020.1.2,Win32,60,5eb3dd15b97d6b1cf6fc9498,1.64998,1,0,98,25,1,97
,,,,,,,,,,,,,,,,,,,,,,,,,,,,,,,,,,,,,,,,,,,,,,,12,brazo,Spanish,Sounds/spa_brazo.mp3,2020-05-28_09h55.38.902,TranslationElicitation_eng,2020.1.2,Win32,60,5eb3dd15b97d6b1cf6fc9498,,0,22,22,10,1,
,,,,,,,,,,,,,,,,,,,,,,,,,,,,,,,,,,,,,return,1.81741,,FALSE,,,,,,,28,cielo,Spanish,Sounds/spa_cielo.mp3,2020-05-28_09h55.38.902,TranslationElicitation_eng,2020.1.2,Win32,60,5eb3dd15b97d6b1cf6fc9498,1.81741,1,0,98,25,1,97
,,,,,,,,,,,,,,,,,,,,,,,,,,,,,,,,,,,,,,,,,,,,,,,91,puerta,Spanish,Sounds/spa_puerta.mp3,2020-05-28_09h55.38.902,TranslationElicitation_eng,2020.1.2,Win32,60,5eb3dd15b97d6b1cf6fc9498,,0,23,23,86,1,
,,,,,,,,,,,,,,,,,,,,,,,,,,,,,,,,,,,,,return,1.23373,,FALSE,,,,,,,28,cielo,Spanish,Sounds/spa_cielo.mp3,2020-05-28_09h55.38.902,TranslationElicitation_eng,2020.1.2,Win32,60,5eb3dd15b97d6b1cf6fc9498,1.23373,1,0,98,25,1,97
,,,,,,,,,,,,,,,,,,,,,,,,,,,,,,,,,,,,,,,,,,,,,,,40,galleta,Spanish,Sounds/spa_galleta.mp3,2020-05-28_09h55.38.902,TranslationElicitation_eng,2020.1.2,Win32,60,5eb3dd15b97d6b1cf6fc9498,,0,24,24,36,1,
,,,,,,,,,,,,,,,,,,,,,,,,,,,,,,,,,,,,,return,1.617185,,FALSE,,,,,,,28,cielo,Spanish,Sounds/spa_cielo.mp3,2020-05-28_09h55.38.902,TranslationElicitation_eng,2020.1.2,Win32,60,5eb3dd15b97d6b1cf6fc9498,1.617185,1,0,98,25,1,97
,,,,,,,,,,,,,,,,,,,,,,,,,,,,,,,,,,,,,,,,,,,,,,,5,bici,Spanish,Sounds/spa_bici.mp3,2020-05-28_09h55.38.902,TranslationElicitation_eng,2020.1.2,Win32,60,5eb3dd15b97d6b1cf6fc9498,,0,25,25,3,1,
,,,,,,,,,,,,,,,,,,,,,,,,,,,,,,,,,,,,,return,1.26702,,FALSE,,,,,,,28,cielo,Spanish,Sounds/spa_cielo.mp3,2020-05-28_09h55.38.902,TranslationElicitation_eng,2020.1.2,Win32,60,5eb3dd15b97d6b1cf6fc9498,1.26702,1,0,98,25,1,97
,,,,,,,,,,,,,,,,,,,,,,,,,,,,,,,,,,,,,,,,,,,,,,,81,pelota,Spanish,Sounds/spa_pelota.mp3,2020-05-28_09h55.38.902,TranslationElicitation_eng,2020.1.2,Win32,60,5eb3dd15b97d6b1cf6fc9498,,0,26,26,76,1,
,,,,,,,,,,,,,,,,,,,,,,,,,,,,,,,,,,,,,return,1.28353,,FALSE,,,,,,,28,cielo,Spanish,Sounds/spa_cielo.mp3,2020-05-28_09h55.38.902,TranslationElicitation_eng,2020.1.2,Win32,60,5eb3dd15b97d6b1cf6fc9498,1.28353,1,0,98,25,1,97
,,,,,,,,,,,,,,,,,,,,,,,,,,,,,,,,,,,,,,,,,,,,,,,49,hormiga,Spanish,Sounds/spa_hormiga.mp3,2020-05-28_09h55.38.902,TranslationElicitation_eng,2020.1.2,Win32,60,5eb3dd15b97d6b1cf6fc9498,,0,27,27,45,1,
,,,,,,,,,,,,,,,,,,,,,,,,,,,,,,,,,,,,,return,1.15063,,FALSE,,,,,,,28,cielo,Spanish,Sounds/spa_cielo.mp3,2020-05-28_09h55.38.902,TranslationElicitation_eng,2020.1.2,Win32,60,5eb3dd15b97d6b1cf6fc9498,1.15063,1,0,98,25,1,97
,,,,,,,,,,,,,,,,,,,,,,,,,,,,,,,,,,,,,,,,,,,,,,,18,camisa,Spanish,Sounds/spa_camisa.mp3,2020-05-28_09h55.38.902,TranslationElicitation_eng,2020.1.2,Win32,60,5eb3dd15b97d6b1cf6fc9498,,0,28,28,16,1,
,,,,,,,,,,,,,,,,,,,,,,,,,,,,,,,,,,,,,return,1.40051,,FALSE,,,,,,,28,cielo,Spanish,Sounds/spa_cielo.mp3,2020-05-28_09h55.38.902,TranslationElicitation_eng,2020.1.2,Win32,60,5eb3dd15b97d6b1cf6fc9498,1.40051,1,0,98,25,1,97
,,,,,,,,,,,,,,,,,,,,,,,,,,,,,,,,,,,,,,,,,,,,,,,59,mano,Spanish,Sounds/spa_mano.mp3,2020-05-28_09h55.38.902,TranslationElicitation_eng,2020.1.2,Win32,60,5eb3dd15b97d6b1cf6fc9498,,0,29,29,55,1,
,,,,,,,,,,,,,,,,,,,,,,,,,,,,,,,,,,,,,return,1.53389,,FALSE,,,,,,,28,cielo,Spanish,Sounds/spa_cielo.mp3,2020-05-28_09h55.38.902,TranslationElicitation_eng,2020.1.2,Win32,60,5eb3dd15b97d6b1cf6fc9498,1.53389,1,0,98,25,1,97
,,,,,,,,,,,,,,,,,,,,,,,,,,,,,,,,,,,,,,,,,,,,,,,46,grifo,Spanish,Sounds/spa_grifo.mp3,2020-05-28_09h55.38.902,TranslationElicitation_eng,2020.1.2,Win32,60,5eb3dd15b97d6b1cf6fc9498,,0,30,30,42,1,
,,,,,,,,,,,,,,,,,,,,,,,,,,,,,,,,,,,,,return,1.23344,,FALSE,,,,,,,28,cielo,Spanish,Sounds/spa_cielo.mp3,2020-05-28_09h55.38.902,TranslationElicitation_eng,2020.1.2,Win32,60,5eb3dd15b97d6b1cf6fc9498,1.23344,1,0,98,25,1,97
,,,,,,,,,,,,,,,,,,,,,,,,,,,,,,,,,,,,,,,,,,,,,,,72,osito,Spanish,Sounds/spa_osito.mp3,2020-05-28_09h55.38.902,TranslationElicitation_eng,2020.1.2,Win32,60,5eb3dd15b97d6b1cf6fc9498,,0,31,31,67,1,
,,,,,,,,,,,,,,,,,,,,,,,,,,,,,,,,,,,,,return,1.550325,,FALSE,,,,,,,28,cielo,Spanish,Sounds/spa_cielo.mp3,2020-05-28_09h55.38.902,TranslationElicitation_eng,2020.1.2,Win32,60,5eb3dd15b97d6b1cf6fc9498,1.550325,1,0,98,25,1,97
,,,,,,,,,,,,,,,,,,,,,,,,,,,,,,,,,,,,,,,,,,,,,,,68,naranja,Spanish,Sounds/spa_naranja.mp3,2020-05-28_09h55.38.902,TranslationElicitation_eng,2020.1.2,Win32,60,5eb3dd15b97d6b1cf6fc9498,,0,32,32,64,1,
,,,,,,,,,,,,,,,,,,,,,,,,,,,,,,,,,,,,,return,1.483915,,FALSE,,,,,,,28,cielo,Spanish,Sounds/spa_cielo.mp3,2020-05-28_09h55.38.902,TranslationElicitation_eng,2020.1.2,Win32,60,5eb3dd15b97d6b1cf6fc9498,1.483915,1,0,98,25,1,97
,,,,,,,,,,,,,,,,,,,,,,,,,,,,,,,,,,,,,,,,,,,,,,,82,perro,Spanish,Sounds/spa_perro.mp3,2020-05-28_09h55.38.902,TranslationElicitation_eng,2020.1.2,Win32,60,5eb3dd15b97d6b1cf6fc9498,,0,33,33,77,1,
,,,,,,,,,,,,,,,,,,,,,,,,,,,,,,,,,,,,,return,1.41595,,FALSE,,,,,,,28,cielo,Spanish,Sounds/spa_cielo.mp3,2020-05-28_09h55.38.902,TranslationElicitation_eng,2020.1.2,Win32,60,5eb3dd15b97d6b1cf6fc9498,1.41595,1,0,98,25,1,97
,,,,,,,,,,,,,,,,,,,,,,,,,,,,,,,,,,,,,,,,,,,,,,,80,pato,Spanish,Sounds/spa_pato.mp3,2020-05-28_09h55.38.902,TranslationElicitation_eng,2020.1.2,Win32,60,5eb3dd15b97d6b1cf6fc9498,,0,34,34,75,1,
,,,,,,,,,,,,,,,,,,,,,,,,,,,,,,,,,,,,,return,1.567305,,FALSE,,,,,,,28,cielo,Spanish,Sounds/spa_cielo.mp3,2020-05-28_09h55.38.902,TranslationElicitation_eng,2020.1.2,Win32,60,5eb3dd15b97d6b1cf6fc9498,1.567305,1,0,98,25,1,97
,,,,,,,,,,,,,,,,,,,,,,,,,,,,,,,,,,,,,,,,,,,,,,,33,dedo,Spanish,Sounds/spa_dedo.mp3,2020-05-28_09h55.38.902,TranslationElicitation_eng,2020.1.2,Win32,60,5eb3dd15b97d6b1cf6fc9498,,0,35,35,29,1,
,,,,,,,,,,,,,,,,,,,,,,,,,,,,,,,,,,,,,return,1.550575,,FALSE,,,,,,,28,cielo,Spanish,Sounds/spa_cielo.mp3,2020-05-28_09h55.38.902,TranslationElicitation_eng,2020.1.2,Win32,60,5eb3dd15b97d6b1cf6fc9498,1.550575,1,0,98,25,1,97
,,,,,,,,,,,,,,,,,,,,,,,,,,,,,,,,,,,,,,,,,,,,,,,42,gato,Spanish,Sounds/spa_gato.mp3,2020-05-28_09h55.38.902,TranslationElicitation_eng,2020.1.2,Win32,60,5eb3dd15b97d6b1cf6fc9498,,0,36,36,38,1,
,,,,,,,,,,,,,,,,,,,,,,,,,,,,,,,,,,,,,return,1.5673,,FALSE,,,,,,,28,cielo,Spanish,Sounds/spa_cielo.mp3,2020-05-28_09h55.38.902,TranslationElicitation_eng,2020.1.2,Win32,60,5eb3dd15b97d6b1cf6fc9498,1.5673,1,0,98,25,1,97
,,,,,,,,,,,,,,,,,,,,,,,,,,,,,,,,,,,,,,,,,,,,,,,54,lengua,Spanish,Sounds/spa_lengua.mp3,2020-05-28_09h55.38.902,TranslationElicitation_eng,2020.1.2,Win32,60,5eb3dd15b97d6b1cf6fc9498,,0,37,37,50,1,
,,,,,,,,,,,,,,,,,,,,,,,,,,,,,,,,,,,,,return,1.300475,,FALSE,,,,,,,28,cielo,Spanish,Sounds/spa_cielo.mp3,2020-05-28_09h55.38.902,TranslationElicitation_eng,2020.1.2,Win32,60,5eb3dd15b97d6b1cf6fc9498,1.300475,1,0,98,25,1,97
,,,,,,,,,,,,,,,,,,,,,,,,,,,,,,,,,,,,,,,,,,,,,,,67,muneca,Spanish,Sounds/spa_muneca.mp3,2020-05-28_09h55.38.902,TranslationElicitation_eng,2020.1.2,Win32,60,5eb3dd15b97d6b1cf6fc9498,,0,38,38,63,1,
,,,,,,,,,,,,,,,,,,,,,,,,,,,,,,,,,,,,,return,1.384855,,FALSE,,,,,,,28,cielo,Spanish,Sounds/spa_cielo.mp3,2020-05-28_09h55.38.902,TranslationElicitation_eng,2020.1.2,Win32,60,5eb3dd15b97d6b1cf6fc9498,1.384855,1,0,98,25,1,97
,,,,,,,,,,,,,,,,,,,,,,,,,,,,,,,,,,,,,,,,,,,,,,,2,avestruz,Spanish,Sounds/spa_avestruz.mp3,2020-05-28_09h55.38.902,TranslationElicitation_eng,2020.1.2,Win32,60,5eb3dd15b97d6b1cf6fc9498,,0,39,39,0,1,
,,,,,,,,,,,,,,,,,,,,,,,,,,,,,,,,,,,,,return,1.4666,,FALSE,,,,,,,28,cielo,Spanish,Sounds/spa_cielo.mp3,2020-05-28_09h55.38.902,TranslationElicitation_eng,2020.1.2,Win32,60,5eb3dd15b97d6b1cf6fc9498,1.4666,1,0,98,25,1,97
,,,,,,,,,,,,,,,,,,,,,,,,,,,,,,,,,,,,,,,,,,,,,,,57,loro,Spanish,Sounds/spa_loro.mp3,2020-05-28_09h55.38.902,TranslationElicitation_eng,2020.1.2,Win32,60,5eb3dd15b97d6b1cf6fc9498,,0,40,40,53,1,
,,,,,,,,,,,,,,,,,,,,,,,,,,,,,,,,,,,,,return,1.400625,,FALSE,,,,,,,28,cielo,Spanish,Sounds/spa_cielo.mp3,2020-05-28_09h55.38.902,TranslationElicitation_eng,2020.1.2,Win32,60,5eb3dd15b97d6b1cf6fc9498,1.400625,1,0,98,25,1,97
,,,,,,,,,,,,,,,,,,,,,,,,,,,,,,,,,,,,,,,,,,,,,,,66,moto,Spanish,Sounds/spa_moto.mp3,2020-05-28_09h55.38.902,TranslationElicitation_eng,2020.1.2,Win32,60,5eb3dd15b97d6b1cf6fc9498,,0,41,41,62,1,
,,,,,,,,,,,,,,,,,,,,,,,,,,,,,,,,,,,,,return,1.75071,,FALSE,,,,,,,28,cielo,Spanish,Sounds/spa_cielo.mp3,2020-05-28_09h55.38.902,TranslationElicitation_eng,2020.1.2,Win32,60,5eb3dd15b97d6b1cf6fc9498,1.75071,1,0,98,25,1,97
,,,,,,,,,,,,,,,,,,,,,,,,,,,,,,,,,,,,,,,,,,,,,,,55,leon,Spanish,Sounds/spa_leon.mp3,2020-05-28_09h55.38.902,TranslationElicitation_eng,2020.1.2,Win32,60,5eb3dd15b97d6b1cf6fc9498,,0,42,42,51,1,
,,,,,,,,,,,,,,,,,,,,,,,,,,,,,,,,,,,,,return,1.250565,,FALSE,,,,,,,28,cielo,Spanish,Sounds/spa_cielo.mp3,2020-05-28_09h55.38.902,TranslationElicitation_eng,2020.1.2,Win32,60,5eb3dd15b97d6b1cf6fc9498,1.250565,1,0,98,25,1,97
,,,,,,,,,,,,,,,,,,,,,,,,,,,,,,,,,,,,,,,,,,,,,,,24,cereza,Spanish,Sounds/spa_cereza.mp3,2020-05-28_09h55.38.902,TranslationElicitation_eng,2020.1.2,Win32,60,5eb3dd15b97d6b1cf6fc9498,,0,43,43,22,1,
,,,,,,,,,,,,,,,,,,,,,,,,,,,,,,,,,,,,,return,1.617175,,FALSE,,,,,,,28,cielo,Spanish,Sounds/spa_cielo.mp3,2020-05-28_09h55.38.902,TranslationElicitation_eng,2020.1.2,Win32,60,5eb3dd15b97d6b1cf6fc9498,1.617175,1,0,98,25,1,97
,,,,,,,,,,,,,,,,,,,,,,,,,,,,,,,,,,,,,,,,,,,,,,,34,ensalada,Spanish,Sounds/spa_ensalada.mp3,2020-05-28_09h55.38.902,TranslationElicitation_eng,2020.1.2,Win32,60,5eb3dd15b97d6b1cf6fc9498,,0,44,44,30,1,
,,,,,,,,,,,,,,,,,,,,,,,,,,,,,,,,,,,,,return,1.533965,,FALSE,,,,,,,28,cielo,Spanish,Sounds/spa_cielo.mp3,2020-05-28_09h55.38.902,TranslationElicitation_eng,2020.1.2,Win32,60,5eb3dd15b97d6b1cf6fc9498,1.533965,1,0,98,25,1,97
,,,,,,,,,,,,,,,,,,,,,,,,,,,,,,,,,,,,,,,,,,,,,,,35,esponja,Spanish,Sounds/spa_esponja.mp3,2020-05-28_09h55.38.902,TranslationElicitation_eng,2020.1.2,Win32,60,5eb3dd15b97d6b1cf6fc9498,,0,45,45,31,1,
,,,,,,,,,,,,,,,,,,,,,,,,,,,,,,,,,,,,,return,8.75158,,FALSE,,,,,,,28,cielo,Spanish,Sounds/spa_cielo.mp3,2020-05-28_09h55.38.902,TranslationElicitation_eng,2020.1.2,Win32,60,5eb3dd15b97d6b1cf6fc9498,8.75158,1,0,98,25,1,97
,,,,,,,,,,,,,,,,,,,,,,,,,,,,,,,,,,,,,,,,,,,,,,,69,nariz,Spanish,Sounds/spa_nariz.mp3,2020-05-28_09h55.38.902,TranslationElicitation_eng,2020.1.2,Win32,60,5eb3dd15b97d6b1cf6fc9498,,0,46,46,65,1,
,,,,,,,,,,,,,,,,,,,,,,,,,,,,,,,,,,,,,return,1.700535,,FALSE,,,,,,,28,cielo,Spanish,Sounds/spa_cielo.mp3,2020-05-28_09h55.38.902,TranslationElicitation_eng,2020.1.2,Win32,60,5eb3dd15b97d6b1cf6fc9498,1.700535,1,0,98,25,1,97
,,,,,,,,,,,,,,,,,,,,,,,,,,,,,,,,,,,,,,,,,,,,,,,52,lapiz,Spanish,Sounds/spa_lapiz.mp3,2020-05-28_09h55.38.902,TranslationElicitation_eng,2020.1.2,Win32,60,5eb3dd15b97d6b1cf6fc9498,,0,47,47,48,1,
,,,,,,,,,,,,,,,,,,,,,,,,,,,,,,,,,,,,,return,6.30286,,FALSE,,,,,,,28,cielo,Spanish,Sounds/spa_cielo.mp3,2020-05-28_09h55.38.902,TranslationElicitation_eng,2020.1.2,Win32,60,5eb3dd15b97d6b1cf6fc9498,6.30286,1,0,98,25,1,97
,,,,,,,,,,,,,,,,,,,,,,,,,,,,,,,,,,,,,,,,,,,,,,,25,cesta,Spanish,Sounds/spa_cesta.mp3,2020-05-28_09h55.38.902,TranslationElicitation_eng,2020.1.2,Win32,60,5eb3dd15b97d6b1cf6fc9498,,0,48,48,23,1,
,,,,,,,,,,,,,,,,,,,,,,,,,,,,,,,,,,,,,return,4.044505,,FALSE,,,,,,,28,cielo,Spanish,Sounds/spa_cielo.mp3,2020-05-28_09h55.38.902,TranslationElicitation_eng,2020.1.2,Win32,60,5eb3dd15b97d6b1cf6fc9498,4.044505,1,0,98,25,1,97
,,,,,,,,,,,,,,,,,,,,,,,,,,,,,,,,,,,,,,,,,,,,,,,64,moneda,Spanish,Sounds/spa_moneda.mp3,2020-05-28_09h55.38.902,TranslationElicitation_eng,2020.1.2,Win32,60,5eb3dd15b97d6b1cf6fc9498,,0,49,49,60,1,
,,,,,,,,,,,,,,,,,,,,,,,,,,,,,,,,,,,,,return,1.35044,,FALSE,,,,,,,28,cielo,Spanish,Sounds/spa_cielo.mp3,2020-05-28_09h55.38.902,TranslationElicitation_eng,2020.1.2,Win32,60,5eb3dd15b97d6b1cf6fc9498,1.35044,1,0,98,25,1,97
,,,,,,,,,,,,,,,,,,,,,,,,,,,,,,,,,,,,,,,,,,,,,,,16,caja,Spanish,Sounds/spa_caja.mp3,2020-05-28_09h55.38.902,TranslationElicitation_eng,2020.1.2,Win32,60,5eb3dd15b97d6b1cf6fc9498,,0,50,50,14,1,
,,,,,,,,,,,,,,,,,,,,,,,,,,,,,,,,,,,,,return,0.900045,,FALSE,,,,,,,28,cielo,Spanish,Sounds/spa_cielo.mp3,2020-05-28_09h55.38.902,TranslationElicitation_eng,2020.1.2,Win32,60,5eb3dd15b97d6b1cf6fc9498,0.900045,1,0,98,25,1,97
,,,,,,,,,,,,,,,,,,,,,,,,,,,,,,,,,,,,,,,,,,,,,,,74,pajaro,Spanish,Sounds/spa_pajaro.mp3,2020-05-28_09h55.38.902,TranslationElicitation_eng,2020.1.2,Win32,60,5eb3dd15b97d6b1cf6fc9498,,0,51,51,69,1,
,,,,,,,,,,,,,,,,,,,,,,,,,,,,,,,,,,,,,return,1.40017,,FALSE,,,,,,,28,cielo,Spanish,Sounds/spa_cielo.mp3,2020-05-28_09h55.38.902,TranslationElicitation_eng,2020.1.2,Win32,60,5eb3dd15b97d6b1cf6fc9498,1.40017,1,0,98,25,1,97
,,,,,,,,,,,,,,,,,,,,,,,,,,,,,,,,,,,,,,,,,,,,,,,14,burro,Spanish,Sounds/spa_burro.mp3,2020-05-28_09h55.38.902,TranslationElicitation_eng,2020.1.2,Win32,60,5eb3dd15b97d6b1cf6fc9498,,0,52,52,12,1,
,,,,,,,,,,,,,,,,,,,,,,,,,,,,,,,,,,,,,return,1.45052,,FALSE,,,,,,,28,cielo,Spanish,Sounds/spa_cielo.mp3,2020-05-28_09h55.38.902,TranslationElicitation_eng,2020.1.2,Win32,60,5eb3dd15b97d6b1cf6fc9498,1.45052,1,0,98,25,1,97
,,,,,,,,,,,,,,,,,,,,,,,,,,,,,,,,,,,,,,,,,,,,,,,83,pez,Spanish,Sounds/spa_pez.mp3,2020-05-28_09h55.38.902,TranslationElicitation_eng,2020.1.2,Win32,60,5eb3dd15b97d6b1cf6fc9498,,0,53,53,78,1,
,,,,,,,,,,,,,,,,,,,,,,,,,,,,,,,,,,,,,return,1.15043,,FALSE,,,,,,,28,cielo,Spanish,Sounds/spa_cielo.mp3,2020-05-28_09h55.38.902,TranslationElicitation_eng,2020.1.2,Win32,60,5eb3dd15b97d6b1cf6fc9498,1.15043,1,0,98,25,1,97
,,,,,,,,,,,,,,,,,,,,,,,,,,,,,,,,,,,,,,,,,,,,,,,71,ombligo,Spanish,Sounds/spa_ombligo.mp3,2020-05-28_09h55.38.902,TranslationElicitation_eng,2020.1.2,Win32,60,5eb3dd15b97d6b1cf6fc9498,,0,54,54,66,1,
,,,,,,,,,,,,,,,,,,,,,,,,,,,,,,,,,,,,,return,1.60058,,FALSE,,,,,,,28,cielo,Spanish,Sounds/spa_cielo.mp3,2020-05-28_09h55.38.902,TranslationElicitation_eng,2020.1.2,Win32,60,5eb3dd15b97d6b1cf6fc9498,1.60058,1,0,98,25,1,97
,,,,,,,,,,,,,,,,,,,,,,,,,,,,,,,,,,,,,,,,,,,,,,,56,libro,Spanish,Sounds/spa_libro.mp3,2020-05-28_09h55.38.902,TranslationElicitation_eng,2020.1.2,Win32,60,5eb3dd15b97d6b1cf6fc9498,,0,55,55,52,1,
,,,,,,,,,,,,,,,,,,,,,,,,,,,,,,,,,,,,,return,1.40047,,FALSE,,,,,,,28,cielo,Spanish,Sounds/spa_cielo.mp3,2020-05-28_09h55.38.902,TranslationElicitation_eng,2020.1.2,Win32,60,5eb3dd15b97d6b1cf6fc9498,1.40047,1,0,98,25,1,97
,,,,,,,,,,,,,,,,,,,,,,,,,,,,,,,,,,,,,,,,,,,,,,,95,tenedor,Spanish,Sounds/spa_tenedor.mp3,2020-05-28_09h55.38.902,TranslationElicitation_eng,2020.1.2,Win32,60,5eb3dd15b97d6b1cf6fc9498,,0,56,56,90,1,
,,,,,,,,,,,,,,,,,,,,,,,,,,,,,,,,,,,,,return,1.534345,,FALSE,,,,,,,28,cielo,Spanish,Sounds/spa_cielo.mp3,2020-05-28_09h55.38.902,TranslationElicitation_eng,2020.1.2,Win32,60,5eb3dd15b97d6b1cf6fc9498,1.534345,1,0,98,25,1,97
,,,,,,,,,,,,,,,,,,,,,,,,,,,,,,,,,,,,,,,,,,,,,,,53,leche,Spanish,Sounds/spa_leche.mp3,2020-05-28_09h55.38.902,TranslationElicitation_eng,2020.1.2,Win32,60,5eb3dd15b97d6b1cf6fc9498,,0,57,57,49,1,
,,,,,,,,,,,,,,,,,,,,,,,,,,,,,,,,,,,,,return,1.533835,,FALSE,,,,,,,28,cielo,Spanish,Sounds/spa_cielo.mp3,2020-05-28_09h55.38.902,TranslationElicitation_eng,2020.1.2,Win32,60,5eb3dd15b97d6b1cf6fc9498,1.533835,1,0,98,25,1,97
,,,,,,,,,,,,,,,,,,,,,,,,,,,,,,,,,,,,,,,,,,,,,,,9,boli,Spanish,Sounds/spa_boli.mp3,2020-05-28_09h55.38.902,TranslationElicitation_eng,2020.1.2,Win32,60,5eb3dd15b97d6b1cf6fc9498,,0,58,58,7,1,
,,,,,,,,,,,,,,,,,,,,,,,,,,,,,,,,,,,,,return,1.534715,,FALSE,,,,,,,28,cielo,Spanish,Sounds/spa_cielo.mp3,2020-05-28_09h55.38.902,TranslationElicitation_eng,2020.1.2,Win32,60,5eb3dd15b97d6b1cf6fc9498,1.534715,1,0,98,25,1,97
,,,,,,,,,,,,,,,,,,,,,,,,,,,,,,,,,,,,,,,,,,,,,,,4,biberon,Spanish,Sounds/spa_biberon.mp3,2020-05-28_09h55.38.902,TranslationElicitation_eng,2020.1.2,Win32,60,5eb3dd15b97d6b1cf6fc9498,,0,59,59,2,1,
,,,,,,,,,,,,,,,,,,,,,,,,,,,,,,,,,,,,,return,1.550485,,FALSE,,,,,,,28,cielo,Spanish,Sounds/spa_cielo.mp3,2020-05-28_09h55.38.902,TranslationElicitation_eng,2020.1.2,Win32,60,5eb3dd15b97d6b1cf6fc9498,1.550485,1,0,98,25,1,97
,,,,,,,,,,,,,,,,,,,,,,,,,,,,,,,,,,,,,,,,,,,,,,,38,frambuesa,Spanish,Sounds/spa_frambuesa.mp3,2020-05-28_09h55.38.902,TranslationElicitation_eng,2020.1.2,Win32,60,5eb3dd15b97d6b1cf6fc9498,,0,60,60,34,1,
,,,,,,,,,,,,,,,,,,,,,,,,,,,,,,,,,,,,,return,1.28368,,FALSE,,,,,,,28,cielo,Spanish,Sounds/spa_cielo.mp3,2020-05-28_09h55.38.902,TranslationElicitation_eng,2020.1.2,Win32,60,5eb3dd15b97d6b1cf6fc9498,1.28368,1,0,98,25,1,97
,,,,,,,,,,,,,,,,,,,,,,,,,,,,,,,,,,,,,,,,,,,,,,,85,pierna,Spanish,Sounds/spa_pierna.mp3,2020-05-28_09h55.38.902,TranslationElicitation_eng,2020.1.2,Win32,60,5eb3dd15b97d6b1cf6fc9498,,0,61,61,80,1,
,,,,,,,,,,,,,,,,,,,,,,,,,,,,,,,,,,,,,return,1.25073,,FALSE,,,,,,,28,cielo,Spanish,Sounds/spa_cielo.mp3,2020-05-28_09h55.38.902,TranslationElicitation_eng,2020.1.2,Win32,60,5eb3dd15b97d6b1cf6fc9498,1.25073,1,0,98,25,1,97
,,,,,,,,,,,,,,,,,,,,,,,,,,,,,,,,,,,,,,,,,,,,,,,84,pie,Spanish,Sounds/spa_pie.mp3,2020-05-28_09h55.38.902,TranslationElicitation_eng,2020.1.2,Win32,60,5eb3dd15b97d6b1cf6fc9498,,0,62,62,79,1,
,,,,,,,,,,,,,,,,,,,,,,,,,,,,,,,,,,,,,return,1.483795,,FALSE,,,,,,,28,cielo,Spanish,Sounds/spa_cielo.mp3,2020-05-28_09h55.38.902,TranslationElicitation_eng,2020.1.2,Win32,60,5eb3dd15b97d6b1cf6fc9498,1.483795,1,0,98,25,1,97
,,,,,,,,,,,,,,,,,,,,,,,,,,,,,,,,,,,,,,,,,,,,,,,77,pantalon,Spanish,Sounds/spa_pantalon.mp3,2020-05-28_09h55.38.902,TranslationElicitation_eng,2020.1.2,Win32,60,5eb3dd15b97d6b1cf6fc9498,,0,63,63,72,1,
,,,,,,,,,,,,,,,,,,,,,,,,,,,,,,,,,,,,,return,1.884235,,FALSE,,,,,,,28,cielo,Spanish,Sounds/spa_cielo.mp3,2020-05-28_09h55.38.902,TranslationElicitation_eng,2020.1.2,Win32,60,5eb3dd15b97d6b1cf6fc9498,1.884235,1,0,98,25,1,97
,,,,,,,,,,,,,,,,,,,,,,,,,,,,,,,,,,,,,,,,,,,,,,,8,bol,Spanish,Sounds/spa_bol.mp3,2020-05-28_09h55.38.902,TranslationElicitation_eng,2020.1.2,Win32,60,5eb3dd15b97d6b1cf6fc9498,,0,64,64,6,1,
,,,,,,,,,,,,,,,,,,,,,,,,,,,,,,,,,,,,,return,1.40005,,FALSE,,,,,,,28,cielo,Spanish,Sounds/spa_cielo.mp3,2020-05-28_09h55.38.902,TranslationElicitation_eng,2020.1.2,Win32,60,5eb3dd15b97d6b1cf6fc9498,1.40005,1,0,98,25,1,97
,,,,,,,,,,,,,,,,,,,,,,,,,,,,,,,,,,,,,,,,,,,,,,,10,botella,Spanish,Sounds/spa_botella.mp3,2020-05-28_09h55.38.902,TranslationElicitation_eng,2020.1.2,Win32,60,5eb3dd15b97d6b1cf6fc9498,,0,65,65,8,1,
,,,,,,,,,,,,,,,,,,,,,,,,,,,,,,,,,,,,,return,1.383745,,FALSE,,,,,,,28,cielo,Spanish,Sounds/spa_cielo.mp3,2020-05-28_09h55.38.902,TranslationElicitation_eng,2020.1.2,Win32,60,5eb3dd15b97d6b1cf6fc9498,1.383745,1,0,98,25,1,97
,,,,,,,,,,,,,,,,,,,,,,,,,,,,,,,,,,,,,,,,,,,,,,,48,gusano,Spanish,Sounds/spa_gusano.mp3,2020-05-28_09h55.38.902,TranslationElicitation_eng,2020.1.2,Win32,60,5eb3dd15b97d6b1cf6fc9498,,0,66,66,44,1,
,,,,,,,,,,,,,,,,,,,,,,,,,,,,,,,,,,,,,return,1.58396,,FALSE,,,,,,,28,cielo,Spanish,Sounds/spa_cielo.mp3,2020-05-28_09h55.38.902,TranslationElicitation_eng,2020.1.2,Win32,60,5eb3dd15b97d6b1cf6fc9498,1.58396,1,0,98,25,1,97
,,,,,,,,,,,,,,,,,,,,,,,,,,,,,,,,,,,,,,,,,,,,,,,19,camiseta,Spanish,Sounds/spa_camiseta.mp3,2020-05-28_09h55.38.902,TranslationElicitation_eng,2020.1.2,Win32,60,5eb3dd15b97d6b1cf6fc9498,,0,67,67,17,1,
,,,,,,,,,,,,,,,,,,,,,,,,,,,,,,,,,,,,,return,1.317105,,FALSE,,,,,,,28,cielo,Spanish,Sounds/spa_cielo.mp3,2020-05-28_09h55.38.902,TranslationElicitation_eng,2020.1.2,Win32,60,5eb3dd15b97d6b1cf6fc9498,1.317105,1,0,98,25,1,97
,,,,,,,,,,,,,,,,,,,,,,,,,,,,,,,,,,,,,,,,,,,,,,,87,platano,Spanish,Sounds/spa_platano.mp3,2020-05-28_09h55.38.902,TranslationElicitation_eng,2020.1.2,Win32,60,5eb3dd15b97d6b1cf6fc9498,,0,68,68,82,1,
,,,,,,,,,,,,,,,,,,,,,,,,,,,,,,,,,,,,,return,3.70178,,FALSE,,,,,,,28,cielo,Spanish,Sounds/spa_cielo.mp3,2020-05-28_09h55.38.902,TranslationElicitation_eng,2020.1.2,Win32,60,5eb3dd15b97d6b1cf6fc9498,3.70178,1,0,98,25,1,97
,,,,,,,,,,,,,,,,,,,,,,,,,,,,,,,,,,,,,,,,,,,,,,,86,pingüino,Spanish,Sounds/spa_pinguino.mp3,2020-05-28_09h55.38.902,TranslationElicitation_eng,2020.1.2,Win32,60,5eb3dd15b97d6b1cf6fc9498,,0,69,69,81,1,
,,,,,,,,,,,,,,,,,,,,,,,,,,,,,,,,,,,,,return,1.800415,,FALSE,,,,,,,28,cielo,Spanish,Sounds/spa_cielo.mp3,2020-05-28_09h55.38.902,TranslationElicitation_eng,2020.1.2,Win32,60,5eb3dd15b97d6b1cf6fc9498,1.800415,1,0,98,25,1,97
,,,,,,,,,,,,,,,,,,,,,,,,,,,,,,,,,,,,,,,,,,,,,,,101,tren,Spanish,Sounds/spa_tren.mp3,2020-05-28_09h55.38.902,TranslationElicitation_eng,2020.1.2,Win32,60,5eb3dd15b97d6b1cf6fc9498,,0,70,70,95,1,
,,,,,,,,,,,,,,,,,,,,,,,,,,,,,,,,,,,,,return,1.484245,,FALSE,,,,,,,28,cielo,Spanish,Sounds/spa_cielo.mp3,2020-05-28_09h55.38.902,TranslationElicitation_eng,2020.1.2,Win32,60,5eb3dd15b97d6b1cf6fc9498,1.484245,1,0,98,25,1,97
,,,,,,,,,,,,,,,,,,,,,,,,,,,,,,,,,,,,,,,,,,,,,,,27,chocolate,Spanish,Sounds/spa_chocolate.mp3,2020-05-28_09h55.38.902,TranslationElicitation_eng,2020.1.2,Win32,60,5eb3dd15b97d6b1cf6fc9498,,0,71,71,24,1,
,,,,,,,,,,,,,,,,,,,,,,,,,,,,,,,,,,,,,return,1.417215,,FALSE,,,,,,,28,cielo,Spanish,Sounds/spa_cielo.mp3,2020-05-28_09h55.38.902,TranslationElicitation_eng,2020.1.2,Win32,60,5eb3dd15b97d6b1cf6fc9498,1.417215,1,0,98,25,1,97
,,,,,,,,,,,,,,,,,,,,,,,,,,,,,,,,,,,,,,,,,,,,,,,79,patata,Spanish,Sounds/spa_patata.mp3,2020-05-28_09h55.38.902,TranslationElicitation_eng,2020.1.2,Win32,60,5eb3dd15b97d6b1cf6fc9498,,0,72,72,74,1,
,,,,,,,,,,,,,,,,,,,,,,,,,,,,,,,,,,,,,return,1.517105,,FALSE,,,,,,,28,cielo,Spanish,Sounds/spa_cielo.mp3,2020-05-28_09h55.38.902,TranslationElicitation_eng,2020.1.2,Win32,60,5eb3dd15b97d6b1cf6fc9498,1.517105,1,0,98,25,1,97
,,,,,,,,,,,,,,,,,,,,,,,,,,,,,,,,,,,,,,,,,,,,,,,99,tomate,Spanish,Sounds/spa_tomate.mp3,2020-05-28_09h55.38.902,TranslationElicitation_eng,2020.1.2,Win32,60,5eb3dd15b97d6b1cf6fc9498,,0,73,73,93,1,
,,,,,,,,,,,,,,,,,,,,,,,,,,,,,,,,,,,,,return,1.43438,,FALSE,,,,,,,28,cielo,Spanish,Sounds/spa_cielo.mp3,2020-05-28_09h55.38.902,TranslationElicitation_eng,2020.1.2,Win32,60,5eb3dd15b97d6b1cf6fc9498,1.43438,1,0,98,25,1,97
,,,,,,,,,,,,,,,,,,,,,,,,,,,,,,,,,,,,,,,,,,,,,,,62,martillo,Spanish,Sounds/spa_martillo.mp3,2020-05-28_09h55.38.902,TranslationElicitation_eng,2020.1.2,Win32,60,5eb3dd15b97d6b1cf6fc9498,,0,74,74,58,1,
,,,,,,,,,,,,,,,,,,,,,,,,,,,,,,,,,,,,,return,1.41688,,FALSE,,,,,,,28,cielo,Spanish,Sounds/spa_cielo.mp3,2020-05-28_09h55.38.902,TranslationElicitation_eng,2020.1.2,Win32,60,5eb3dd15b97d6b1cf6fc9498,1.41688,1,0,98,25,1,97
,,,,,,,,,,,,,,,,,,,,,,,,,,,,,,,,,,,,,,,,,,,,,,,50,jirafa,Spanish,Sounds/spa_jirafa.mp3,2020-05-28_09h55.38.902,TranslationElicitation_eng,2020.1.2,Win32,60,5eb3dd15b97d6b1cf6fc9498,,0,75,75,46,1,
,,,,,,,,,,,,,,,,,,,,,,,,,,,,,,,,,,,,,return,1.350505,,FALSE,,,,,,,28,cielo,Spanish,Sounds/spa_cielo.mp3,2020-05-28_09h55.38.902,TranslationElicitation_eng,2020.1.2,Win32,60,5eb3dd15b97d6b1cf6fc9498,1.350505,1,0,98,25,1,97
,,,,,,,,,,,,,,,,,,,,,,,,,,,,,,,,,,,,,,,,,,,,,,,21,cebra,Spanish,Sounds/spa_cebra.mp3,2020-05-28_09h55.38.902,TranslationElicitation_eng,2020.1.2,Win32,60,5eb3dd15b97d6b1cf6fc9498,,0,76,76,19,1,
,,,,,,,,,,,,,,,,,,,,,,,,,,,,,,,,,,,,,return,1.81709,,FALSE,,,,,,,28,cielo,Spanish,Sounds/spa_cielo.mp3,2020-05-28_09h55.38.902,TranslationElicitation_eng,2020.1.2,Win32,60,5eb3dd15b97d6b1cf6fc9498,1.81709,1,0,98,25,1,97
,,,,,,,,,,,,,,,,,,,,,,,,,,,,,,,,,,,,,,,,,,,,,,,11,boton,Spanish,Sounds/spa_boton.mp3,2020-05-28_09h55.38.902,TranslationElicitation_eng,2020.1.2,Win32,60,5eb3dd15b97d6b1cf6fc9498,,0,77,77,9,1,
,,,,,,,,,,,,,,,,,,,,,,,,,,,,,,,,,,,,,return,1.783845,,FALSE,,,,,,,28,cielo,Spanish,Sounds/spa_cielo.mp3,2020-05-28_09h55.38.902,TranslationElicitation_eng,2020.1.2,Win32,60,5eb3dd15b97d6b1cf6fc9498,1.783845,1,0,98,25,1,97
,,,,,,,,,,,,,,,,,,,,,,,,,,,,,,,,,,,,,,,,,,,,,,,103,zanahoria,Spanish,Sounds/spa_zanahoria.mp3,2020-05-28_09h55.38.902,TranslationElicitation_eng,2020.1.2,Win32,60,5eb3dd15b97d6b1cf6fc9498,,0,78,78,97,1,
,,,,,,,,,,,,,,,,,,,,,,,,,,,,,,,,,,,,,return,1.366625,,FALSE,,,,,,,28,cielo,Spanish,Sounds/spa_cielo.mp3,2020-05-28_09h55.38.902,TranslationElicitation_eng,2020.1.2,Win32,60,5eb3dd15b97d6b1cf6fc9498,1.366625,1,0,98,25,1,97
,,,,,,,,,,,,,,,,,,,,,,,,,,,,,,,,,,,,,,,,,,,,,,,98,tobogan,Spanish,Sounds/spa_tobogan.mp3,2020-05-28_09h55.38.902,TranslationElicitation_eng,2020.1.2,Win32,60,5eb3dd15b97d6b1cf6fc9498,,0,79,79,92,1,
,,,,,,,,,,,,,,,,,,,,,,,,,,,,,,,,,,,,,return,1.50253,,FALSE,,,,,,,28,cielo,Spanish,Sounds/spa_cielo.mp3,2020-05-28_09h55.38.902,TranslationElicitation_eng,2020.1.2,Win32,60,5eb3dd15b97d6b1cf6fc9498,1.50253,1,0,98,25,1,97
,,,,,,,,,,,,,,,,,,,,,,,,,,,,,,,,,,,,,,,,,,,,,,,94,tambor,Spanish,Sounds/spa_tambor.mp3,2020-05-28_09h55.38.902,TranslationElicitation_eng,2020.1.2,Win32,60,5eb3dd15b97d6b1cf6fc9498,,0,80,80,89,1,
,,,,,,,,,,,,,,,,,,,,,,,,,,,,,,,,,,,,,return,1.333485,,FALSE,,,,,,,28,cielo,Spanish,Sounds/spa_cielo.mp3,2020-05-28_09h55.38.902,TranslationElicitation_eng,2020.1.2,Win32,60,5eb3dd15b97d6b1cf6fc9498,1.333485,1,0,98,25,1,97
,,,,,,,,,,,,,,,,,,,,,,,,,,,,,,,,,,,,,,,,,,,,,,,32,cuchara,Spanish,Sounds/spa_cuchara.mp3,2020-05-28_09h55.38.902,TranslationElicitation_eng,2020.1.2,Win32,60,5eb3dd15b97d6b1cf6fc9498,,0,81,81,28,1,
,,,,,,,,,,,,,,,,,,,,,,,,,,,,,,,,,,,,,return,1.31729,,FALSE,,,,,,,28,cielo,Spanish,Sounds/spa_cielo.mp3,2020-05-28_09h55.38.902,TranslationElicitation_eng,2020.1.2,Win32,60,5eb3dd15b97d6b1cf6fc9498,1.31729,1,0,98,25,1,97
,,,,,,,,,,,,,,,,,,,,,,,,,,,,,,,,,,,,,,,,,,,,,,,60,manzana,Spanish,Sounds/spa_manzana.mp3,2020-05-28_09h55.38.902,TranslationElicitation_eng,2020.1.2,Win32,60,5eb3dd15b97d6b1cf6fc9498,,0,82,82,56,1,
,,,,,,,,,,,,,,,,,,,,,,,,,,,,,,,,,,,,,return,1.18382,,FALSE,,,,,,,28,cielo,Spanish,Sounds/spa_cielo.mp3,2020-05-28_09h55.38.902,TranslationElicitation_eng,2020.1.2,Win32,60,5eb3dd15b97d6b1cf6fc9498,1.18382,1,0,98,25,1,97
,,,,,,,,,,,,,,,,,,,,,,,,,,,,,,,,,,,,,,,,,,,,,,,31,cubo,Spanish,Sounds/spa_cubo.mp3,2020-05-28_09h55.38.902,TranslationElicitation_eng,2020.1.2,Win32,60,5eb3dd15b97d6b1cf6fc9498,,0,83,83,27,1,
,,,,,,,,,,,,,,,,,,,,,,,,,,,,,,,,,,,,,return,1.150345,,FALSE,,,,,,,28,cielo,Spanish,Sounds/spa_cielo.mp3,2020-05-28_09h55.38.902,TranslationElicitation_eng,2020.1.2,Win32,60,5eb3dd15b97d6b1cf6fc9498,1.150345,1,0,98,25,1,97
,,,,,,,,,,,,,,,,,,,,,,,,,,,,,,,,,,,,,,,,,,,,,,,15,caballo,Spanish,Sounds/spa_caballo.mp3,2020-05-28_09h55.38.902,TranslationElicitation_eng,2020.1.2,Win32,60,5eb3dd15b97d6b1cf6fc9498,,0,84,84,13,1,
,,,,,,,,,,,,,,,,,,,,,,,,,,,,,,,,,,,,,return,1.61711,,FALSE,,,,,,,28,cielo,Spanish,Sounds/spa_cielo.mp3,2020-05-28_09h55.38.902,TranslationElicitation_eng,2020.1.2,Win32,60,5eb3dd15b97d6b1cf6fc9498,1.61711,1,0,98,25,1,97
,,,,,,,,,,,,,,,,,,,,,,,,,,,,,,,,,,,,,,,,,,,,,,,65,mono,Spanish,Sounds/spa_mono.mp3,2020-05-28_09h55.38.902,TranslationElicitation_eng,2020.1.2,Win32,60,5eb3dd15b97d6b1cf6fc9498,,0,85,85,61,1,
,,,,,,,,,,,,,,,,,,,,,,,,,,,,,,,,,,,,,return,1.48559,,FALSE,,,,,,,28,cielo,Spanish,Sounds/spa_cielo.mp3,2020-05-28_09h55.38.902,TranslationElicitation_eng,2020.1.2,Win32,60,5eb3dd15b97d6b1cf6fc9498,1.48559,1,0,98,25,1,97
,,,,,,,,,,,,,,,,,,,,,,,,,,,,,,,,,,,,,,,,,,,,,,,23,cerdo,Spanish,Sounds/spa_cerdo.mp3,2020-05-28_09h55.38.902,TranslationElicitation_eng,2020.1.2,Win32,60,5eb3dd15b97d6b1cf6fc9498,,0,86,86,21,1,
,,,,,,,,,,,,,,,,,,,,,,,,,,,,,,,,,,,,,return,1.86566,,FALSE,,,,,,,28,cielo,Spanish,Sounds/spa_cielo.mp3,2020-05-28_09h55.38.902,TranslationElicitation_eng,2020.1.2,Win32,60,5eb3dd15b97d6b1cf6fc9498,1.86566,1,0,98,25,1,97
,,,,,,,,,,,,,,,,,,,,,,,,,,,,,,,,,,,,,,,,,,,,,,,39,gafas,Spanish,Sounds/spa_gafas.mp3,2020-05-28_09h55.38.902,TranslationElicitation_eng,2020.1.2,Win32,60,5eb3dd15b97d6b1cf6fc9498,,0,87,87,35,1,
,,,,,,,,,,,,,,,,,,,,,,,,,,,,,,,,,,,,,return,1.384085,,FALSE,,,,,,,28,cielo,Spanish,Sounds/spa_cielo.mp3,2020-05-28_09h55.38.902,TranslationElicitation_eng,2020.1.2,Win32,60,5eb3dd15b97d6b1cf6fc9498,1.384085,1,0,98,25,1,97
,,,,,,,,,,,,,,,,,,,,,,,,,,,,,,,,,,,,,,,,,,,,,,,41,gallina,Spanish,Sounds/spa_gallina.mp3,2020-05-28_09h55.38.902,TranslationElicitation_eng,2020.1.2,Win32,60,5eb3dd15b97d6b1cf6fc9498,,0,88,88,37,1,
,,,,,,,,,,,,,,,,,,,,,,,,,,,,,,,,,,,,,return,1.717785,,FALSE,,,,,,,28,cielo,Spanish,Sounds/spa_cielo.mp3,2020-05-28_09h55.38.902,TranslationElicitation_eng,2020.1.2,Win32,60,5eb3dd15b97d6b1cf6fc9498,1.717785,1,0,98,25,1,97
,,,,,,,,,,,,,,,,,,,,,,,,,,,,,,,,,,,,,,,,,,,,,,,73,oveja,Spanish,Sounds/spa_oveja.mp3,2020-05-28_09h55.38.902,TranslationElicitation_eng,2020.1.2,Win32,60,5eb3dd15b97d6b1cf6fc9498,,0,89,89,68,1,
,,,,,,,,,,,,,,,,,,,,,,,,,,,,,,,,,,,,,return,1.6842,,FALSE,,,,,,,28,cielo,Spanish,Sounds/spa_cielo.mp3,2020-05-28_09h55.38.902,TranslationElicitation_eng,2020.1.2,Win32,60,5eb3dd15b97d6b1cf6fc9498,1.6842,1,0,98,25,1,97
,,,,,,,,,,,,,,,,,,,,,,,,,,,,,,,,,,,,,,,,,,,,,,,43,globo,Spanish,Sounds/spa_globo.mp3,2020-05-28_09h55.38.902,TranslationElicitation_eng,2020.1.2,Win32,60,5eb3dd15b97d6b1cf6fc9498,,0,90,90,39,1,
,,,,,,,,,,,,,,,,,,,,,,,,,,,,,,,,,,,,,return,1.518335,,FALSE,,,,,,,28,cielo,Spanish,Sounds/spa_cielo.mp3,2020-05-28_09h55.38.902,TranslationElicitation_eng,2020.1.2,Win32,60,5eb3dd15b97d6b1cf6fc9498,1.518335,1,0,98,25,1,97
,,,,,,,,,,,,,,,,,,,,,,,,,,,,,,,,,,,,,,,,,,,,,,,102,ventana,Spanish,Sounds/spa_ventana.mp3,2020-05-28_09h55.38.902,TranslationElicitation_eng,2020.1.2,Win32,60,5eb3dd15b97d6b1cf6fc9498,,0,91,91,96,1,
,,,,,,,,,,,,,,,,,,,,,,,,,,,,,,,,,,,,,return,1.500895,,FALSE,,,,,,,28,cielo,Spanish,Sounds/spa_cielo.mp3,2020-05-28_09h55.38.902,TranslationElicitation_eng,2020.1.2,Win32,60,5eb3dd15b97d6b1cf6fc9498,1.500895,1,0,98,25,1,97
,,,,,,,,,,,,,,,,,,,,,,,,,,,,,,,,,,,,,,,,,,,,,,,63,mesa,Spanish,Sounds/spa_mesa.mp3,2020-05-28_09h55.38.902,TranslationElicitation_eng,2020.1.2,Win32,60,5eb3dd15b97d6b1cf6fc9498,,0,92,92,59,1,
,,,,,,,,,,,,,,,,,,,,,,,,,,,,,,,,,,,,,return,1.63372,,FALSE,,,,,,,28,cielo,Spanish,Sounds/spa_cielo.mp3,2020-05-28_09h55.38.902,TranslationElicitation_eng,2020.1.2,Win32,60,5eb3dd15b97d6b1cf6fc9498,1.63372,1,0,98,25,1,97
,,,,,,,,,,,,,,,,,,,,,,,,,,,,,,,,,,,,,,,,,,,,,,,89,pluma,Spanish,Sounds/spa_pluma.mp3,2020-05-28_09h55.38.902,TranslationElicitation_eng,2020.1.2,Win32,60,5eb3dd15b97d6b1cf6fc9498,,0,93,93,84,1,
,,,,,,,,,,,,,,,,,,,,,,,,,,,,,,,,,,,,,return,1.35043,,FALSE,,,,,,,28,cielo,Spanish,Sounds/spa_cielo.mp3,2020-05-28_09h55.38.902,TranslationElicitation_eng,2020.1.2,Win32,60,5eb3dd15b97d6b1cf6fc9498,1.35043,1,0,98,25,1,97
,,,,,,,,,,,,,,,,,,,,,,,,,,,,,,,,,,,,,,,,,,,,,,,29,coche,Spanish,Sounds/spa_coche.mp3,2020-05-28_09h55.38.902,TranslationElicitation_eng,2020.1.2,Win32,60,5eb3dd15b97d6b1cf6fc9498,,0,94,94,26,1,
,,,,,,,,,,,,,,,,,,,,,,,,,,,,,,,,,,,,,return,1.451865,,FALSE,,,,,,,28,cielo,Spanish,Sounds/spa_cielo.mp3,2020-05-28_09h55.38.902,TranslationElicitation_eng,2020.1.2,Win32,60,5eb3dd15b97d6b1cf6fc9498,1.451865,1,0,98,25,1,97
,,,,,,,,,,,,,,,,,,,,,,,,,,,,,,,,,,,,,,,,,,,,,,,6,boca,Spanish,Sounds/spa_boca.mp3,2020-05-28_09h55.38.902,TranslationElicitation_eng,2020.1.2,Win32,60,5eb3dd15b97d6b1cf6fc9498,,0,95,95,4,1,
,,,,,,,,,,,,,,,,,,,,,,,,,,,,,,,,,,,,,return,1.267145,,FALSE,,,,,,,28,cielo,Spanish,Sounds/spa_cielo.mp3,2020-05-28_09h55.38.902,TranslationElicitation_eng,2020.1.2,Win32,60,5eb3dd15b97d6b1cf6fc9498,1.267145,1,0,98,25,1,97
,,,,,,,,,,,,,,,,,,,,,,,,,,,,,,,,,,,,,,,,,,,,,,,100,toro,Spanish,Sounds/spa_toro.mp3,2020-05-28_09h55.38.902,TranslationElicitation_eng,2020.1.2,Win32,60,5eb3dd15b97d6b1cf6fc9498,,0,96,96,94,1,
,,,,,,,,,,,,,,,,,,,,,,,,,,,,,,,,,,,,,return,1.552785,,FALSE,,,,,,,28,cielo,Spanish,Sounds/spa_cielo.mp3,2020-05-28_09h55.38.902,TranslationElicitation_eng,2020.1.2,Win32,60,5eb3dd15b97d6b1cf6fc9498,1.552785,1,0,98,25,1,97
