consentKey.keys,consentKey.rt,languageL1Key.keys,languageL1Key.rt,languageL2,languageL2OralKey.keys,languageL2WrittenKey.keys,languageL3OralKey.keys,languageL3WrittenKey.keys,languageCatalanOralKey.keys,languageCatalanOralKey.rt,languageCatalanWrittenKey.keys,languageCatalanWrittenKey.rt,languageCatalanTimeKey.keys,languageCatalanTimeKey.rt,languageSpanishOralKey.keys,languageSpanishOralKey.rt,languageSpanishWrittenKey.keys,languageSpanishWrittenKey.rt,languageSpanishTimeKey.keys,languageSpanishTimeKey.rt,age,demoSexKey.keys,demoSexKey.rt,demoEducationKey.keys,demoEducationKey.rt,city,demoVisionKey.keys,demoVisionKey.rt,demoLanguageKey.keys,demoLanguageKey.rt,setupLocationKey.keys,setupLocationKey.rt,setupNoiseKey.keys,setupNoiseKey.rt,instructionsKeys.keys,instructionsKeys.rt,keyPressed,keyPressTime,inputText,error,trialsPracticeCatalan.thisRepN,trialsPracticeCatalan.thisTrialN,trialsPracticeCatalan.thisN,trialsPracticeCatalan.thisIndex,trialsPracticeCatalan.ran,trialsPracticeCatalan.order,trial_id,word,test_language,soundfile,date,expName,psychopyVersion,OS,frameRate,participant,trialOffset
space,0.1273,e,1.35308,,,,,,4,1.03004,3,0.16886,3,0.127165,3,0.130645,3,0.130045,3,0.116465,333,f,1.04715,4,1.251115,HG,y,1.167255,y,0.20477,4,1.031325,3,0.2456,space,0.798775,c,2.087435,C,FALSE,1,0,5,2,1,4,147,jaqueta,Catalan,Sounds/cat_jaqueta.mp3,2020-05-26_21h10.40.662,TranslationElicitation_eng,2020.1.2,MacIntel,60,Gonzalo,
,,,,,,,,,,,,,,,,,,,,,,,,,,,,,,,,,,,,,o,2.154965,CO,FALSE,1,0,5,2,1,4,147,jaqueta,Catalan,Sounds/cat_jaqueta.mp3,2020-05-26_21h10.40.662,TranslationElicitation_eng,2020.1.2,MacIntel,60,Gonzalo,
,,,,,,,,,,,,,,,,,,,,,,,,,,,,,,,,,,,,,r,2.28759,COR,FALSE,1,0,5,2,1,4,147,jaqueta,Catalan,Sounds/cat_jaqueta.mp3,2020-05-26_21h10.40.662,TranslationElicitation_eng,2020.1.2,MacIntel,60,Gonzalo,
,,,,,,,,,,,,,,,,,,,,,,,,,,,,,,,,,,,,,o,2.33884,CORO,FALSE,1,0,5,2,1,4,147,jaqueta,Catalan,Sounds/cat_jaqueta.mp3,2020-05-26_21h10.40.662,TranslationElicitation_eng,2020.1.2,MacIntel,60,Gonzalo,
,,,,,,,,,,,,,,,,,,,,,,,,,,,,,,,,,,,,,n,2.43793,CORON,FALSE,1,0,5,2,1,4,147,jaqueta,Catalan,Sounds/cat_jaqueta.mp3,2020-05-26_21h10.40.662,TranslationElicitation_eng,2020.1.2,MacIntel,60,Gonzalo,
,,,,,,,,,,,,,,,,,,,,,,,,,,,,,,,,,,,,,a,2.589845,CORONA,FALSE,1,0,5,2,1,4,147,jaqueta,Catalan,Sounds/cat_jaqueta.mp3,2020-05-26_21h10.40.662,TranslationElicitation_eng,2020.1.2,MacIntel,60,Gonzalo,
,,,,,,,,,,,,,,,,,,,,,,,,,,,,,,,,,,,,,return,3.123545,CORONA,FALSE,1,0,5,2,1,4,147,jaqueta,Catalan,Sounds/cat_jaqueta.mp3,2020-05-26_21h10.40.662,TranslationElicitation_eng,2020.1.2,MacIntel,60,Gonzalo,3.123545
,,,,,,,,,,,,,,,,,,,,,,,,,,,,,,,,,,,,,,,,,0,0,0,1,1,,126,corona,Catalan,Sounds/cat_corona.mp3,2020-05-26_21h10.40.662,TranslationElicitation_eng,2020.1.2,MacIntel,60,Gonzalo,
