consentKey.keys,consentKey.rt,languageL1Key.keys,languageL1Key.rt,languageL2,languageL2OralKey.keys,languageL2WrittenKey.keys,languageL3OralKey.keys,languageL3WrittenKey.keys,languageCatalanOralKey.keys,languageCatalanOralKey.rt,languageCatalanWrittenKey.keys,languageCatalanWrittenKey.rt,languageCatalanTimeKey.keys,languageCatalanTimeKey.rt,languageSpanishOralKey.keys,languageSpanishOralKey.rt,languageSpanishWrittenKey.keys,languageSpanishWrittenKey.rt,languageSpanishTimeKey.keys,languageSpanishTimeKey.rt,age,demoSexKey.keys,demoSexKey.rt,demoEducationKey.keys,demoEducationKey.rt,city,demoVisionKey.keys,demoVisionKey.rt,demoLanguageKey.keys,demoLanguageKey.rt,setupLocationKey.keys,setupLocationKey.rt,setupNoiseKey.keys,setupNoiseKey.rt,instructionsKeys.keys,instructionsKeys.rt,keyPressed,keyPressTime,inputText,error,trialsPracticeSpanish.thisRepN,trialsPracticeSpanish.thisTrialN,trialsPracticeSpanish.thisN,trialsPracticeSpanish.thisIndex,trialsPracticeSpanish.ran,trialsPracticeSpanish.order,trial_id,word,test_language,soundfile,date,expName,psychopyVersion,OS,frameRate,trialOffset
space,0.08747,e,1.073695,,,,,,5,0.699275,5,0.129595,5,0.10681,5,0.22674,4,0.29513,4,0.33136,6,f,0.968705,1,1.218285,O,y,1.03283,y,0.981845,2,1.188275,2,0.48115,space,1.557845,w,1.63709,W,FALSE,1,0,5,0,1,4,1,arbol,Spanish,Sounds/spa_arbol.mp3,2020-06-03_23h25.22.941,TranslationElicitation_eng,2020.1.2,MacIntel,60,
,,,,,,,,,,,,,,,,,,,,,,,,,,,,,,,,,,,,,a,1.801915,WA,FALSE,1,0,5,0,1,4,1,arbol,Spanish,Sounds/spa_arbol.mp3,2020-06-03_23h25.22.941,TranslationElicitation_eng,2020.1.2,MacIntel,60,
,,,,,,,,,,,,,,,,,,,,,,,,,,,,,,,,,,,,,v,2.003855,WAV,FALSE,1,0,5,0,1,4,1,arbol,Spanish,Sounds/spa_arbol.mp3,2020-06-03_23h25.22.941,TranslationElicitation_eng,2020.1.2,MacIntel,60,
,,,,,,,,,,,,,,,,,,,,,,,,,,,,,,,,,,,,,e,2.0856,WAVE,FALSE,1,0,5,0,1,4,1,arbol,Spanish,Sounds/spa_arbol.mp3,2020-06-03_23h25.22.941,TranslationElicitation_eng,2020.1.2,MacIntel,60,
,,,,,,,,,,,,,,,,,,,,,,,,,,,,,,,,,,,,,return,2.439105,WAVE,FALSE,1,0,5,0,1,4,1,arbol,Spanish,Sounds/spa_arbol.mp3,2020-06-03_23h25.22.941,TranslationElicitation_eng,2020.1.2,MacIntel,60,2.439105
,,,,,,,,,,,,,,,,,,,,,,,,,,,,,,,,,,,,,,,,,0,0,0,3,1,,70,ola,Spanish,Sounds/spa_ola.mp3,2020-06-03_23h25.22.941,TranslationElicitation_eng,2020.1.2,MacIntel,60,
,,,,,,,,,,,,,,,,,,,,,,,,,,,,,,,,,,,,,t,1.651875,T,FALSE,1,0,5,0,1,4,1,arbol,Spanish,Sounds/spa_arbol.mp3,2020-06-03_23h25.22.941,TranslationElicitation_eng,2020.1.2,MacIntel,60,
,,,,,,,,,,,,,,,,,,,,,,,,,,,,,,,,,,,,,i,1.75193,TI,FALSE,1,0,5,0,1,4,1,arbol,Spanish,Sounds/spa_arbol.mp3,2020-06-03_23h25.22.941,TranslationElicitation_eng,2020.1.2,MacIntel,60,
,,,,,,,,,,,,,,,,,,,,,,,,,,,,,,,,,,,,,g,1.837865,TIG,FALSE,1,0,5,0,1,4,1,arbol,Spanish,Sounds/spa_arbol.mp3,2020-06-03_23h25.22.941,TranslationElicitation_eng,2020.1.2,MacIntel,60,
,,,,,,,,,,,,,,,,,,,,,,,,,,,,,,,,,,,,,e,1.959935,TIGE,FALSE,1,0,5,0,1,4,1,arbol,Spanish,Sounds/spa_arbol.mp3,2020-06-03_23h25.22.941,TranslationElicitation_eng,2020.1.2,MacIntel,60,
,,,,,,,,,,,,,,,,,,,,,,,,,,,,,,,,,,,,,r,2.02456,TIGER,FALSE,1,0,5,0,1,4,1,arbol,Spanish,Sounds/spa_arbol.mp3,2020-06-03_23h25.22.941,TranslationElicitation_eng,2020.1.2,MacIntel,60,
,,,,,,,,,,,,,,,,,,,,,,,,,,,,,,,,,,,,,backspace,2.272685,TIG,TRUE,1,0,5,0,1,4,1,arbol,Spanish,Sounds/spa_arbol.mp3,2020-06-03_23h25.22.941,TranslationElicitation_eng,2020.1.2,MacIntel,60,
,,,,,,,,,,,,,,,,,,,,,,,,,,,,,,,,,,,,,e,3.31071,TIGE,TRUE,1,0,5,0,1,4,1,arbol,Spanish,Sounds/spa_arbol.mp3,2020-06-03_23h25.22.941,TranslationElicitation_eng,2020.1.2,MacIntel,60,
,,,,,,,,,,,,,,,,,,,,,,,,,,,,,,,,,,,,,r,3.35578,TIGER,TRUE,1,0,5,0,1,4,1,arbol,Spanish,Sounds/spa_arbol.mp3,2020-06-03_23h25.22.941,TranslationElicitation_eng,2020.1.2,MacIntel,60,
,,,,,,,,,,,,,,,,,,,,,,,,,,,,,,,,,,,,,return,3.643205,TIGER,TRUE,1,0,5,0,1,4,1,arbol,Spanish,Sounds/spa_arbol.mp3,2020-06-03_23h25.22.941,TranslationElicitation_eng,2020.1.2,MacIntel,60,3.643205
,,,,,,,,,,,,,,,,,,,,,,,,,,,,,,,,,,,,,,,,,0,1,1,4,1,,96,tigre,Spanish,Sounds/spa_tigre.mp3,2020-06-03_23h25.22.941,TranslationElicitation_eng,2020.1.2,MacIntel,60,
,,,,,,,,,,,,,,,,,,,,,,,,,,,,,,,,,,,,,c,1.834885,C,FALSE,1,0,5,0,1,4,1,arbol,Spanish,Sounds/spa_arbol.mp3,2020-06-03_23h25.22.941,TranslationElicitation_eng,2020.1.2,MacIntel,60,
,,,,,,,,,,,,,,,,,,,,,,,,,,,,,,,,,,,,,r,2.002935,CR,FALSE,1,0,5,0,1,4,1,arbol,Spanish,Sounds/spa_arbol.mp3,2020-06-03_23h25.22.941,TranslationElicitation_eng,2020.1.2,MacIntel,60,
,,,,,,,,,,,,,,,,,,,,,,,,,,,,,,,,,,,,,o,2.169715,CRO,FALSE,1,0,5,0,1,4,1,arbol,Spanish,Sounds/spa_arbol.mp3,2020-06-03_23h25.22.941,TranslationElicitation_eng,2020.1.2,MacIntel,60,
,,,,,,,,,,,,,,,,,,,,,,,,,,,,,,,,,,,,,w,2.277585,CROW,FALSE,1,0,5,0,1,4,1,arbol,Spanish,Sounds/spa_arbol.mp3,2020-06-03_23h25.22.941,TranslationElicitation_eng,2020.1.2,MacIntel,60,
,,,,,,,,,,,,,,,,,,,,,,,,,,,,,,,,,,,,,n,2.356435,CROWN,FALSE,1,0,5,0,1,4,1,arbol,Spanish,Sounds/spa_arbol.mp3,2020-06-03_23h25.22.941,TranslationElicitation_eng,2020.1.2,MacIntel,60,
,,,,,,,,,,,,,,,,,,,,,,,,,,,,,,,,,,,,,return,2.842475,CROWN,FALSE,1,0,5,0,1,4,1,arbol,Spanish,Sounds/spa_arbol.mp3,2020-06-03_23h25.22.941,TranslationElicitation_eng,2020.1.2,MacIntel,60,2.842475
,,,,,,,,,,,,,,,,,,,,,,,,,,,,,,,,,,,,,,,,,0,2,2,1,1,,30,corona,Spanish,Sounds/spa_corona.mp3,2020-06-03_23h25.22.941,TranslationElicitation_eng,2020.1.2,MacIntel,60,
,,,,,,,,,,,,,,,,,,,,,,,,,,,,,,,,,,,,,j,1.369355,J,FALSE,1,0,5,0,1,4,1,arbol,Spanish,Sounds/spa_arbol.mp3,2020-06-03_23h25.22.941,TranslationElicitation_eng,2020.1.2,MacIntel,60,
,,,,,,,,,,,,,,,,,,,,,,,,,,,,,,,,,,,,,a,1.435235,JA,FALSE,1,0,5,0,1,4,1,arbol,Spanish,Sounds/spa_arbol.mp3,2020-06-03_23h25.22.941,TranslationElicitation_eng,2020.1.2,MacIntel,60,
,,,,,,,,,,,,,,,,,,,,,,,,,,,,,,,,,,,,,c,1.6344,JAC,FALSE,1,0,5,0,1,4,1,arbol,Spanish,Sounds/spa_arbol.mp3,2020-06-03_23h25.22.941,TranslationElicitation_eng,2020.1.2,MacIntel,60,
,,,,,,,,,,,,,,,,,,,,,,,,,,,,,,,,,,,,,e,1.77083,JACE,FALSE,1,0,5,0,1,4,1,arbol,Spanish,Sounds/spa_arbol.mp3,2020-06-03_23h25.22.941,TranslationElicitation_eng,2020.1.2,MacIntel,60,
,,,,,,,,,,,,,,,,,,,,,,,,,,,,,,,,,,,,,t,1.918625,JACET,FALSE,1,0,5,0,1,4,1,arbol,Spanish,Sounds/spa_arbol.mp3,2020-06-03_23h25.22.941,TranslationElicitation_eng,2020.1.2,MacIntel,60,
,,,,,,,,,,,,,,,,,,,,,,,,,,,,,,,,,,,,,return,2.155295,JACET,FALSE,1,0,5,0,1,4,1,arbol,Spanish,Sounds/spa_arbol.mp3,2020-06-03_23h25.22.941,TranslationElicitation_eng,2020.1.2,MacIntel,60,2.155295
,,,,,,,,,,,,,,,,,,,,,,,,,,,,,,,,,,,,,,,,,0,3,3,2,1,,26,chaqueta,Spanish,Sounds/spa_chaqueta.mp3,2020-06-03_23h25.22.941,TranslationElicitation_eng,2020.1.2,MacIntel,60,
