consentKey.keys,consentKey.rt,languageL1Key.keys,languageL1Key.rt,languageL2,languageL2OralKey.keys,languageL2WrittenKey.keys,languageL3OralKey.keys,languageL3WrittenKey.keys,languageCatalanOralKey.keys,languageCatalanOralKey.rt,languageCatalanWrittenKey.keys,languageCatalanWrittenKey.rt,languageCatalanTimeKey.keys,languageCatalanTimeKey.rt,languageSpanishOralKey.keys,languageSpanishOralKey.rt,languageSpanishWrittenKey.keys,languageSpanishWrittenKey.rt,languageSpanishTimeKey.keys,languageSpanishTimeKey.rt,age,demoSexKey.keys,demoSexKey.rt,demoEducationKey.keys,demoEducationKey.rt,city,demoVisionKey.keys,demoVisionKey.rt,demoLanguageKey.keys,demoLanguageKey.rt,setupLocationKey.keys,setupLocationKey.rt,setupNoiseKey.keys,setupNoiseKey.rt,instructionsKeys.keys,instructionsKeys.rt,keyPressed,keyPressTime,inputText,error,trialsPracticeCatalan.thisRepN,trialsPracticeCatalan.thisTrialN,trialsPracticeCatalan.thisN,trialsPracticeCatalan.thisIndex,trialsPracticeCatalan.ran,trialsPracticeCatalan.order,trial_id,word,test_language,soundfile,date,expName,psychopyVersion,OS,frameRate,trialOffset,trialsCatalan.thisRepN,trialsCatalan.thisTrialN,trialsCatalan.thisN,trialsCatalan.thisIndex,trialsCatalan.ran,trialsCatalan.order
space,0.140025,e,1.04643,,,,,,3,0.832875,3,0.3989,3,0.328425,3,0.452505,3,0.36962,3,0.36166,3,f,1.032635,3,0.696595,G,y,2.38391,y,0.52955,3,0.537865,3,0.250515,space,0.713995,a,1.94393,A,FALSE,1,0,5,3,1,4,159,onada,Catalan,Sounds/cat_onada.mp3,2020-06-03_23h42.22.590,TranslationElicitation_eng,2020.1.2,MacIntel,60,,,,,,,
,,,,,,,,,,,,,,,,,,,,,,,,,,,,,,,,,,,,,r,2.377625,AR,FALSE,1,0,5,3,1,4,159,onada,Catalan,Sounds/cat_onada.mp3,2020-06-03_23h42.22.590,TranslationElicitation_eng,2020.1.2,MacIntel,60,,,,,,,
,,,,,,,,,,,,,,,,,,,,,,,,,,,,,,,,,,,,,o,2.49803,ARO,FALSE,1,0,5,3,1,4,159,onada,Catalan,Sounds/cat_onada.mp3,2020-06-03_23h42.22.590,TranslationElicitation_eng,2020.1.2,MacIntel,60,,,,,,,
,,,,,,,,,,,,,,,,,,,,,,,,,,,,,,,,,,,,,l,2.64665,AROL,FALSE,1,0,5,3,1,4,159,onada,Catalan,Sounds/cat_onada.mp3,2020-06-03_23h42.22.590,TranslationElicitation_eng,2020.1.2,MacIntel,60,,,,,,,
,,,,,,,,,,,,,,,,,,,,,,,,,,,,,,,,,,,,,return,3.111715,AROL,FALSE,1,0,5,3,1,4,159,onada,Catalan,Sounds/cat_onada.mp3,2020-06-03_23h42.22.590,TranslationElicitation_eng,2020.1.2,MacIntel,60,3.111715,,,,,,
,,,,,,,,,,,,,,,,,,,,,,,,,,,,,,,,,,,,,,,,,0,0,0,0,1,,109,arbre,Catalan,Sounds/cat_arbre.mp3,2020-06-03_23h42.22.590,TranslationElicitation_eng,2020.1.2,MacIntel,60,,,,,,,
,,,,,,,,,,,,,,,,,,,,,,,,,,,,,,,,,,,,,c,1.96278,C,FALSE,1,0,5,3,1,4,159,onada,Catalan,Sounds/cat_onada.mp3,2020-06-03_23h42.22.590,TranslationElicitation_eng,2020.1.2,MacIntel,60,,,,,,,
,,,,,,,,,,,,,,,,,,,,,,,,,,,,,,,,,,,,,r,2.00833,CR,FALSE,1,0,5,3,1,4,159,onada,Catalan,Sounds/cat_onada.mp3,2020-06-03_23h42.22.590,TranslationElicitation_eng,2020.1.2,MacIntel,60,,,,,,,
,,,,,,,,,,,,,,,,,,,,,,,,,,,,,,,,,,,,,o,2.11019,CRO,FALSE,1,0,5,3,1,4,159,onada,Catalan,Sounds/cat_onada.mp3,2020-06-03_23h42.22.590,TranslationElicitation_eng,2020.1.2,MacIntel,60,,,,,,,
,,,,,,,,,,,,,,,,,,,,,,,,,,,,,,,,,,,,,n,2.334455,CRON,FALSE,1,0,5,3,1,4,159,onada,Catalan,Sounds/cat_onada.mp3,2020-06-03_23h42.22.590,TranslationElicitation_eng,2020.1.2,MacIntel,60,,,,,,,
,,,,,,,,,,,,,,,,,,,,,,,,,,,,,,,,,,,,,a,2.39263,CRONA,FALSE,1,0,5,3,1,4,159,onada,Catalan,Sounds/cat_onada.mp3,2020-06-03_23h42.22.590,TranslationElicitation_eng,2020.1.2,MacIntel,60,,,,,,,
,,,,,,,,,,,,,,,,,,,,,,,,,,,,,,,,,,,,,backspace,2.845935,CRO,TRUE,1,0,5,3,1,4,159,onada,Catalan,Sounds/cat_onada.mp3,2020-06-03_23h42.22.590,TranslationElicitation_eng,2020.1.2,MacIntel,60,,,,,,,
,,,,,,,,,,,,,,,,,,,,,,,,,,,,,,,,,,,,,backspace,2.988765,C,TRUE,1,0,5,3,1,4,159,onada,Catalan,Sounds/cat_onada.mp3,2020-06-03_23h42.22.590,TranslationElicitation_eng,2020.1.2,MacIntel,60,,,,,,,
,,,,,,,,,,,,,,,,,,,,,,,,,,,,,,,,,,,,,backspace,3.12026,,TRUE,1,0,5,3,1,4,159,onada,Catalan,Sounds/cat_onada.mp3,2020-06-03_23h42.22.590,TranslationElicitation_eng,2020.1.2,MacIntel,60,,,,,,,
,,,,,,,,,,,,,,,,,,,,,,,,,,,,,,,,,,,,,backspace,3.29237,,TRUE,1,0,5,3,1,4,159,onada,Catalan,Sounds/cat_onada.mp3,2020-06-03_23h42.22.590,TranslationElicitation_eng,2020.1.2,MacIntel,60,,,,,,,
,,,,,,,,,,,,,,,,,,,,,,,,,,,,,,,,,,,,,c,4.35711,C,TRUE,1,0,5,3,1,4,159,onada,Catalan,Sounds/cat_onada.mp3,2020-06-03_23h42.22.590,TranslationElicitation_eng,2020.1.2,MacIntel,60,,,,,,,
,,,,,,,,,,,,,,,,,,,,,,,,,,,,,,,,,,,,,o,4.522705,CO,TRUE,1,0,5,3,1,4,159,onada,Catalan,Sounds/cat_onada.mp3,2020-06-03_23h42.22.590,TranslationElicitation_eng,2020.1.2,MacIntel,60,,,,,,,
,,,,,,,,,,,,,,,,,,,,,,,,,,,,,,,,,,,,,r,4.77524,COR,TRUE,1,0,5,3,1,4,159,onada,Catalan,Sounds/cat_onada.mp3,2020-06-03_23h42.22.590,TranslationElicitation_eng,2020.1.2,MacIntel,60,,,,,,,
,,,,,,,,,,,,,,,,,,,,,,,,,,,,,,,,,,,,,o,5.00672,CORO,TRUE,1,0,5,3,1,4,159,onada,Catalan,Sounds/cat_onada.mp3,2020-06-03_23h42.22.590,TranslationElicitation_eng,2020.1.2,MacIntel,60,,,,,,,
,,,,,,,,,,,,,,,,,,,,,,,,,,,,,,,,,,,,,n,5.207015,CORON,TRUE,1,0,5,3,1,4,159,onada,Catalan,Sounds/cat_onada.mp3,2020-06-03_23h42.22.590,TranslationElicitation_eng,2020.1.2,MacIntel,60,,,,,,,
,,,,,,,,,,,,,,,,,,,,,,,,,,,,,,,,,,,,,return,5.540845,CORON,TRUE,1,0,5,3,1,4,159,onada,Catalan,Sounds/cat_onada.mp3,2020-06-03_23h42.22.590,TranslationElicitation_eng,2020.1.2,MacIntel,60,5.540845,,,,,,
,,,,,,,,,,,,,,,,,,,,,,,,,,,,,,,,,,,,,,,,,0,1,1,1,1,,126,corona,Catalan,Sounds/cat_corona.mp3,2020-06-03_23h42.22.590,TranslationElicitation_eng,2020.1.2,MacIntel,60,,,,,,,
,,,,,,,,,,,,,,,,,,,,,,,,,,,,,,,,,,,,,t,1.93824,T,FALSE,1,0,5,3,1,4,159,onada,Catalan,Sounds/cat_onada.mp3,2020-06-03_23h42.22.590,TranslationElicitation_eng,2020.1.2,MacIntel,60,,,,,,,
,,,,,,,,,,,,,,,,,,,,,,,,,,,,,,,,,,,,,i,2.056665,TI,FALSE,1,0,5,3,1,4,159,onada,Catalan,Sounds/cat_onada.mp3,2020-06-03_23h42.22.590,TranslationElicitation_eng,2020.1.2,MacIntel,60,,,,,,,
,,,,,,,,,,,,,,,,,,,,,,,,,,,,,,,,,,,,,g,2.126525,TIG,FALSE,1,0,5,3,1,4,159,onada,Catalan,Sounds/cat_onada.mp3,2020-06-03_23h42.22.590,TranslationElicitation_eng,2020.1.2,MacIntel,60,,,,,,,
,,,,,,,,,,,,,,,,,,,,,,,,,,,,,,,,,,,,,r,2.339015,TIGR,FALSE,1,0,5,3,1,4,159,onada,Catalan,Sounds/cat_onada.mp3,2020-06-03_23h42.22.590,TranslationElicitation_eng,2020.1.2,MacIntel,60,,,,,,,
,,,,,,,,,,,,,,,,,,,,,,,,,,,,,,,,,,,,,e,2.492645,TIGRE,FALSE,1,0,5,3,1,4,159,onada,Catalan,Sounds/cat_onada.mp3,2020-06-03_23h42.22.590,TranslationElicitation_eng,2020.1.2,MacIntel,60,,,,,,,
,,,,,,,,,,,,,,,,,,,,,,,,,,,,,,,,,,,,,return,2.70892,TIGRE,FALSE,1,0,5,3,1,4,159,onada,Catalan,Sounds/cat_onada.mp3,2020-06-03_23h42.22.590,TranslationElicitation_eng,2020.1.2,MacIntel,60,2.70892,,,,,,
,,,,,,,,,,,,,,,,,,,,,,,,,,,,,,,,,,,,,,,,,0,2,2,4,1,,179,tigre,Catalan,Sounds/cat_tigre.mp3,2020-06-03_23h42.22.590,TranslationElicitation_eng,2020.1.2,MacIntel,60,,,,,,,
,,,,,,,,,,,,,,,,,,,,,,,,,,,,,,,,,,,,,c,1.800625,C,FALSE,1,0,5,3,1,4,159,onada,Catalan,Sounds/cat_onada.mp3,2020-06-03_23h42.22.590,TranslationElicitation_eng,2020.1.2,MacIntel,60,,,,,,,
,,,,,,,,,,,,,,,,,,,,,,,,,,,,,,,,,,,,,a,2.94472,CA,FALSE,1,0,5,3,1,4,159,onada,Catalan,Sounds/cat_onada.mp3,2020-06-03_23h42.22.590,TranslationElicitation_eng,2020.1.2,MacIntel,60,,,,,,,
,,,,,,,,,,,,,,,,,,,,,,,,,,,,,,,,,,,,,a,3.454175,CAA,FALSE,1,0,5,3,1,4,159,onada,Catalan,Sounds/cat_onada.mp3,2020-06-03_23h42.22.590,TranslationElicitation_eng,2020.1.2,MacIntel,60,,,,,,,
,,,,,,,,,,,,,,,,,,,,,,,,,,,,,,,,,,,,,a,4.016375,CAAA,FALSE,1,0,5,3,1,4,159,onada,Catalan,Sounds/cat_onada.mp3,2020-06-03_23h42.22.590,TranslationElicitation_eng,2020.1.2,MacIntel,60,,,,,,,
,,,,,,,,,,,,,,,,,,,,,,,,,,,,,,,,,,,,,a,4.479775,CAAAA,FALSE,1,0,5,3,1,4,159,onada,Catalan,Sounds/cat_onada.mp3,2020-06-03_23h42.22.590,TranslationElicitation_eng,2020.1.2,MacIntel,60,,,,,,,
,,,,,,,,,,,,,,,,,,,,,,,,,,,,,,,,,,,,,a,4.84083,CAAAAA,FALSE,1,0,5,3,1,4,159,onada,Catalan,Sounds/cat_onada.mp3,2020-06-03_23h42.22.590,TranslationElicitation_eng,2020.1.2,MacIntel,60,,,,,,,
,,,,,,,,,,,,,,,,,,,,,,,,,,,,,,,,,,,,,backspace,5.40252,CAAA,TRUE,1,0,5,3,1,4,159,onada,Catalan,Sounds/cat_onada.mp3,2020-06-03_23h42.22.590,TranslationElicitation_eng,2020.1.2,MacIntel,60,,,,,,,
,,,,,,,,,,,,,,,,,,,,,,,,,,,,,,,,,,,,,backspace,5.549055,CA,TRUE,1,0,5,3,1,4,159,onada,Catalan,Sounds/cat_onada.mp3,2020-06-03_23h42.22.590,TranslationElicitation_eng,2020.1.2,MacIntel,60,,,,,,,
,,,,,,,,,,,,,,,,,,,,,,,,,,,,,,,,,,,,,backspace,5.75827,,TRUE,1,0,5,3,1,4,159,onada,Catalan,Sounds/cat_onada.mp3,2020-06-03_23h42.22.590,TranslationElicitation_eng,2020.1.2,MacIntel,60,,,,,,,
,,,,,,,,,,,,,,,,,,,,,,,,,,,,,,,,,,,,,backspace,5.85182,,TRUE,1,0,5,3,1,4,159,onada,Catalan,Sounds/cat_onada.mp3,2020-06-03_23h42.22.590,TranslationElicitation_eng,2020.1.2,MacIntel,60,,,,,,,
,,,,,,,,,,,,,,,,,,,,,,,,,,,,,,,,,,,,,backspace,6.06686,,TRUE,1,0,5,3,1,4,159,onada,Catalan,Sounds/cat_onada.mp3,2020-06-03_23h42.22.590,TranslationElicitation_eng,2020.1.2,MacIntel,60,,,,,,,
,,,,,,,,,,,,,,,,,,,,,,,,,,,,,,,,,,,,,c,6.662485,C,TRUE,1,0,5,3,1,4,159,onada,Catalan,Sounds/cat_onada.mp3,2020-06-03_23h42.22.590,TranslationElicitation_eng,2020.1.2,MacIntel,60,,,,,,,
,,,,,,,,,,,,,,,,,,,,,,,,,,,,,,,,,,,,,h,6.78075,CH,TRUE,1,0,5,3,1,4,159,onada,Catalan,Sounds/cat_onada.mp3,2020-06-03_23h42.22.590,TranslationElicitation_eng,2020.1.2,MacIntel,60,,,,,,,
,,,,,,,,,,,,,,,,,,,,,,,,,,,,,,,,,,,,,a,7.821585,CHA,TRUE,1,0,5,3,1,4,159,onada,Catalan,Sounds/cat_onada.mp3,2020-06-03_23h42.22.590,TranslationElicitation_eng,2020.1.2,MacIntel,60,,,,,,,
,,,,,,,,,,,,,,,,,,,,,,,,,,,,,,,,,,,,,q,8.3881,CHAQ,TRUE,1,0,5,3,1,4,159,onada,Catalan,Sounds/cat_onada.mp3,2020-06-03_23h42.22.590,TranslationElicitation_eng,2020.1.2,MacIntel,60,,,,,,,
,,,,,,,,,,,,,,,,,,,,,,,,,,,,,,,,,,,,,u,8.48893,CHAQU,TRUE,1,0,5,3,1,4,159,onada,Catalan,Sounds/cat_onada.mp3,2020-06-03_23h42.22.590,TranslationElicitation_eng,2020.1.2,MacIntel,60,,,,,,,
,,,,,,,,,,,,,,,,,,,,,,,,,,,,,,,,,,,,,e,8.589835,CHAQUE,TRUE,1,0,5,3,1,4,159,onada,Catalan,Sounds/cat_onada.mp3,2020-06-03_23h42.22.590,TranslationElicitation_eng,2020.1.2,MacIntel,60,,,,,,,
,,,,,,,,,,,,,,,,,,,,,,,,,,,,,,,,,,,,,t,8.773885,CHAQUET,TRUE,1,0,5,3,1,4,159,onada,Catalan,Sounds/cat_onada.mp3,2020-06-03_23h42.22.590,TranslationElicitation_eng,2020.1.2,MacIntel,60,,,,,,,
,,,,,,,,,,,,,,,,,,,,,,,,,,,,,,,,,,,,,a,9.039175,CHAQUETA,TRUE,1,0,5,3,1,4,159,onada,Catalan,Sounds/cat_onada.mp3,2020-06-03_23h42.22.590,TranslationElicitation_eng,2020.1.2,MacIntel,60,,,,,,,
,,,,,,,,,,,,,,,,,,,,,,,,,,,,,,,,,,,,,backspace,9.993165,CHAQUE,TRUE,1,0,5,3,1,4,159,onada,Catalan,Sounds/cat_onada.mp3,2020-06-03_23h42.22.590,TranslationElicitation_eng,2020.1.2,MacIntel,60,,,,,,,
,,,,,,,,,,,,,,,,,,,,,,,,,,,,,,,,,,,,,t,11.27935,CHAQUET,TRUE,1,0,5,3,1,4,159,onada,Catalan,Sounds/cat_onada.mp3,2020-06-03_23h42.22.590,TranslationElicitation_eng,2020.1.2,MacIntel,60,,,,,,,
,,,,,,,,,,,,,,,,,,,,,,,,,,,,,,,,,,,,,a,11.38221,CHAQUETA,TRUE,1,0,5,3,1,4,159,onada,Catalan,Sounds/cat_onada.mp3,2020-06-03_23h42.22.590,TranslationElicitation_eng,2020.1.2,MacIntel,60,,,,,,,
,,,,,,,,,,,,,,,,,,,,,,,,,,,,,,,,,,,,,return,11.89783,CHAQUETA,TRUE,1,0,5,3,1,4,159,onada,Catalan,Sounds/cat_onada.mp3,2020-06-03_23h42.22.590,TranslationElicitation_eng,2020.1.2,MacIntel,60,11.89783,,,,,,
,,,,,,,,,,,,,,,,,,,,,,,,,,,,,,,,,,,,,,,,,0,3,3,2,1,,147,jaqueta,Catalan,Sounds/cat_jaqueta.mp3,2020-06-03_23h42.22.590,TranslationElicitation_eng,2020.1.2,MacIntel,60,,,,,,,
,,,,,,,,,,,,,,,,,,,,,,,,,,,,,,,,,,,,,o,1.535085,O,FALSE,1,0,5,3,1,4,159,onada,Catalan,Sounds/cat_onada.mp3,2020-06-03_23h42.22.590,TranslationElicitation_eng,2020.1.2,MacIntel,60,,,,,,,
,,,,,,,,,,,,,,,,,,,,,,,,,,,,,,,,,,,,,l,1.674075,OL,FALSE,1,0,5,3,1,4,159,onada,Catalan,Sounds/cat_onada.mp3,2020-06-03_23h42.22.590,TranslationElicitation_eng,2020.1.2,MacIntel,60,,,,,,,
,,,,,,,,,,,,,,,,,,,,,,,,,,,,,,,,,,,,,a,1.786855,OLA,FALSE,1,0,5,3,1,4,159,onada,Catalan,Sounds/cat_onada.mp3,2020-06-03_23h42.22.590,TranslationElicitation_eng,2020.1.2,MacIntel,60,,,,,,,
,,,,,,,,,,,,,,,,,,,,,,,,,,,,,,,,,,,,,return,1.952495,OLA,FALSE,1,0,5,3,1,4,159,onada,Catalan,Sounds/cat_onada.mp3,2020-06-03_23h42.22.590,TranslationElicitation_eng,2020.1.2,MacIntel,60,1.952495,,,,,,
,,,,,,,,,,,,,,,,,,,,,,,,,,,,,,,,,,,,,d,1.98594,D,FALSE,,,,,,,180,tisores,Catalan,Sounds/cat_tisores.mp3,2020-06-03_23h42.22.590,TranslationElicitation_eng,2020.1.2,MacIntel,60,,1,0,81,71,1,80
,,,,,,,,,,,,,,,,,,,,,,,,,,,,,,,,,,,,,e,2.0363,DE,FALSE,,,,,,,180,tisores,Catalan,Sounds/cat_tisores.mp3,2020-06-03_23h42.22.590,TranslationElicitation_eng,2020.1.2,MacIntel,60,,1,0,81,71,1,80
,,,,,,,,,,,,,,,,,,,,,,,,,,,,,,,,,,,,,d,2.6715,DED,FALSE,,,,,,,180,tisores,Catalan,Sounds/cat_tisores.mp3,2020-06-03_23h42.22.590,TranslationElicitation_eng,2020.1.2,MacIntel,60,,1,0,81,71,1,80
,,,,,,,,,,,,,,,,,,,,,,,,,,,,,,,,,,,,,i,2.771415,DEDI,FALSE,,,,,,,180,tisores,Catalan,Sounds/cat_tisores.mp3,2020-06-03_23h42.22.590,TranslationElicitation_eng,2020.1.2,MacIntel,60,,1,0,81,71,1,80
,,,,,,,,,,,,,,,,,,,,,,,,,,,,,,,,,,,,,return,3.09138,DEDI,FALSE,,,,,,,180,tisores,Catalan,Sounds/cat_tisores.mp3,2020-06-03_23h42.22.590,TranslationElicitation_eng,2020.1.2,MacIntel,60,3.09138,1,0,81,71,1,80
,,,,,,,,,,,,,,,,,,,,,,,,,,,,,,,,,,,,,,,,,,,,,,,129,dit,Catalan,Sounds/cat_dit.mp3,2020-06-03_23h42.22.590,TranslationElicitation_eng,2020.1.2,MacIntel,60,,0,0,0,23,1,
,,,,,,,,,,,,,,,,,,,,,,,,,,,,,,,,,,,,,o,3.90905,O,FALSE,,,,,,,180,tisores,Catalan,Sounds/cat_tisores.mp3,2020-06-03_23h42.22.590,TranslationElicitation_eng,2020.1.2,MacIntel,60,,1,0,81,71,1,80
,,,,,,,,,,,,,,,,,,,,,,,,,,,,,,,,,,,,,v,4.010085,OV,FALSE,,,,,,,180,tisores,Catalan,Sounds/cat_tisores.mp3,2020-06-03_23h42.22.590,TranslationElicitation_eng,2020.1.2,MacIntel,60,,1,0,81,71,1,80
,,,,,,,,,,,,,,,,,,,,,,,,,,,,,,,,,,,,,e,4.12857,OVE,FALSE,,,,,,,180,tisores,Catalan,Sounds/cat_tisores.mp3,2020-06-03_23h42.22.590,TranslationElicitation_eng,2020.1.2,MacIntel,60,,1,0,81,71,1,80
,,,,,,,,,,,,,,,,,,,,,,,,,,,,,,,,,,,,,d,4.328685,OVED,FALSE,,,,,,,180,tisores,Catalan,Sounds/cat_tisores.mp3,2020-06-03_23h42.22.590,TranslationElicitation_eng,2020.1.2,MacIntel,60,,1,0,81,71,1,80
,,,,,,,,,,,,,,,,,,,,,,,,,,,,,,,,,,,,,backspace,4.79609,OV,TRUE,,,,,,,180,tisores,Catalan,Sounds/cat_tisores.mp3,2020-06-03_23h42.22.590,TranslationElicitation_eng,2020.1.2,MacIntel,60,,1,0,81,71,1,80
,,,,,,,,,,,,,,,,,,,,,,,,,,,,,,,,,,,,,l,5.072845,OVL,TRUE,,,,,,,180,tisores,Catalan,Sounds/cat_tisores.mp3,2020-06-03_23h42.22.590,TranslationElicitation_eng,2020.1.2,MacIntel,60,,1,0,81,71,1,80
,,,,,,,,,,,,,,,,,,,,,,,,,,,,,,,,,,,,,l,5.196995,OVLL,TRUE,,,,,,,180,tisores,Catalan,Sounds/cat_tisores.mp3,2020-06-03_23h42.22.590,TranslationElicitation_eng,2020.1.2,MacIntel,60,,1,0,81,71,1,80
,,,,,,,,,,,,,,,,,,,,,,,,,,,,,,,,,,,,,a,5.34807,OVLLA,TRUE,,,,,,,180,tisores,Catalan,Sounds/cat_tisores.mp3,2020-06-03_23h42.22.590,TranslationElicitation_eng,2020.1.2,MacIntel,60,,1,0,81,71,1,80
,,,,,,,,,,,,,,,,,,,,,,,,,,,,,,,,,,,,,backspace,5.871435,OVL,TRUE,,,,,,,180,tisores,Catalan,Sounds/cat_tisores.mp3,2020-06-03_23h42.22.590,TranslationElicitation_eng,2020.1.2,MacIntel,60,,1,0,81,71,1,80
,,,,,,,,,,,,,,,,,,,,,,,,,,,,,,,,,,,,,backspace,6.015615,O,TRUE,,,,,,,180,tisores,Catalan,Sounds/cat_tisores.mp3,2020-06-03_23h42.22.590,TranslationElicitation_eng,2020.1.2,MacIntel,60,,1,0,81,71,1,80
,,,,,,,,,,,,,,,,,,,,,,,,,,,,,,,,,,,,,backspace,6.16599,,TRUE,,,,,,,180,tisores,Catalan,Sounds/cat_tisores.mp3,2020-06-03_23h42.22.590,TranslationElicitation_eng,2020.1.2,MacIntel,60,,1,0,81,71,1,80
,,,,,,,,,,,,,,,,,,,,,,,,,,,,,,,,,,,,,o,7.23419,O,TRUE,,,,,,,180,tisores,Catalan,Sounds/cat_tisores.mp3,2020-06-03_23h42.22.590,TranslationElicitation_eng,2020.1.2,MacIntel,60,,1,0,81,71,1,80
,,,,,,,,,,,,,,,,,,,,,,,,,,,,,,,,,,,,,v,7.383745,OV,TRUE,,,,,,,180,tisores,Catalan,Sounds/cat_tisores.mp3,2020-06-03_23h42.22.590,TranslationElicitation_eng,2020.1.2,MacIntel,60,,1,0,81,71,1,80
,,,,,,,,,,,,,,,,,,,,,,,,,,,,,,,,,,,,,e,7.452905,OVE,TRUE,,,,,,,180,tisores,Catalan,Sounds/cat_tisores.mp3,2020-06-03_23h42.22.590,TranslationElicitation_eng,2020.1.2,MacIntel,60,,1,0,81,71,1,80
,,,,,,,,,,,,,,,,,,,,,,,,,,,,,,,,,,,,,l,7.61991,OVEL,TRUE,,,,,,,180,tisores,Catalan,Sounds/cat_tisores.mp3,2020-06-03_23h42.22.590,TranslationElicitation_eng,2020.1.2,MacIntel,60,,1,0,81,71,1,80
,,,,,,,,,,,,,,,,,,,,,,,,,,,,,,,,,,,,,l,7.734385,OVELL,TRUE,,,,,,,180,tisores,Catalan,Sounds/cat_tisores.mp3,2020-06-03_23h42.22.590,TranslationElicitation_eng,2020.1.2,MacIntel,60,,1,0,81,71,1,80
,,,,,,,,,,,,,,,,,,,,,,,,,,,,,,,,,,,,,a,7.851065,OVELLA,TRUE,,,,,,,180,tisores,Catalan,Sounds/cat_tisores.mp3,2020-06-03_23h42.22.590,TranslationElicitation_eng,2020.1.2,MacIntel,60,,1,0,81,71,1,80
,,,,,,,,,,,,,,,,,,,,,,,,,,,,,,,,,,,,,return,8.034295,OVELLA,TRUE,,,,,,,180,tisores,Catalan,Sounds/cat_tisores.mp3,2020-06-03_23h42.22.590,TranslationElicitation_eng,2020.1.2,MacIntel,60,8.034295,1,0,81,71,1,80
,,,,,,,,,,,,,,,,,,,,,,,,,,,,,,,,,,,,,,,,,,,,,,,161,ovella,Catalan,Sounds/cat_ovella.mp3,2020-06-03_23h42.22.590,TranslationElicitation_eng,2020.1.2,MacIntel,60,,0,1,1,53,1,
