consentKey.keys,consentKey.rt,languageL1Key.keys,languageL1Key.rt,languageL2,languageL2OralKey.keys,languageL2OralKey.rt,languageL2WrittenKey.keys,languageL2WrittenKey.rt,languageL3,languageL3OralKey.keys,languageL3WrittenKey.keys,languageCatalanOralKey.keys,languageCatalanOralKey.rt,languageCatalanWrittenKey.keys,languageCatalanWrittenKey.rt,languageCatalanTimeKey.keys,languageCatalanTimeKey.rt,languageSpanishOralKey.keys,languageSpanishOralKey.rt,languageSpanishWrittenKey.keys,languageSpanishWrittenKey.rt,languageSpanishTimeKey.keys,languageSpanishTimeKey.rt,age,demoSexKey.keys,demoSexKey.rt,demoEducationKey.keys,demoEducationKey.rt,city,demoVisionKey.keys,demoVisionKey.rt,demoLanguageKey.keys,demoLanguageKey.rt,setupLocationKey.keys,setupLocationKey.rt,setupNoiseKey.keys,setupNoiseKey.rt,instructionsKeys.keys,instructionsKeys.rt,keyPressed,keyPressTime,inputText,error,trialsPracticeSpanish.thisRepN,trialsPracticeSpanish.thisTrialN,trialsPracticeSpanish.thisN,trialsPracticeSpanish.thisIndex,trialsPracticeSpanish.ran,trialsPracticeSpanish.order,trial_id,word,test_language,soundfile,date,expName,psychopyVersion,OS,frameRate,trialOffset
space,2.40545,e,1.738295,I,2,1.346415,2,0.060685,,,,2,1.58553,3,0.638305,2,0.78115,3,0.865395,2,0.921775,3,0.63591,4,f,1.27972,3,0.98082,G,y,1.66847,y,0.63472,3,0.98795,3,0.504405,space,1.66686,c,1.46944,C,FALSE,1,0,5,3,1,4,70,ola,Spanish,Sounds/spa_ola.mp3,2020-05-26_21h20.12.971,TranslationElicitation_eng,2020.1.2,MacIntel,60,
,,,,,,,,,,,,,,,,,,,,,,,,,,,,,,,,,,,,,,,,h,1.57071,CH,FALSE,1,0,5,3,1,4,70,ola,Spanish,Sounds/spa_ola.mp3,2020-05-26_21h20.12.971,TranslationElicitation_eng,2020.1.2,MacIntel,60,
,,,,,,,,,,,,,,,,,,,,,,,,,,,,,,,,,,,,,,,,a,1.67167,CHA,FALSE,1,0,5,3,1,4,70,ola,Spanish,Sounds/spa_ola.mp3,2020-05-26_21h20.12.971,TranslationElicitation_eng,2020.1.2,MacIntel,60,
,,,,,,,,,,,,,,,,,,,,,,,,,,,,,,,,,,,,,,,,e,2.055465,CHAE,FALSE,1,0,5,3,1,4,70,ola,Spanish,Sounds/spa_ola.mp3,2020-05-26_21h20.12.971,TranslationElicitation_eng,2020.1.2,MacIntel,60,
,,,,,,,,,,,,,,,,,,,,,,,,,,,,,,,,,,,,,,,,u,2.17238,CHAEU,FALSE,1,0,5,3,1,4,70,ola,Spanish,Sounds/spa_ola.mp3,2020-05-26_21h20.12.971,TranslationElicitation_eng,2020.1.2,MacIntel,60,
,,,,,,,,,,,,,,,,,,,,,,,,,,,,,,,,,,,,,,,,q,2.18961,CHAEUQ,FALSE,1,0,5,3,1,4,70,ola,Spanish,Sounds/spa_ola.mp3,2020-05-26_21h20.12.971,TranslationElicitation_eng,2020.1.2,MacIntel,60,
,,,,,,,,,,,,,,,,,,,,,,,,,,,,,,,,,,,,,,,,e,2.35637,CHAEUQE,FALSE,1,0,5,3,1,4,70,ola,Spanish,Sounds/spa_ola.mp3,2020-05-26_21h20.12.971,TranslationElicitation_eng,2020.1.2,MacIntel,60,
,,,,,,,,,,,,,,,,,,,,,,,,,,,,,,,,,,,,,,,,t,2.52422,CHAEUQET,FALSE,1,0,5,3,1,4,70,ola,Spanish,Sounds/spa_ola.mp3,2020-05-26_21h20.12.971,TranslationElicitation_eng,2020.1.2,MacIntel,60,
,,,,,,,,,,,,,,,,,,,,,,,,,,,,,,,,,,,,,,,,backspace,2.822925,CHAEUQ,TRUE,1,0,5,3,1,4,70,ola,Spanish,Sounds/spa_ola.mp3,2020-05-26_21h20.12.971,TranslationElicitation_eng,2020.1.2,MacIntel,60,
,,,,,,,,,,,,,,,,,,,,,,,,,,,,,,,,,,,,,,,,backspace,2.9574,CHAE,TRUE,1,0,5,3,1,4,70,ola,Spanish,Sounds/spa_ola.mp3,2020-05-26_21h20.12.971,TranslationElicitation_eng,2020.1.2,MacIntel,60,
,,,,,,,,,,,,,,,,,,,,,,,,,,,,,,,,,,,,,,,,backspace,3.074275,CH,TRUE,1,0,5,3,1,4,70,ola,Spanish,Sounds/spa_ola.mp3,2020-05-26_21h20.12.971,TranslationElicitation_eng,2020.1.2,MacIntel,60,
,,,,,,,,,,,,,,,,,,,,,,,,,,,,,,,,,,,,,,,,backspace,3.192195,,TRUE,1,0,5,3,1,4,70,ola,Spanish,Sounds/spa_ola.mp3,2020-05-26_21h20.12.971,TranslationElicitation_eng,2020.1.2,MacIntel,60,
,,,,,,,,,,,,,,,,,,,,,,,,,,,,,,,,,,,,,,,,c,4.145305,C,TRUE,1,0,5,3,1,4,70,ola,Spanish,Sounds/spa_ola.mp3,2020-05-26_21h20.12.971,TranslationElicitation_eng,2020.1.2,MacIntel,60,
,,,,,,,,,,,,,,,,,,,,,,,,,,,,,,,,,,,,,,,,h,4.195005,CH,TRUE,1,0,5,3,1,4,70,ola,Spanish,Sounds/spa_ola.mp3,2020-05-26_21h20.12.971,TranslationElicitation_eng,2020.1.2,MacIntel,60,
,,,,,,,,,,,,,,,,,,,,,,,,,,,,,,,,,,,,,,,,a,4.29471,CHA,TRUE,1,0,5,3,1,4,70,ola,Spanish,Sounds/spa_ola.mp3,2020-05-26_21h20.12.971,TranslationElicitation_eng,2020.1.2,MacIntel,60,
,,,,,,,,,,,,,,,,,,,,,,,,,,,,,,,,,,,,,,,,e,4.828705,CHAE,TRUE,1,0,5,3,1,4,70,ola,Spanish,Sounds/spa_ola.mp3,2020-05-26_21h20.12.971,TranslationElicitation_eng,2020.1.2,MacIntel,60,
,,,,,,,,,,,,,,,,,,,,,,,,,,,,,,,,,,,,,,,,u,4.94595,CHAEU,TRUE,1,0,5,3,1,4,70,ola,Spanish,Sounds/spa_ola.mp3,2020-05-26_21h20.12.971,TranslationElicitation_eng,2020.1.2,MacIntel,60,
,,,,,,,,,,,,,,,,,,,,,,,,,,,,,,,,,,,,,,,,q,4.997115,CHAEUQ,TRUE,1,0,5,3,1,4,70,ola,Spanish,Sounds/spa_ola.mp3,2020-05-26_21h20.12.971,TranslationElicitation_eng,2020.1.2,MacIntel,60,
,,,,,,,,,,,,,,,,,,,,,,,,,,,,,,,,,,,,,,,,backspace,5.81532,CHAE,TRUE,1,0,5,3,1,4,70,ola,Spanish,Sounds/spa_ola.mp3,2020-05-26_21h20.12.971,TranslationElicitation_eng,2020.1.2,MacIntel,60,
,,,,,,,,,,,,,,,,,,,,,,,,,,,,,,,,,,,,,,,,backspace,5.932355,CH,TRUE,1,0,5,3,1,4,70,ola,Spanish,Sounds/spa_ola.mp3,2020-05-26_21h20.12.971,TranslationElicitation_eng,2020.1.2,MacIntel,60,
,,,,,,,,,,,,,,,,,,,,,,,,,,,,,,,,,,,,,,,,a,6.934475,CHA,TRUE,1,0,5,3,1,4,70,ola,Spanish,Sounds/spa_ola.mp3,2020-05-26_21h20.12.971,TranslationElicitation_eng,2020.1.2,MacIntel,60,
,,,,,,,,,,,,,,,,,,,,,,,,,,,,,,,,,,,,,,,,q,7.368885,CHAQ,TRUE,1,0,5,3,1,4,70,ola,Spanish,Sounds/spa_ola.mp3,2020-05-26_21h20.12.971,TranslationElicitation_eng,2020.1.2,MacIntel,60,
,,,,,,,,,,,,,,,,,,,,,,,,,,,,,,,,,,,,,,,,u,7.487795,CHAQU,TRUE,1,0,5,3,1,4,70,ola,Spanish,Sounds/spa_ola.mp3,2020-05-26_21h20.12.971,TranslationElicitation_eng,2020.1.2,MacIntel,60,
,,,,,,,,,,,,,,,,,,,,,,,,,,,,,,,,,,,,,,,,e,7.56963,CHAQUE,TRUE,1,0,5,3,1,4,70,ola,Spanish,Sounds/spa_ola.mp3,2020-05-26_21h20.12.971,TranslationElicitation_eng,2020.1.2,MacIntel,60,
,,,,,,,,,,,,,,,,,,,,,,,,,,,,,,,,,,,,,,,,t,7.737575,CHAQUET,TRUE,1,0,5,3,1,4,70,ola,Spanish,Sounds/spa_ola.mp3,2020-05-26_21h20.12.971,TranslationElicitation_eng,2020.1.2,MacIntel,60,
,,,,,,,,,,,,,,,,,,,,,,,,,,,,,,,,,,,,,,,,a,7.93834,CHAQUETA,TRUE,1,0,5,3,1,4,70,ola,Spanish,Sounds/spa_ola.mp3,2020-05-26_21h20.12.971,TranslationElicitation_eng,2020.1.2,MacIntel,60,
,,,,,,,,,,,,,,,,,,,,,,,,,,,,,,,,,,,,,,,,return,8.137905,CHAQUETA,TRUE,1,0,5,3,1,4,70,ola,Spanish,Sounds/spa_ola.mp3,2020-05-26_21h20.12.971,TranslationElicitation_eng,2020.1.2,MacIntel,60,8.137905
,,,,,,,,,,,,,,,,,,,,,,,,,,,,,,,,,,,,,,,,,,,,0,0,0,2,1,,26,chaqueta,Spanish,Sounds/spa_chaqueta.mp3,2020-05-26_21h20.12.971,TranslationElicitation_eng,2020.1.2,MacIntel,60,
