consentKey.keys,consentKey.rt,languageL1Key.keys,languageL1Key.rt,languageL2,languageL2OralKey.keys,languageL2WrittenKey.keys,languageL3OralKey.keys,languageL3WrittenKey.keys,languageCatalanOralKey.keys,languageCatalanOralKey.rt,languageCatalanWrittenKey.keys,languageCatalanWrittenKey.rt,languageCatalanTimeKey.keys,languageCatalanTimeKey.rt,languageSpanishOralKey.keys,languageSpanishOralKey.rt,languageSpanishWrittenKey.keys,languageSpanishWrittenKey.rt,languageSpanishTimeKey.keys,languageSpanishTimeKey.rt,age,demoSexKey.keys,demoSexKey.rt,demoEducationKey.keys,demoEducationKey.rt,city,demoVisionKey.keys,demoVisionKey.rt,demoLanguageKey.keys,demoLanguageKey.rt,setupLocationKey.keys,setupLocationKey.rt,setupNoiseKey.keys,setupNoiseKey.rt,instructionsKeys.keys,instructionsKeys.rt,keyPressed,keyPressTime,inputText,error,trialsPracticeSpanish.thisRepN,trialsPracticeSpanish.thisTrialN,trialsPracticeSpanish.thisN,trialsPracticeSpanish.thisIndex,trialsPracticeSpanish.ran,trialsPracticeSpanish.order,trial_id,word,test_language,soundfile,date,expName,psychopyVersion,OS,frameRate,trialOffset,trialsSpanish.thisRepN,trialsSpanish.thisTrialN,trialsSpanish.thisN,trialsSpanish.thisIndex,trialsSpanish.ran,trialsSpanish.order
space,0.146865,e,1.48704,,,,,,3,0.96072,2,0.374585,3,0.965225,4,0.447975,3,0.454295,3,0.452295,6,f,0.998605,3,0.88063,O,y,1.243065,y,0.76143,4,0.95081,4,0.56438,space,1.33305,t,2.322275,T,FALSE,1,0,5,2,1,4,26,chaqueta,Spanish,Sounds/spa_chaqueta.mp3,2020-06-03_22h39.11.252,TranslationElicitation_eng,2020.1.2,MacIntel,60,,,,,,,
,,,,,,,,,,,,,,,,,,,,,,,,,,,,,,,,,,,,,r,2.404935,TR,FALSE,1,0,5,2,1,4,26,chaqueta,Spanish,Sounds/spa_chaqueta.mp3,2020-06-03_22h39.11.252,TranslationElicitation_eng,2020.1.2,MacIntel,60,,,,,,,
,,,,,,,,,,,,,,,,,,,,,,,,,,,,,,,,,,,,,e,2.43909,TRE,FALSE,1,0,5,2,1,4,26,chaqueta,Spanish,Sounds/spa_chaqueta.mp3,2020-06-03_22h39.11.252,TranslationElicitation_eng,2020.1.2,MacIntel,60,,,,,,,
,,,,,,,,,,,,,,,,,,,,,,,,,,,,,,,,,,,,,e,2.654485,TREE,FALSE,1,0,5,2,1,4,26,chaqueta,Spanish,Sounds/spa_chaqueta.mp3,2020-06-03_22h39.11.252,TranslationElicitation_eng,2020.1.2,MacIntel,60,,,,,,,
,,,,,,,,,,,,,,,,,,,,,,,,,,,,,,,,,,,,,return,3.023915,TREE,FALSE,1,0,5,2,1,4,26,chaqueta,Spanish,Sounds/spa_chaqueta.mp3,2020-06-03_22h39.11.252,TranslationElicitation_eng,2020.1.2,MacIntel,60,3.023915,,,,,,
,,,,,,,,,,,,,,,,,,,,,,,,,,,,,,,,,,,,,,,,,0,0,0,0,1,,1,arbol,Spanish,Sounds/spa_arbol.mp3,2020-06-03_22h39.11.252,TranslationElicitation_eng,2020.1.2,MacIntel,60,,,,,,,
,,,,,,,,,,,,,,,,,,,,,,,,,,,,,,,,,,,,,t,1.68593,T,FALSE,1,0,5,2,1,4,26,chaqueta,Spanish,Sounds/spa_chaqueta.mp3,2020-06-03_22h39.11.252,TranslationElicitation_eng,2020.1.2,MacIntel,60,,,,,,,
,,,,,,,,,,,,,,,,,,,,,,,,,,,,,,,,,,,,,i,1.78704,TI,FALSE,1,0,5,2,1,4,26,chaqueta,Spanish,Sounds/spa_chaqueta.mp3,2020-06-03_22h39.11.252,TranslationElicitation_eng,2020.1.2,MacIntel,60,,,,,,,
,,,,,,,,,,,,,,,,,,,,,,,,,,,,,,,,,,,,,g,1.868115,TIG,FALSE,1,0,5,2,1,4,26,chaqueta,Spanish,Sounds/spa_chaqueta.mp3,2020-06-03_22h39.11.252,TranslationElicitation_eng,2020.1.2,MacIntel,60,,,,,,,
,,,,,,,,,,,,,,,,,,,,,,,,,,,,,,,,,,,,,e,2.019085,TIGE,FALSE,1,0,5,2,1,4,26,chaqueta,Spanish,Sounds/spa_chaqueta.mp3,2020-06-03_22h39.11.252,TranslationElicitation_eng,2020.1.2,MacIntel,60,,,,,,,
,,,,,,,,,,,,,,,,,,,,,,,,,,,,,,,,,,,,,r,2.08688,TIGER,FALSE,1,0,5,2,1,4,26,chaqueta,Spanish,Sounds/spa_chaqueta.mp3,2020-06-03_22h39.11.252,TranslationElicitation_eng,2020.1.2,MacIntel,60,,,,,,,
,,,,,,,,,,,,,,,,,,,,,,,,,,,,,,,,,,,,,return,2.238285,TIGER,FALSE,1,0,5,2,1,4,26,chaqueta,Spanish,Sounds/spa_chaqueta.mp3,2020-06-03_22h39.11.252,TranslationElicitation_eng,2020.1.2,MacIntel,60,2.238285,,,,,,
,,,,,,,,,,,,,,,,,,,,,,,,,,,,,,,,,,,,,,,,,0,1,1,4,1,,96,tigre,Spanish,Sounds/spa_tigre.mp3,2020-06-03_22h39.11.252,TranslationElicitation_eng,2020.1.2,MacIntel,60,,,,,,,
,,,,,,,,,,,,,,,,,,,,,,,,,,,,,,,,,,,,,w,1.636585,W,FALSE,1,0,5,2,1,4,26,chaqueta,Spanish,Sounds/spa_chaqueta.mp3,2020-06-03_22h39.11.252,TranslationElicitation_eng,2020.1.2,MacIntel,60,,,,,,,
,,,,,,,,,,,,,,,,,,,,,,,,,,,,,,,,,,,,,a,1.805975,WA,FALSE,1,0,5,2,1,4,26,chaqueta,Spanish,Sounds/spa_chaqueta.mp3,2020-06-03_22h39.11.252,TranslationElicitation_eng,2020.1.2,MacIntel,60,,,,,,,
,,,,,,,,,,,,,,,,,,,,,,,,,,,,,,,,,,,,,v,1.952665,WAV,FALSE,1,0,5,2,1,4,26,chaqueta,Spanish,Sounds/spa_chaqueta.mp3,2020-06-03_22h39.11.252,TranslationElicitation_eng,2020.1.2,MacIntel,60,,,,,,,
,,,,,,,,,,,,,,,,,,,,,,,,,,,,,,,,,,,,,e,2.03898,WAVE,FALSE,1,0,5,2,1,4,26,chaqueta,Spanish,Sounds/spa_chaqueta.mp3,2020-06-03_22h39.11.252,TranslationElicitation_eng,2020.1.2,MacIntel,60,,,,,,,
,,,,,,,,,,,,,,,,,,,,,,,,,,,,,,,,,,,,,return,2.18339,WAVE,FALSE,1,0,5,2,1,4,26,chaqueta,Spanish,Sounds/spa_chaqueta.mp3,2020-06-03_22h39.11.252,TranslationElicitation_eng,2020.1.2,MacIntel,60,2.18339,,,,,,
,,,,,,,,,,,,,,,,,,,,,,,,,,,,,,,,,,,,,,,,,0,2,2,3,1,,70,ola,Spanish,Sounds/spa_ola.mp3,2020-06-03_22h39.11.252,TranslationElicitation_eng,2020.1.2,MacIntel,60,,,,,,,
,,,,,,,,,,,,,,,,,,,,,,,,,,,,,,,,,,,,,c,1.55408,C,FALSE,1,0,5,2,1,4,26,chaqueta,Spanish,Sounds/spa_chaqueta.mp3,2020-06-03_22h39.11.252,TranslationElicitation_eng,2020.1.2,MacIntel,60,,,,,,,
,,,,,,,,,,,,,,,,,,,,,,,,,,,,,,,,,,,,,r,1.75346,CR,FALSE,1,0,5,2,1,4,26,chaqueta,Spanish,Sounds/spa_chaqueta.mp3,2020-06-03_22h39.11.252,TranslationElicitation_eng,2020.1.2,MacIntel,60,,,,,,,
,,,,,,,,,,,,,,,,,,,,,,,,,,,,,,,,,,,,,o,1.872,CRO,FALSE,1,0,5,2,1,4,26,chaqueta,Spanish,Sounds/spa_chaqueta.mp3,2020-06-03_22h39.11.252,TranslationElicitation_eng,2020.1.2,MacIntel,60,,,,,,,
,,,,,,,,,,,,,,,,,,,,,,,,,,,,,,,,,,,,,w,1.973035,CROW,FALSE,1,0,5,2,1,4,26,chaqueta,Spanish,Sounds/spa_chaqueta.mp3,2020-06-03_22h39.11.252,TranslationElicitation_eng,2020.1.2,MacIntel,60,,,,,,,
,,,,,,,,,,,,,,,,,,,,,,,,,,,,,,,,,,,,,n,2.0396,CROWN,FALSE,1,0,5,2,1,4,26,chaqueta,Spanish,Sounds/spa_chaqueta.mp3,2020-06-03_22h39.11.252,TranslationElicitation_eng,2020.1.2,MacIntel,60,,,,,,,
,,,,,,,,,,,,,,,,,,,,,,,,,,,,,,,,,,,,,return,2.15467,CROWN,FALSE,1,0,5,2,1,4,26,chaqueta,Spanish,Sounds/spa_chaqueta.mp3,2020-06-03_22h39.11.252,TranslationElicitation_eng,2020.1.2,MacIntel,60,2.15467,,,,,,
,,,,,,,,,,,,,,,,,,,,,,,,,,,,,,,,,,,,,,,,,0,3,3,1,1,,30,corona,Spanish,Sounds/spa_corona.mp3,2020-06-03_22h39.11.252,TranslationElicitation_eng,2020.1.2,MacIntel,60,,,,,,,
,,,,,,,,,,,,,,,,,,,,,,,,,,,,,,,,,,,,,j,1.25499,J,FALSE,1,0,5,2,1,4,26,chaqueta,Spanish,Sounds/spa_chaqueta.mp3,2020-06-03_22h39.11.252,TranslationElicitation_eng,2020.1.2,MacIntel,60,,,,,,,
,,,,,,,,,,,,,,,,,,,,,,,,,,,,,,,,,,,,,a,1.353005,JA,FALSE,1,0,5,2,1,4,26,chaqueta,Spanish,Sounds/spa_chaqueta.mp3,2020-06-03_22h39.11.252,TranslationElicitation_eng,2020.1.2,MacIntel,60,,,,,,,
,,,,,,,,,,,,,,,,,,,,,,,,,,,,,,,,,,,,,k,1.63837,JAK,FALSE,1,0,5,2,1,4,26,chaqueta,Spanish,Sounds/spa_chaqueta.mp3,2020-06-03_22h39.11.252,TranslationElicitation_eng,2020.1.2,MacIntel,60,,,,,,,
,,,,,,,,,,,,,,,,,,,,,,,,,,,,,,,,,,,,,backspace,1.9565,J,TRUE,1,0,5,2,1,4,26,chaqueta,Spanish,Sounds/spa_chaqueta.mp3,2020-06-03_22h39.11.252,TranslationElicitation_eng,2020.1.2,MacIntel,60,,,,,,,
,,,,,,,,,,,,,,,,,,,,,,,,,,,,,,,,,,,,,c,2.50604,JC,TRUE,1,0,5,2,1,4,26,chaqueta,Spanish,Sounds/spa_chaqueta.mp3,2020-06-03_22h39.11.252,TranslationElicitation_eng,2020.1.2,MacIntel,60,,,,,,,
,,,,,,,,,,,,,,,,,,,,,,,,,,,,,,,,,,,,,backspace,2.80817,,TRUE,1,0,5,2,1,4,26,chaqueta,Spanish,Sounds/spa_chaqueta.mp3,2020-06-03_22h39.11.252,TranslationElicitation_eng,2020.1.2,MacIntel,60,,,,,,,
,,,,,,,,,,,,,,,,,,,,,,,,,,,,,,,,,,,,,a,3.260395,A,TRUE,1,0,5,2,1,4,26,chaqueta,Spanish,Sounds/spa_chaqueta.mp3,2020-06-03_22h39.11.252,TranslationElicitation_eng,2020.1.2,MacIntel,60,,,,,,,
,,,,,,,,,,,,,,,,,,,,,,,,,,,,,,,,,,,,,backspace,3.744065,,TRUE,1,0,5,2,1,4,26,chaqueta,Spanish,Sounds/spa_chaqueta.mp3,2020-06-03_22h39.11.252,TranslationElicitation_eng,2020.1.2,MacIntel,60,,,,,,,
,,,,,,,,,,,,,,,,,,,,,,,,,,,,,,,,,,,,,j,4.33865,J,TRUE,1,0,5,2,1,4,26,chaqueta,Spanish,Sounds/spa_chaqueta.mp3,2020-06-03_22h39.11.252,TranslationElicitation_eng,2020.1.2,MacIntel,60,,,,,,,
,,,,,,,,,,,,,,,,,,,,,,,,,,,,,,,,,,,,,a,4.444985,JA,TRUE,1,0,5,2,1,4,26,chaqueta,Spanish,Sounds/spa_chaqueta.mp3,2020-06-03_22h39.11.252,TranslationElicitation_eng,2020.1.2,MacIntel,60,,,,,,,
,,,,,,,,,,,,,,,,,,,,,,,,,,,,,,,,,,,,,c,4.967385,JAC,TRUE,1,0,5,2,1,4,26,chaqueta,Spanish,Sounds/spa_chaqueta.mp3,2020-06-03_22h39.11.252,TranslationElicitation_eng,2020.1.2,MacIntel,60,,,,,,,
,,,,,,,,,,,,,,,,,,,,,,,,,,,,,,,,,,,,,k,5.04735,JACK,TRUE,1,0,5,2,1,4,26,chaqueta,Spanish,Sounds/spa_chaqueta.mp3,2020-06-03_22h39.11.252,TranslationElicitation_eng,2020.1.2,MacIntel,60,,,,,,,
,,,,,,,,,,,,,,,,,,,,,,,,,,,,,,,,,,,,,e,5.114995,JACKE,TRUE,1,0,5,2,1,4,26,chaqueta,Spanish,Sounds/spa_chaqueta.mp3,2020-06-03_22h39.11.252,TranslationElicitation_eng,2020.1.2,MacIntel,60,,,,,,,
,,,,,,,,,,,,,,,,,,,,,,,,,,,,,,,,,,,,,t,5.269885,JACKET,TRUE,1,0,5,2,1,4,26,chaqueta,Spanish,Sounds/spa_chaqueta.mp3,2020-06-03_22h39.11.252,TranslationElicitation_eng,2020.1.2,MacIntel,60,,,,,,,
,,,,,,,,,,,,,,,,,,,,,,,,,,,,,,,,,,,,,return,5.4468,JACKET,TRUE,1,0,5,2,1,4,26,chaqueta,Spanish,Sounds/spa_chaqueta.mp3,2020-06-03_22h39.11.252,TranslationElicitation_eng,2020.1.2,MacIntel,60,5.4468,,,,,,
,,,,,,,,,,,,,,,,,,,,,,,,,,,,,,,,,,,,,c,1.65434,C,FALSE,,,,,,,39,gafas,Spanish,Sounds/spa_gafas.mp3,2020-06-03_22h39.11.252,TranslationElicitation_eng,2020.1.2,MacIntel,60,,1,0,98,35,1,97
,,,,,,,,,,,,,,,,,,,,,,,,,,,,,,,,,,,,,a,1.77148,CA,FALSE,,,,,,,39,gafas,Spanish,Sounds/spa_gafas.mp3,2020-06-03_22h39.11.252,TranslationElicitation_eng,2020.1.2,MacIntel,60,,1,0,98,35,1,97
,,,,,,,,,,,,,,,,,,,,,,,,,,,,,,,,,,,,,r,1.955755,CAR,FALSE,,,,,,,39,gafas,Spanish,Sounds/spa_gafas.mp3,2020-06-03_22h39.11.252,TranslationElicitation_eng,2020.1.2,MacIntel,60,,1,0,98,35,1,97
,,,,,,,,,,,,,,,,,,,,,,,,,,,,,,,,,,,,,return,2.07922,CAR,FALSE,,,,,,,39,gafas,Spanish,Sounds/spa_gafas.mp3,2020-06-03_22h39.11.252,TranslationElicitation_eng,2020.1.2,MacIntel,60,2.07922,1,0,98,35,1,97
,,,,,,,,,,,,,,,,,,,,,,,,,,,,,,,,,,,,,,,,,,,,,,,29,coche,Spanish,Sounds/spa_coche.mp3,2020-06-03_22h39.11.252,TranslationElicitation_eng,2020.1.2,MacIntel,60,,0,0,0,26,1,
,,,,,,,,,,,,,,,,,,,,,,,,,,,,,,,,,,,,,b,1.56883,B,FALSE,,,,,,,39,gafas,Spanish,Sounds/spa_gafas.mp3,2020-06-03_22h39.11.252,TranslationElicitation_eng,2020.1.2,MacIntel,60,,1,0,98,35,1,97
,,,,,,,,,,,,,,,,,,,,,,,,,,,,,,,,,,,,,u,1.686545,BU,FALSE,,,,,,,39,gafas,Spanish,Sounds/spa_gafas.mp3,2020-06-03_22h39.11.252,TranslationElicitation_eng,2020.1.2,MacIntel,60,,1,0,98,35,1,97
,,,,,,,,,,,,,,,,,,,,,,,,,,,,,,,,,,,,,t,1.86904,BUT,FALSE,,,,,,,39,gafas,Spanish,Sounds/spa_gafas.mp3,2020-06-03_22h39.11.252,TranslationElicitation_eng,2020.1.2,MacIntel,60,,1,0,98,35,1,97
,,,,,,,,,,,,,,,,,,,,,,,,,,,,,,,,,,,,,t,2.005555,BUTT,FALSE,,,,,,,39,gafas,Spanish,Sounds/spa_gafas.mp3,2020-06-03_22h39.11.252,TranslationElicitation_eng,2020.1.2,MacIntel,60,,1,0,98,35,1,97
,,,,,,,,,,,,,,,,,,,,,,,,,,,,,,,,,,,,,e,2.08779,BUTTE,FALSE,,,,,,,39,gafas,Spanish,Sounds/spa_gafas.mp3,2020-06-03_22h39.11.252,TranslationElicitation_eng,2020.1.2,MacIntel,60,,1,0,98,35,1,97
,,,,,,,,,,,,,,,,,,,,,,,,,,,,,,,,,,,,,r,2.169695,BUTTER,FALSE,,,,,,,39,gafas,Spanish,Sounds/spa_gafas.mp3,2020-06-03_22h39.11.252,TranslationElicitation_eng,2020.1.2,MacIntel,60,,1,0,98,35,1,97
,,,,,,,,,,,,,,,,,,,,,,,,,,,,,,,,,,,,,f,2.540555,BUTTERF,FALSE,,,,,,,39,gafas,Spanish,Sounds/spa_gafas.mp3,2020-06-03_22h39.11.252,TranslationElicitation_eng,2020.1.2,MacIntel,60,,1,0,98,35,1,97
,,,,,,,,,,,,,,,,,,,,,,,,,,,,,,,,,,,,,l,2.673745,BUTTERFL,FALSE,,,,,,,39,gafas,Spanish,Sounds/spa_gafas.mp3,2020-06-03_22h39.11.252,TranslationElicitation_eng,2020.1.2,MacIntel,60,,1,0,98,35,1,97
,,,,,,,,,,,,,,,,,,,,,,,,,,,,,,,,,,,,,y,2.80765,BUTTERFLY,FALSE,,,,,,,39,gafas,Spanish,Sounds/spa_gafas.mp3,2020-06-03_22h39.11.252,TranslationElicitation_eng,2020.1.2,MacIntel,60,,1,0,98,35,1,97
,,,,,,,,,,,,,,,,,,,,,,,,,,,,,,,,,,,,,return,2.95735,BUTTERFLY,FALSE,,,,,,,39,gafas,Spanish,Sounds/spa_gafas.mp3,2020-06-03_22h39.11.252,TranslationElicitation_eng,2020.1.2,MacIntel,60,2.95735,1,0,98,35,1,97
,,,,,,,,,,,,,,,,,,,,,,,,,,,,,,,,,,,,,,,,,,,,,,,61,mariposa,Spanish,Sounds/spa_mariposa.mp3,2020-06-03_22h39.11.252,TranslationElicitation_eng,2020.1.2,MacIntel,60,,0,1,1,57,1,
,,,,,,,,,,,,,,,,,,,,,,,,,,,,,,,,,,,,,s,1.73993,S,FALSE,,,,,,,39,gafas,Spanish,Sounds/spa_gafas.mp3,2020-06-03_22h39.11.252,TranslationElicitation_eng,2020.1.2,MacIntel,60,,1,0,98,35,1,97
,,,,,,,,,,,,,,,,,,,,,,,,,,,,,,,,,,,,,l,1.79174,SL,FALSE,,,,,,,39,gafas,Spanish,Sounds/spa_gafas.mp3,2020-06-03_22h39.11.252,TranslationElicitation_eng,2020.1.2,MacIntel,60,,1,0,98,35,1,97
,,,,,,,,,,,,,,,,,,,,,,,,,,,,,,,,,,,,,i,1.949255,SLI,FALSE,,,,,,,39,gafas,Spanish,Sounds/spa_gafas.mp3,2020-06-03_22h39.11.252,TranslationElicitation_eng,2020.1.2,MacIntel,60,,1,0,98,35,1,97
,,,,,,,,,,,,,,,,,,,,,,,,,,,,,,,,,,,,,d,2.073265,SLID,FALSE,,,,,,,39,gafas,Spanish,Sounds/spa_gafas.mp3,2020-06-03_22h39.11.252,TranslationElicitation_eng,2020.1.2,MacIntel,60,,1,0,98,35,1,97
,,,,,,,,,,,,,,,,,,,,,,,,,,,,,,,,,,,,,e,2.1232,SLIDE,FALSE,,,,,,,39,gafas,Spanish,Sounds/spa_gafas.mp3,2020-06-03_22h39.11.252,TranslationElicitation_eng,2020.1.2,MacIntel,60,,1,0,98,35,1,97
,,,,,,,,,,,,,,,,,,,,,,,,,,,,,,,,,,,,,return,2.256825,SLIDE,FALSE,,,,,,,39,gafas,Spanish,Sounds/spa_gafas.mp3,2020-06-03_22h39.11.252,TranslationElicitation_eng,2020.1.2,MacIntel,60,2.256825,1,0,98,35,1,97
,,,,,,,,,,,,,,,,,,,,,,,,,,,,,,,,,,,,,,,,,,,,,,,98,tobogan,Spanish,Sounds/spa_tobogan.mp3,2020-06-03_22h39.11.252,TranslationElicitation_eng,2020.1.2,MacIntel,60,,0,2,2,92,1,
,,,,,,,,,,,,,,,,,,,,,,,,,,,,,,,,,,,,,b,1.80666,B,FALSE,,,,,,,39,gafas,Spanish,Sounds/spa_gafas.mp3,2020-06-03_22h39.11.252,TranslationElicitation_eng,2020.1.2,MacIntel,60,,1,0,98,35,1,97
,,,,,,,,,,,,,,,,,,,,,,,,,,,,,,,,,,,,,o,1.92369,BO,FALSE,,,,,,,39,gafas,Spanish,Sounds/spa_gafas.mp3,2020-06-03_22h39.11.252,TranslationElicitation_eng,2020.1.2,MacIntel,60,,1,0,98,35,1,97
,,,,,,,,,,,,,,,,,,,,,,,,,,,,,,,,,,,,,o,2.02311,BOO,FALSE,,,,,,,39,gafas,Spanish,Sounds/spa_gafas.mp3,2020-06-03_22h39.11.252,TranslationElicitation_eng,2020.1.2,MacIntel,60,,1,0,98,35,1,97
,,,,,,,,,,,,,,,,,,,,,,,,,,,,,,,,,,,,,k,2.123315,BOOK,FALSE,,,,,,,39,gafas,Spanish,Sounds/spa_gafas.mp3,2020-06-03_22h39.11.252,TranslationElicitation_eng,2020.1.2,MacIntel,60,,1,0,98,35,1,97
,,,,,,,,,,,,,,,,,,,,,,,,,,,,,,,,,,,,,return,2.439565,BOOK,FALSE,,,,,,,39,gafas,Spanish,Sounds/spa_gafas.mp3,2020-06-03_22h39.11.252,TranslationElicitation_eng,2020.1.2,MacIntel,60,2.439565,1,0,98,35,1,97
,,,,,,,,,,,,,,,,,,,,,,,,,,,,,,,,,,,,,,,,,,,,,,,56,libro,Spanish,Sounds/spa_libro.mp3,2020-06-03_22h39.11.252,TranslationElicitation_eng,2020.1.2,MacIntel,60,,0,3,3,52,1,
,,,,,,,,,,,,,,,,,,,,,,,,,,,,,,,,,,,,,d,1.452115,D,FALSE,,,,,,,39,gafas,Spanish,Sounds/spa_gafas.mp3,2020-06-03_22h39.11.252,TranslationElicitation_eng,2020.1.2,MacIntel,60,,1,0,98,35,1,97
,,,,,,,,,,,,,,,,,,,,,,,,,,,,,,,,,,,,,u,1.542895,DU,FALSE,,,,,,,39,gafas,Spanish,Sounds/spa_gafas.mp3,2020-06-03_22h39.11.252,TranslationElicitation_eng,2020.1.2,MacIntel,60,,1,0,98,35,1,97
,,,,,,,,,,,,,,,,,,,,,,,,,,,,,,,,,,,,,c,1.65332,DUC,FALSE,,,,,,,39,gafas,Spanish,Sounds/spa_gafas.mp3,2020-06-03_22h39.11.252,TranslationElicitation_eng,2020.1.2,MacIntel,60,,1,0,98,35,1,97
,,,,,,,,,,,,,,,,,,,,,,,,,,,,,,,,,,,,,k,1.771315,DUCK,FALSE,,,,,,,39,gafas,Spanish,Sounds/spa_gafas.mp3,2020-06-03_22h39.11.252,TranslationElicitation_eng,2020.1.2,MacIntel,60,,1,0,98,35,1,97
,,,,,,,,,,,,,,,,,,,,,,,,,,,,,,,,,,,,,return,1.83938,DUCK,FALSE,,,,,,,39,gafas,Spanish,Sounds/spa_gafas.mp3,2020-06-03_22h39.11.252,TranslationElicitation_eng,2020.1.2,MacIntel,60,1.83938,1,0,98,35,1,97
,,,,,,,,,,,,,,,,,,,,,,,,,,,,,,,,,,,,,,,,,,,,,,,80,pato,Spanish,Sounds/spa_pato.mp3,2020-06-03_22h39.11.252,TranslationElicitation_eng,2020.1.2,MacIntel,60,,0,4,4,75,1,
,,,,,,,,,,,,,,,,,,,,,,,,,,,,,,,,,,,,,w,1.56824,W,FALSE,,,,,,,39,gafas,Spanish,Sounds/spa_gafas.mp3,2020-06-03_22h39.11.252,TranslationElicitation_eng,2020.1.2,MacIntel,60,,1,0,98,35,1,97
,,,,,,,,,,,,,,,,,,,,,,,,,,,,,,,,,,,,,i,1.6695,WI,FALSE,,,,,,,39,gafas,Spanish,Sounds/spa_gafas.mp3,2020-06-03_22h39.11.252,TranslationElicitation_eng,2020.1.2,MacIntel,60,,1,0,98,35,1,97
,,,,,,,,,,,,,,,,,,,,,,,,,,,,,,,,,,,,,n,1.71878,WIN,FALSE,,,,,,,39,gafas,Spanish,Sounds/spa_gafas.mp3,2020-06-03_22h39.11.252,TranslationElicitation_eng,2020.1.2,MacIntel,60,,1,0,98,35,1,97
,,,,,,,,,,,,,,,,,,,,,,,,,,,,,,,,,,,,,d,1.818775,WIND,FALSE,,,,,,,39,gafas,Spanish,Sounds/spa_gafas.mp3,2020-06-03_22h39.11.252,TranslationElicitation_eng,2020.1.2,MacIntel,60,,1,0,98,35,1,97
,,,,,,,,,,,,,,,,,,,,,,,,,,,,,,,,,,,,,o,1.921685,WINDO,FALSE,,,,,,,39,gafas,Spanish,Sounds/spa_gafas.mp3,2020-06-03_22h39.11.252,TranslationElicitation_eng,2020.1.2,MacIntel,60,,1,0,98,35,1,97
,,,,,,,,,,,,,,,,,,,,,,,,,,,,,,,,,,,,,w,2.00394,WINDOW,FALSE,,,,,,,39,gafas,Spanish,Sounds/spa_gafas.mp3,2020-06-03_22h39.11.252,TranslationElicitation_eng,2020.1.2,MacIntel,60,,1,0,98,35,1,97
,,,,,,,,,,,,,,,,,,,,,,,,,,,,,,,,,,,,,return,2.103675,WINDOW,FALSE,,,,,,,39,gafas,Spanish,Sounds/spa_gafas.mp3,2020-06-03_22h39.11.252,TranslationElicitation_eng,2020.1.2,MacIntel,60,2.103675,1,0,98,35,1,97
,,,,,,,,,,,,,,,,,,,,,,,,,,,,,,,,,,,,,,,,,,,,,,,102,ventana,Spanish,Sounds/spa_ventana.mp3,2020-06-03_22h39.11.252,TranslationElicitation_eng,2020.1.2,MacIntel,60,,0,5,5,96,1,
