consentKey.keys,consentKey.rt,languageL1Key.keys,languageL1Key.rt,languageL2,languageL2OralKey.keys,languageL2WrittenKey.keys,languageL3OralKey.keys,languageL3WrittenKey.keys,languageCatalanOralKey.keys,languageCatalanOralKey.rt,languageCatalanWrittenKey.keys,languageCatalanWrittenKey.rt,languageCatalanTimeKey.keys,languageCatalanTimeKey.rt,languageSpanishOralKey.keys,languageSpanishOralKey.rt,languageSpanishWrittenKey.keys,languageSpanishWrittenKey.rt,languageSpanishTimeKey.keys,languageSpanishTimeKey.rt,age,demoSexKey.keys,demoSexKey.rt,demoEducationKey.keys,demoEducationKey.rt,city,demoVisionKey.keys,demoVisionKey.rt,demoLanguageKey.keys,demoLanguageKey.rt,setupLocationKey.keys,setupLocationKey.rt,setupNoiseKey.keys,setupNoiseKey.rt,instructionsKeys.keys,instructionsKeys.rt,keyPressed,keyPressTime,inputText,error,trialsPracticeSpanish.thisRepN,trialsPracticeSpanish.thisTrialN,trialsPracticeSpanish.thisN,trialsPracticeSpanish.thisIndex,trialsPracticeSpanish.ran,trialsPracticeSpanish.order,trial_id,word,test_language,soundfile,date,expName,psychopyVersion,OS,frameRate,trialOffset,trialsSpanish.thisRepN,trialsSpanish.thisTrialN,trialsSpanish.thisN,trialsSpanish.thisIndex,trialsSpanish.ran,trialsSpanish.order
space,0.16954,e,2.898285,,,,,,2,0.838915,3,0.18585,3,0.14757,3,0.0997,3,0.122875,3,0.13037,3,f,0.9709,2,0.75294,O,y,1.01811,y,0.540265,2,0.83813,2,0.579615,space,1.05647,t,2.591595,T,FALSE,1,0,5,1,1,4,30,corona,Spanish,Sounds/spa_corona.mp3,2020-06-03_23h47.47.864,TranslationElicitation_eng,2020.1.2,MacIntel,60,,,,,,,
,,,,,,,,,,,,,,,,,,,,,,,,,,,,,,,,,,,,,r,2.635375,TR,FALSE,1,0,5,1,1,4,30,corona,Spanish,Sounds/spa_corona.mp3,2020-06-03_23h47.47.864,TranslationElicitation_eng,2020.1.2,MacIntel,60,,,,,,,
,,,,,,,,,,,,,,,,,,,,,,,,,,,,,,,,,,,,,e,2.713375,TRE,FALSE,1,0,5,1,1,4,30,corona,Spanish,Sounds/spa_corona.mp3,2020-06-03_23h47.47.864,TranslationElicitation_eng,2020.1.2,MacIntel,60,,,,,,,
,,,,,,,,,,,,,,,,,,,,,,,,,,,,,,,,,,,,,e,2.89158,TREE,FALSE,1,0,5,1,1,4,30,corona,Spanish,Sounds/spa_corona.mp3,2020-06-03_23h47.47.864,TranslationElicitation_eng,2020.1.2,MacIntel,60,,,,,,,
,,,,,,,,,,,,,,,,,,,,,,,,,,,,,,,,,,,,,return,3.223395,TREE,FALSE,1,0,5,1,1,4,30,corona,Spanish,Sounds/spa_corona.mp3,2020-06-03_23h47.47.864,TranslationElicitation_eng,2020.1.2,MacIntel,60,3.223395,,,,,,
,,,,,,,,,,,,,,,,,,,,,,,,,,,,,,,,,,,,,,,,,0,0,0,0,1,,1,arbol,Spanish,Sounds/spa_arbol.mp3,2020-06-03_23h47.47.864,TranslationElicitation_eng,2020.1.2,MacIntel,60,,,,,,,
,,,,,,,,,,,,,,,,,,,,,,,,,,,,,,,,,,,,,w,1.57512,W,FALSE,1,0,5,1,1,4,30,corona,Spanish,Sounds/spa_corona.mp3,2020-06-03_23h47.47.864,TranslationElicitation_eng,2020.1.2,MacIntel,60,,,,,,,
,,,,,,,,,,,,,,,,,,,,,,,,,,,,,,,,,,,,,a,1.731825,WA,FALSE,1,0,5,1,1,4,30,corona,Spanish,Sounds/spa_corona.mp3,2020-06-03_23h47.47.864,TranslationElicitation_eng,2020.1.2,MacIntel,60,,,,,,,
,,,,,,,,,,,,,,,,,,,,,,,,,,,,,,,,,,,,,v,2.046735,WAV,FALSE,1,0,5,1,1,4,30,corona,Spanish,Sounds/spa_corona.mp3,2020-06-03_23h47.47.864,TranslationElicitation_eng,2020.1.2,MacIntel,60,,,,,,,
,,,,,,,,,,,,,,,,,,,,,,,,,,,,,,,,,,,,,e,2.080135,WAVE,FALSE,1,0,5,1,1,4,30,corona,Spanish,Sounds/spa_corona.mp3,2020-06-03_23h47.47.864,TranslationElicitation_eng,2020.1.2,MacIntel,60,,,,,,,
,,,,,,,,,,,,,,,,,,,,,,,,,,,,,,,,,,,,,backspace,2.619705,WA,TRUE,1,0,5,1,1,4,30,corona,Spanish,Sounds/spa_corona.mp3,2020-06-03_23h47.47.864,TranslationElicitation_eng,2020.1.2,MacIntel,60,,,,,,,
,,,,,,,,,,,,,,,,,,,,,,,,,,,,,,,,,,,,,v,3.565715,WAV,TRUE,1,0,5,1,1,4,30,corona,Spanish,Sounds/spa_corona.mp3,2020-06-03_23h47.47.864,TranslationElicitation_eng,2020.1.2,MacIntel,60,,,,,,,
,,,,,,,,,,,,,,,,,,,,,,,,,,,,,,,,,,,,,e,3.630835,WAVE,TRUE,1,0,5,1,1,4,30,corona,Spanish,Sounds/spa_corona.mp3,2020-06-03_23h47.47.864,TranslationElicitation_eng,2020.1.2,MacIntel,60,,,,,,,
,,,,,,,,,,,,,,,,,,,,,,,,,,,,,,,,,,,,,backspace,4.124195,WA,TRUE,1,0,5,1,1,4,30,corona,Spanish,Sounds/spa_corona.mp3,2020-06-03_23h47.47.864,TranslationElicitation_eng,2020.1.2,MacIntel,60,,,,,,,
,,,,,,,,,,,,,,,,,,,,,,,,,,,,,,,,,,,,,v,5.16279,WAV,TRUE,1,0,5,1,1,4,30,corona,Spanish,Sounds/spa_corona.mp3,2020-06-03_23h47.47.864,TranslationElicitation_eng,2020.1.2,MacIntel,60,,,,,,,
,,,,,,,,,,,,,,,,,,,,,,,,,,,,,,,,,,,,,e,5.547955,WAVE,TRUE,1,0,5,1,1,4,30,corona,Spanish,Sounds/spa_corona.mp3,2020-06-03_23h47.47.864,TranslationElicitation_eng,2020.1.2,MacIntel,60,,,,,,,
,,,,,,,,,,,,,,,,,,,,,,,,,,,,,,,,,,,,,return,6.34007,WAVE,TRUE,1,0,5,1,1,4,30,corona,Spanish,Sounds/spa_corona.mp3,2020-06-03_23h47.47.864,TranslationElicitation_eng,2020.1.2,MacIntel,60,6.34007,,,,,,
,,,,,,,,,,,,,,,,,,,,,,,,,,,,,,,,,,,,,,,,,0,1,1,3,1,,70,ola,Spanish,Sounds/spa_ola.mp3,2020-06-03_23h47.47.864,TranslationElicitation_eng,2020.1.2,MacIntel,60,,,,,,,
,,,,,,,,,,,,,,,,,,,,,,,,,,,,,,,,,,,,,t,1.818365,T,FALSE,1,0,5,1,1,4,30,corona,Spanish,Sounds/spa_corona.mp3,2020-06-03_23h47.47.864,TranslationElicitation_eng,2020.1.2,MacIntel,60,,,,,,,
,,,,,,,,,,,,,,,,,,,,,,,,,,,,,,,,,,,,,i,1.920265,TI,FALSE,1,0,5,1,1,4,30,corona,Spanish,Sounds/spa_corona.mp3,2020-06-03_23h47.47.864,TranslationElicitation_eng,2020.1.2,MacIntel,60,,,,,,,
,,,,,,,,,,,,,,,,,,,,,,,,,,,,,,,,,,,,,g,2.00169,TIG,FALSE,1,0,5,1,1,4,30,corona,Spanish,Sounds/spa_corona.mp3,2020-06-03_23h47.47.864,TranslationElicitation_eng,2020.1.2,MacIntel,60,,,,,,,
,,,,,,,,,,,,,,,,,,,,,,,,,,,,,,,,,,,,,backspace,3.50417,T,TRUE,1,0,5,1,1,4,30,corona,Spanish,Sounds/spa_corona.mp3,2020-06-03_23h47.47.864,TranslationElicitation_eng,2020.1.2,MacIntel,60,,,,,,,
,,,,,,,,,,,,,,,,,,,,,,,,,,,,,,,,,,,,,i,5.234575,TI,TRUE,1,0,5,1,1,4,30,corona,Spanish,Sounds/spa_corona.mp3,2020-06-03_23h47.47.864,TranslationElicitation_eng,2020.1.2,MacIntel,60,,,,,,,
,,,,,,,,,,,,,,,,,,,,,,,,,,,,,,,,,,,,,g,5.37669,TIG,TRUE,1,0,5,1,1,4,30,corona,Spanish,Sounds/spa_corona.mp3,2020-06-03_23h47.47.864,TranslationElicitation_eng,2020.1.2,MacIntel,60,,,,,,,
,,,,,,,,,,,,,,,,,,,,,,,,,,,,,,,,,,,,,e,5.444015,TIGE,TRUE,1,0,5,1,1,4,30,corona,Spanish,Sounds/spa_corona.mp3,2020-06-03_23h47.47.864,TranslationElicitation_eng,2020.1.2,MacIntel,60,,,,,,,
,,,,,,,,,,,,,,,,,,,,,,,,,,,,,,,,,,,,,r,5.577205,TIGER,TRUE,1,0,5,1,1,4,30,corona,Spanish,Sounds/spa_corona.mp3,2020-06-03_23h47.47.864,TranslationElicitation_eng,2020.1.2,MacIntel,60,,,,,,,
,,,,,,,,,,,,,,,,,,,,,,,,,,,,,,,,,,,,,return,5.962135,TIGER,TRUE,1,0,5,1,1,4,30,corona,Spanish,Sounds/spa_corona.mp3,2020-06-03_23h47.47.864,TranslationElicitation_eng,2020.1.2,MacIntel,60,5.962135,,,,,,
,,,,,,,,,,,,,,,,,,,,,,,,,,,,,,,,,,,,,,,,,0,2,2,4,1,,96,tigre,Spanish,Sounds/spa_tigre.mp3,2020-06-03_23h47.47.864,TranslationElicitation_eng,2020.1.2,MacIntel,60,,,,,,,
,,,,,,,,,,,,,,,,,,,,,,,,,,,,,,,,,,,,,j,2.2048,J,FALSE,1,0,5,1,1,4,30,corona,Spanish,Sounds/spa_corona.mp3,2020-06-03_23h47.47.864,TranslationElicitation_eng,2020.1.2,MacIntel,60,,,,,,,
,,,,,,,,,,,,,,,,,,,,,,,,,,,,,,,,,,,,,a,2.30515,JA,FALSE,1,0,5,1,1,4,30,corona,Spanish,Sounds/spa_corona.mp3,2020-06-03_23h47.47.864,TranslationElicitation_eng,2020.1.2,MacIntel,60,,,,,,,
,,,,,,,,,,,,,,,,,,,,,,,,,,,,,,,,,,,,,k,2.622965,JAK,FALSE,1,0,5,1,1,4,30,corona,Spanish,Sounds/spa_corona.mp3,2020-06-03_23h47.47.864,TranslationElicitation_eng,2020.1.2,MacIntel,60,,,,,,,
,,,,,,,,,,,,,,,,,,,,,,,,,,,,,,,,,,,,,backspace,2.95735,J,TRUE,1,0,5,1,1,4,30,corona,Spanish,Sounds/spa_corona.mp3,2020-06-03_23h47.47.864,TranslationElicitation_eng,2020.1.2,MacIntel,60,,,,,,,
,,,,,,,,,,,,,,,,,,,,,,,,,,,,,,,,,,,,,c,3.207705,JC,TRUE,1,0,5,1,1,4,30,corona,Spanish,Sounds/spa_corona.mp3,2020-06-03_23h47.47.864,TranslationElicitation_eng,2020.1.2,MacIntel,60,,,,,,,
,,,,,,,,,,,,,,,,,,,,,,,,,,,,,,,,,,,,,k,3.309755,JCK,TRUE,1,0,5,1,1,4,30,corona,Spanish,Sounds/spa_corona.mp3,2020-06-03_23h47.47.864,TranslationElicitation_eng,2020.1.2,MacIntel,60,,,,,,,
,,,,,,,,,,,,,,,,,,,,,,,,,,,,,,,,,,,,,e,3.36299,JCKE,TRUE,1,0,5,1,1,4,30,corona,Spanish,Sounds/spa_corona.mp3,2020-06-03_23h47.47.864,TranslationElicitation_eng,2020.1.2,MacIntel,60,,,,,,,
,,,,,,,,,,,,,,,,,,,,,,,,,,,,,,,,,,,,,t,3.56325,JCKET,TRUE,1,0,5,1,1,4,30,corona,Spanish,Sounds/spa_corona.mp3,2020-06-03_23h47.47.864,TranslationElicitation_eng,2020.1.2,MacIntel,60,,,,,,,
,,,,,,,,,,,,,,,,,,,,,,,,,,,,,,,,,,,,,backspace,3.81702,JCK,TRUE,1,0,5,1,1,4,30,corona,Spanish,Sounds/spa_corona.mp3,2020-06-03_23h47.47.864,TranslationElicitation_eng,2020.1.2,MacIntel,60,,,,,,,
,,,,,,,,,,,,,,,,,,,,,,,,,,,,,,,,,,,,,backspace,3.96539,J,TRUE,1,0,5,1,1,4,30,corona,Spanish,Sounds/spa_corona.mp3,2020-06-03_23h47.47.864,TranslationElicitation_eng,2020.1.2,MacIntel,60,,,,,,,
,,,,,,,,,,,,,,,,,,,,,,,,,,,,,,,,,,,,,backspace,4.181225,,TRUE,1,0,5,1,1,4,30,corona,Spanish,Sounds/spa_corona.mp3,2020-06-03_23h47.47.864,TranslationElicitation_eng,2020.1.2,MacIntel,60,,,,,,,
,,,,,,,,,,,,,,,,,,,,,,,,,,,,,,,,,,,,,a,5.19329,A,TRUE,1,0,5,1,1,4,30,corona,Spanish,Sounds/spa_corona.mp3,2020-06-03_23h47.47.864,TranslationElicitation_eng,2020.1.2,MacIntel,60,,,,,,,
,,,,,,,,,,,,,,,,,,,,,,,,,,,,,,,,,,,,,backspace,6.1307,,TRUE,1,0,5,1,1,4,30,corona,Spanish,Sounds/spa_corona.mp3,2020-06-03_23h47.47.864,TranslationElicitation_eng,2020.1.2,MacIntel,60,,,,,,,
,,,,,,,,,,,,,,,,,,,,,,,,,,,,,,,,,,,,,j,6.663505,J,TRUE,1,0,5,1,1,4,30,corona,Spanish,Sounds/spa_corona.mp3,2020-06-03_23h47.47.864,TranslationElicitation_eng,2020.1.2,MacIntel,60,,,,,,,
,,,,,,,,,,,,,,,,,,,,,,,,,,,,,,,,,,,,,a,6.802195,JA,TRUE,1,0,5,1,1,4,30,corona,Spanish,Sounds/spa_corona.mp3,2020-06-03_23h47.47.864,TranslationElicitation_eng,2020.1.2,MacIntel,60,,,,,,,
,,,,,,,,,,,,,,,,,,,,,,,,,,,,,,,,,,,,,c,7.000245,JAC,TRUE,1,0,5,1,1,4,30,corona,Spanish,Sounds/spa_corona.mp3,2020-06-03_23h47.47.864,TranslationElicitation_eng,2020.1.2,MacIntel,60,,,,,,,
,,,,,,,,,,,,,,,,,,,,,,,,,,,,,,,,,,,,,k,7.099995,JACK,TRUE,1,0,5,1,1,4,30,corona,Spanish,Sounds/spa_corona.mp3,2020-06-03_23h47.47.864,TranslationElicitation_eng,2020.1.2,MacIntel,60,,,,,,,
,,,,,,,,,,,,,,,,,,,,,,,,,,,,,,,,,,,,,e,7.1513,JACKE,TRUE,1,0,5,1,1,4,30,corona,Spanish,Sounds/spa_corona.mp3,2020-06-03_23h47.47.864,TranslationElicitation_eng,2020.1.2,MacIntel,60,,,,,,,
,,,,,,,,,,,,,,,,,,,,,,,,,,,,,,,,,,,,,t,7.35108,JACKET,TRUE,1,0,5,1,1,4,30,corona,Spanish,Sounds/spa_corona.mp3,2020-06-03_23h47.47.864,TranslationElicitation_eng,2020.1.2,MacIntel,60,,,,,,,
,,,,,,,,,,,,,,,,,,,,,,,,,,,,,,,,,,,,,return,8.088215,JACKET,TRUE,1,0,5,1,1,4,30,corona,Spanish,Sounds/spa_corona.mp3,2020-06-03_23h47.47.864,TranslationElicitation_eng,2020.1.2,MacIntel,60,8.088215,,,,,,
,,,,,,,,,,,,,,,,,,,,,,,,,,,,,,,,,,,,,,,,,0,3,3,2,1,,26,chaqueta,Spanish,Sounds/spa_chaqueta.mp3,2020-06-03_23h47.47.864,TranslationElicitation_eng,2020.1.2,MacIntel,60,,,,,,,
,,,,,,,,,,,,,,,,,,,,,,,,,,,,,,,,,,,,,c,1.806725,C,FALSE,1,0,5,1,1,4,30,corona,Spanish,Sounds/spa_corona.mp3,2020-06-03_23h47.47.864,TranslationElicitation_eng,2020.1.2,MacIntel,60,,,,,,,
,,,,,,,,,,,,,,,,,,,,,,,,,,,,,,,,,,,,,r,2.00741,CR,FALSE,1,0,5,1,1,4,30,corona,Spanish,Sounds/spa_corona.mp3,2020-06-03_23h47.47.864,TranslationElicitation_eng,2020.1.2,MacIntel,60,,,,,,,
,,,,,,,,,,,,,,,,,,,,,,,,,,,,,,,,,,,,,o,2.0889,CRO,FALSE,1,0,5,1,1,4,30,corona,Spanish,Sounds/spa_corona.mp3,2020-06-03_23h47.47.864,TranslationElicitation_eng,2020.1.2,MacIntel,60,,,,,,,
,,,,,,,,,,,,,,,,,,,,,,,,,,,,,,,,,,,,,w,2.207305,CROW,FALSE,1,0,5,1,1,4,30,corona,Spanish,Sounds/spa_corona.mp3,2020-06-03_23h47.47.864,TranslationElicitation_eng,2020.1.2,MacIntel,60,,,,,,,
,,,,,,,,,,,,,,,,,,,,,,,,,,,,,,,,,,,,,n,2.275295,CROWN,FALSE,1,0,5,1,1,4,30,corona,Spanish,Sounds/spa_corona.mp3,2020-06-03_23h47.47.864,TranslationElicitation_eng,2020.1.2,MacIntel,60,,,,,,,
,,,,,,,,,,,,,,,,,,,,,,,,,,,,,,,,,,,,,return,2.69262,CROWN,FALSE,1,0,5,1,1,4,30,corona,Spanish,Sounds/spa_corona.mp3,2020-06-03_23h47.47.864,TranslationElicitation_eng,2020.1.2,MacIntel,60,2.69262,,,,,,
,,,,,,,,,,,,,,,,,,,,,,,,,,,,,,,,,,,,,p,1.98533,P,FALSE,,,,,,,102,ventana,Spanish,Sounds/spa_ventana.mp3,2020-06-03_23h47.47.864,TranslationElicitation_eng,2020.1.2,MacIntel,60,,1,0,98,96,1,97
,,,,,,,,,,,,,,,,,,,,,,,,,,,,,,,,,,,,,i,2.10222,PI,FALSE,,,,,,,102,ventana,Spanish,Sounds/spa_ventana.mp3,2020-06-03_23h47.47.864,TranslationElicitation_eng,2020.1.2,MacIntel,60,,1,0,98,96,1,97
,,,,,,,,,,,,,,,,,,,,,,,,,,,,,,,,,,,,,g,2.254575,PIG,FALSE,,,,,,,102,ventana,Spanish,Sounds/spa_ventana.mp3,2020-06-03_23h47.47.864,TranslationElicitation_eng,2020.1.2,MacIntel,60,,1,0,98,96,1,97
,,,,,,,,,,,,,,,,,,,,,,,,,,,,,,,,,,,,,return,2.40465,PIG,FALSE,,,,,,,102,ventana,Spanish,Sounds/spa_ventana.mp3,2020-06-03_23h47.47.864,TranslationElicitation_eng,2020.1.2,MacIntel,60,2.40465,1,0,98,96,1,97
,,,,,,,,,,,,,,,,,,,,,,,,,,,,,,,,,,,,,,,,,,,,,,,23,cerdo,Spanish,Sounds/spa_cerdo.mp3,2020-06-03_23h47.47.864,TranslationElicitation_eng,2020.1.2,MacIntel,60,,0,0,0,21,1,
,,,,,,,,,,,,,,,,,,,,,,,,,,,,,,,,,,,,,m,1.471235,M,FALSE,,,,,,,102,ventana,Spanish,Sounds/spa_ventana.mp3,2020-06-03_23h47.47.864,TranslationElicitation_eng,2020.1.2,MacIntel,60,,1,0,98,96,1,97
,,,,,,,,,,,,,,,,,,,,,,,,,,,,,,,,,,,,,i,1.555925,MI,FALSE,,,,,,,102,ventana,Spanish,Sounds/spa_ventana.mp3,2020-06-03_23h47.47.864,TranslationElicitation_eng,2020.1.2,MacIntel,60,,1,0,98,96,1,97
,,,,,,,,,,,,,,,,,,,,,,,,,,,,,,,,,,,,,l,1.77403,MIL,FALSE,,,,,,,102,ventana,Spanish,Sounds/spa_ventana.mp3,2020-06-03_23h47.47.864,TranslationElicitation_eng,2020.1.2,MacIntel,60,,1,0,98,96,1,97
,,,,,,,,,,,,,,,,,,,,,,,,,,,,,,,,,,,,,k,3.2591,MILK,FALSE,,,,,,,102,ventana,Spanish,Sounds/spa_ventana.mp3,2020-06-03_23h47.47.864,TranslationElicitation_eng,2020.1.2,MacIntel,60,,1,0,98,96,1,97
,,,,,,,,,,,,,,,,,,,,,,,,,,,,,,,,,,,,,return,3.561265,MILK,FALSE,,,,,,,102,ventana,Spanish,Sounds/spa_ventana.mp3,2020-06-03_23h47.47.864,TranslationElicitation_eng,2020.1.2,MacIntel,60,3.561265,1,0,98,96,1,97
,,,,,,,,,,,,,,,,,,,,,,,,,,,,,,,,,,,,,,,,,,,,,,,53,leche,Spanish,Sounds/spa_leche.mp3,2020-06-03_23h47.47.864,TranslationElicitation_eng,2020.1.2,MacIntel,60,,0,1,1,49,1,
