consentKey.keys,consentKey.rt,languageL1Key.keys,languageL1Key.rt,languageL2,languageL2OralKey.keys,languageL2WrittenKey.keys,languageL3OralKey.keys,languageL3WrittenKey.keys,languageCatalanOralKey.keys,languageCatalanOralKey.rt,languageCatalanWrittenKey.keys,languageCatalanWrittenKey.rt,languageCatalanTimeKey.keys,languageCatalanTimeKey.rt,languageSpanishOralKey.keys,languageSpanishOralKey.rt,languageSpanishWrittenKey.keys,languageSpanishWrittenKey.rt,languageSpanishTimeKey.keys,languageSpanishTimeKey.rt,age,demoSexKey.keys,demoSexKey.rt,demoEducationKey.keys,demoEducationKey.rt,city,demoVisionKey.keys,demoVisionKey.rt,demoLanguageKey.keys,demoLanguageKey.rt,setupLocationKey.keys,setupLocationKey.rt,setupNoiseKey.keys,setupNoiseKey.rt,instructionsKeys.keys,instructionsKeys.rt,keyPressed,keyPressTime,inputText,error,trialsPracticeCatalan.thisRepN,trialsPracticeCatalan.thisTrialN,trialsPracticeCatalan.thisN,trialsPracticeCatalan.thisIndex,trialsPracticeCatalan.ran,trialsPracticeCatalan.order,trial_id,word,test_language,soundfile,date,expName,psychopyVersion,OS,frameRate,trialOffset,trialsCatalan.thisRepN,trialsCatalan.thisTrialN,trialsCatalan.thisN,trialsCatalan.thisIndex,trialsCatalan.ran,trialsCatalan.order
space,0.346945,e,0.91302,,,,,,3,0.868125,3,0.469285,3,0.450785,3,0.405985,3,0.40774,3,0.37169,7,f,0.95517,5,0.914075,O,y,0.74698,y,0.733915,4,0.855315,3,0.515235,space,0.86394,j,1.451945,J,FALSE,1,0,5,1,1,4,126,corona,Catalan,Sounds/cat_corona.mp3,2020-06-04_11h30.01.268,TranslationElicitation_eng,2020.1.2,MacIntel,60,,,,,,,
,,,,,,,,,,,,,,,,,,,,,,,,,,,,,,,,,,,,,a,1.519605,JA,FALSE,1,0,5,1,1,4,126,corona,Catalan,Sounds/cat_corona.mp3,2020-06-04_11h30.01.268,TranslationElicitation_eng,2020.1.2,MacIntel,60,,,,,,,
,,,,,,,,,,,,,,,,,,,,,,,,,,,,,,,,,,,,,c,1.70337,JAC,FALSE,1,0,5,1,1,4,126,corona,Catalan,Sounds/cat_corona.mp3,2020-06-04_11h30.01.268,TranslationElicitation_eng,2020.1.2,MacIntel,60,,,,,,,
,,,,,,,,,,,,,,,,,,,,,,,,,,,,,,,,,,,,,k,1.77039,JACK,FALSE,1,0,5,1,1,4,126,corona,Catalan,Sounds/cat_corona.mp3,2020-06-04_11h30.01.268,TranslationElicitation_eng,2020.1.2,MacIntel,60,,,,,,,
,,,,,,,,,,,,,,,,,,,,,,,,,,,,,,,,,,,,,e,1.83754,JACKE,FALSE,1,0,5,1,1,4,126,corona,Catalan,Sounds/cat_corona.mp3,2020-06-04_11h30.01.268,TranslationElicitation_eng,2020.1.2,MacIntel,60,,,,,,,
,,,,,,,,,,,,,,,,,,,,,,,,,,,,,,,,,,,,,t,1.98806,JACKET,FALSE,1,0,5,1,1,4,126,corona,Catalan,Sounds/cat_corona.mp3,2020-06-04_11h30.01.268,TranslationElicitation_eng,2020.1.2,MacIntel,60,,,,,,,
,,,,,,,,,,,,,,,,,,,,,,,,,,,,,,,,,,,,,a,2.188205,JACKETA,FALSE,1,0,5,1,1,4,126,corona,Catalan,Sounds/cat_corona.mp3,2020-06-04_11h30.01.268,TranslationElicitation_eng,2020.1.2,MacIntel,60,,,,,,,
,,,,,,,,,,,,,,,,,,,,,,,,,,,,,,,,,,,,,return,2.28837,JACKETA,FALSE,1,0,5,1,1,4,126,corona,Catalan,Sounds/cat_corona.mp3,2020-06-04_11h30.01.268,TranslationElicitation_eng,2020.1.2,MacIntel,60,2.28837,,,,,,
,,,,,,,,,,,,,,,,,,,,,,,,,,,,,,,,,,,,,,,,,0,0,0,2,1,,147,jaqueta,Catalan,Sounds/cat_jaqueta.mp3,2020-06-04_11h30.01.268,TranslationElicitation_eng,2020.1.2,MacIntel,60,,,,,,,
,,,,,,,,,,,,,,,,,,,,,,,,,,,,,,,,,,,,,k,1.56935,K,FALSE,1,0,5,1,1,4,126,corona,Catalan,Sounds/cat_corona.mp3,2020-06-04_11h30.01.268,TranslationElicitation_eng,2020.1.2,MacIntel,60,,,,,,,
,,,,,,,,,,,,,,,,,,,,,,,,,,,,,,,,,,,,,k,1.736815,KK,FALSE,1,0,5,1,1,4,126,corona,Catalan,Sounds/cat_corona.mp3,2020-06-04_11h30.01.268,TranslationElicitation_eng,2020.1.2,MacIntel,60,,,,,,,
,,,,,,,,,,,,,,,,,,,,,,,,,,,,,,,,,,,,,k,1.85309,KKK,FALSE,1,0,5,1,1,4,126,corona,Catalan,Sounds/cat_corona.mp3,2020-06-04_11h30.01.268,TranslationElicitation_eng,2020.1.2,MacIntel,60,,,,,,,
,,,,,,,,,,,,,,,,,,,,,,,,,,,,,,,,,,,,,return,2.03693,KKK,FALSE,1,0,5,1,1,4,126,corona,Catalan,Sounds/cat_corona.mp3,2020-06-04_11h30.01.268,TranslationElicitation_eng,2020.1.2,MacIntel,60,2.03693,,,,,,
,,,,,,,,,,,,,,,,,,,,,,,,,,,,,,,,,,,,,,,,,0,1,1,0,1,,109,arbre,Catalan,Sounds/cat_arbre.mp3,2020-06-04_11h30.01.268,TranslationElicitation_eng,2020.1.2,MacIntel,60,,,,,,,
,,,,,,,,,,,,,,,,,,,,,,,,,,,,,,,,,,,,,o,0.918865,O,FALSE,1,0,5,1,1,4,126,corona,Catalan,Sounds/cat_corona.mp3,2020-06-04_11h30.01.268,TranslationElicitation_eng,2020.1.2,MacIntel,60,,,,,,,
,,,,,,,,,,,,,,,,,,,,,,,,,,,,,,,,,,,,,o,1.102665,OO,FALSE,1,0,5,1,1,4,126,corona,Catalan,Sounds/cat_corona.mp3,2020-06-04_11h30.01.268,TranslationElicitation_eng,2020.1.2,MacIntel,60,,,,,,,
,,,,,,,,,,,,,,,,,,,,,,,,,,,,,,,,,,,,,o,1.27165,OOO,FALSE,1,0,5,1,1,4,126,corona,Catalan,Sounds/cat_corona.mp3,2020-06-04_11h30.01.268,TranslationElicitation_eng,2020.1.2,MacIntel,60,,,,,,,
,,,,,,,,,,,,,,,,,,,,,,,,,,,,,,,,,,,,,return,1.36959,OOO,FALSE,1,0,5,1,1,4,126,corona,Catalan,Sounds/cat_corona.mp3,2020-06-04_11h30.01.268,TranslationElicitation_eng,2020.1.2,MacIntel,60,1.36959,,,,,,
,,,,,,,,,,,,,,,,,,,,,,,,,,,,,,,,,,,,,,,,,0,2,2,3,1,,159,onada,Catalan,Sounds/cat_onada.mp3,2020-06-04_11h30.01.268,TranslationElicitation_eng,2020.1.2,MacIntel,60,,,,,,,
,,,,,,,,,,,,,,,,,,,,,,,,,,,,,,,,,,,,,o,1.435395,O,FALSE,1,0,5,1,1,4,126,corona,Catalan,Sounds/cat_corona.mp3,2020-06-04_11h30.01.268,TranslationElicitation_eng,2020.1.2,MacIntel,60,,,,,,,
,,,,,,,,,,,,,,,,,,,,,,,,,,,,,,,,,,,,,o,1.619305,OO,FALSE,1,0,5,1,1,4,126,corona,Catalan,Sounds/cat_corona.mp3,2020-06-04_11h30.01.268,TranslationElicitation_eng,2020.1.2,MacIntel,60,,,,,,,
,,,,,,,,,,,,,,,,,,,,,,,,,,,,,,,,,,,,,return,1.946315,OO,FALSE,1,0,5,1,1,4,126,corona,Catalan,Sounds/cat_corona.mp3,2020-06-04_11h30.01.268,TranslationElicitation_eng,2020.1.2,MacIntel,60,1.946315,,,,,,
,,,,,,,,,,,,,,,,,,,,,,,,,,,,,,,,,,,,,,,,,0,3,3,4,1,,179,tigre,Catalan,Sounds/cat_tigre.mp3,2020-06-04_11h30.01.268,TranslationElicitation_eng,2020.1.2,MacIntel,60,,,,,,,
,,,,,,,,,,,,,,,,,,,,,,,,,,,,,,,,,,,,,o,1.202195,O,FALSE,1,0,5,1,1,4,126,corona,Catalan,Sounds/cat_corona.mp3,2020-06-04_11h30.01.268,TranslationElicitation_eng,2020.1.2,MacIntel,60,,,,,,,
,,,,,,,,,,,,,,,,,,,,,,,,,,,,,,,,,,,,,o,1.352295,OO,FALSE,1,0,5,1,1,4,126,corona,Catalan,Sounds/cat_corona.mp3,2020-06-04_11h30.01.268,TranslationElicitation_eng,2020.1.2,MacIntel,60,,,,,,,
,,,,,,,,,,,,,,,,,,,,,,,,,,,,,,,,,,,,,o,1.48638,OOO,FALSE,1,0,5,1,1,4,126,corona,Catalan,Sounds/cat_corona.mp3,2020-06-04_11h30.01.268,TranslationElicitation_eng,2020.1.2,MacIntel,60,,,,,,,
,,,,,,,,,,,,,,,,,,,,,,,,,,,,,,,,,,,,,return,1.67047,OOO,FALSE,1,0,5,1,1,4,126,corona,Catalan,Sounds/cat_corona.mp3,2020-06-04_11h30.01.268,TranslationElicitation_eng,2020.1.2,MacIntel,60,1.67047,,,,,,
,,,,,,,,,,,,,,,,,,,,,,,,,,,,,,,,,,,,,o,1.36983,O,FALSE,,,,,,,168,planta,Catalan,Sounds/cat_planta.mp3,2020-06-04_11h30.01.268,TranslationElicitation_eng,2020.1.2,MacIntel,60,,1,0,81,60,1,80
,,,,,,,,,,,,,,,,,,,,,,,,,,,,,,,,,,,,,o,1.52019,OO,FALSE,,,,,,,168,planta,Catalan,Sounds/cat_planta.mp3,2020-06-04_11h30.01.268,TranslationElicitation_eng,2020.1.2,MacIntel,60,,1,0,81,60,1,80
,,,,,,,,,,,,,,,,,,,,,,,,,,,,,,,,,,,,,return,1.704165,OO,FALSE,,,,,,,168,planta,Catalan,Sounds/cat_planta.mp3,2020-06-04_11h30.01.268,TranslationElicitation_eng,2020.1.2,MacIntel,60,1.704165,1,0,81,60,1,80
,,,,,,,,,,,,,,,,,,,,,,,,,,,,,,,,,,,,,,,,,,,,,,,136,forquilla,Catalan,Sounds/cat_forquilla.mp3,2020-06-04_11h30.01.268,TranslationElicitation_eng,2020.1.2,MacIntel,60,,0,0,0,30,1,
,,,,,,,,,,,,,,,,,,,,,,,,,,,,,,,,,,,,,i,1.587685,I,FALSE,,,,,,,168,planta,Catalan,Sounds/cat_planta.mp3,2020-06-04_11h30.01.268,TranslationElicitation_eng,2020.1.2,MacIntel,60,,1,0,81,60,1,80
,,,,,,,,,,,,,,,,,,,,,,,,,,,,,,,,,,,,,o,1.738115,IO,FALSE,,,,,,,168,planta,Catalan,Sounds/cat_planta.mp3,2020-06-04_11h30.01.268,TranslationElicitation_eng,2020.1.2,MacIntel,60,,1,0,81,60,1,80
,,,,,,,,,,,,,,,,,,,,,,,,,,,,,,,,,,,,,k,2.02239,IOK,FALSE,,,,,,,168,planta,Catalan,Sounds/cat_planta.mp3,2020-06-04_11h30.01.268,TranslationElicitation_eng,2020.1.2,MacIntel,60,,1,0,81,60,1,80
,,,,,,,,,,,,,,,,,,,,,,,,,,,,,,,,,,,,,return,2.25665,IOK,FALSE,,,,,,,168,planta,Catalan,Sounds/cat_planta.mp3,2020-06-04_11h30.01.268,TranslationElicitation_eng,2020.1.2,MacIntel,60,2.25665,1,0,81,60,1,80
,,,,,,,,,,,,,,,,,,,,,,,,,,,,,,,,,,,,,,,,,,,,,,,158,nas,Catalan,Sounds/cat_nas.mp3,2020-06-04_11h30.01.268,TranslationElicitation_eng,2020.1.2,MacIntel,60,,0,1,1,51,1,
,,,,,,,,,,,,,,,,,,,,,,,,,,,,,,,,,,,,,g,1.536625,G,FALSE,,,,,,,168,planta,Catalan,Sounds/cat_planta.mp3,2020-06-04_11h30.01.268,TranslationElicitation_eng,2020.1.2,MacIntel,60,,1,0,81,60,1,80
,,,,,,,,,,,,,,,,,,,,,,,,,,,,,,,,,,,,,h,1.755855,GH,FALSE,,,,,,,168,planta,Catalan,Sounds/cat_planta.mp3,2020-06-04_11h30.01.268,TranslationElicitation_eng,2020.1.2,MacIntel,60,,1,0,81,60,1,80
,,,,,,,,,,,,,,,,,,,,,,,,,,,,,,,,,,,,,return,1.77058,GH,FALSE,,,,,,,168,planta,Catalan,Sounds/cat_planta.mp3,2020-06-04_11h30.01.268,TranslationElicitation_eng,2020.1.2,MacIntel,60,1.77058,1,0,81,60,1,80
,,,,,,,,,,,,,,,,,,,,,,,,,,,,,,,,,,,,,,,,,,,,,,,127,cotxe,Catalan,Sounds/cat_cotxe.mp3,2020-06-04_11h30.01.268,TranslationElicitation_eng,2020.1.2,MacIntel,60,,0,2,2,21,1,
,,,,,,,,,,,,,,,,,,,,,,,,,,,,,,,,,,,,,b,1.43474,B,FALSE,,,,,,,168,planta,Catalan,Sounds/cat_planta.mp3,2020-06-04_11h30.01.268,TranslationElicitation_eng,2020.1.2,MacIntel,60,,1,0,81,60,1,80
,,,,,,,,,,,,,,,,,,,,,,,,,,,,,,,,,,,,,n,1.53532,BN,FALSE,,,,,,,168,planta,Catalan,Sounds/cat_planta.mp3,2020-06-04_11h30.01.268,TranslationElicitation_eng,2020.1.2,MacIntel,60,,1,0,81,60,1,80
,,,,,,,,,,,,,,,,,,,,,,,,,,,,,,,,,,,,,return,1.635205,BN,FALSE,,,,,,,168,planta,Catalan,Sounds/cat_planta.mp3,2020-06-04_11h30.01.268,TranslationElicitation_eng,2020.1.2,MacIntel,60,1.635205,1,0,81,60,1,80
,,,,,,,,,,,,,,,,,,,,,,,,,,,,,,,,,,,,,,,,,,,,,,,171,pollastre,Catalan,Sounds/cat_pollastre.mp3,2020-06-04_11h30.01.268,TranslationElicitation_eng,2020.1.2,MacIntel,60,,0,3,3,63,1,
,,,,,,,,,,,,,,,,,,,,,,,,,,,,,,,,,,,,,j,1.87223,J,FALSE,,,,,,,168,planta,Catalan,Sounds/cat_planta.mp3,2020-06-04_11h30.01.268,TranslationElicitation_eng,2020.1.2,MacIntel,60,,1,0,81,60,1,80
,,,,,,,,,,,,,,,,,,,,,,,,,,,,,,,,,,,,,h,1.955245,JH,FALSE,,,,,,,168,planta,Catalan,Sounds/cat_planta.mp3,2020-06-04_11h30.01.268,TranslationElicitation_eng,2020.1.2,MacIntel,60,,1,0,81,60,1,80
,,,,,,,,,,,,,,,,,,,,,,,,,,,,,,,,,,,,,return,2.175665,JH,FALSE,,,,,,,168,planta,Catalan,Sounds/cat_planta.mp3,2020-06-04_11h30.01.268,TranslationElicitation_eng,2020.1.2,MacIntel,60,2.175665,1,0,81,60,1,80
,,,,,,,,,,,,,,,,,,,,,,,,,,,,,,,,,,,,,,,,,,,,,,,144,gorra,Catalan,Sounds/cat_gorra.mp3,2020-06-04_11h30.01.268,TranslationElicitation_eng,2020.1.2,MacIntel,60,,0,4,4,38,1,
,,,,,,,,,,,,,,,,,,,,,,,,,,,,,,,,,,,,,b,1.687515,B,FALSE,,,,,,,168,planta,Catalan,Sounds/cat_planta.mp3,2020-06-04_11h30.01.268,TranslationElicitation_eng,2020.1.2,MacIntel,60,,1,0,81,60,1,80
,,,,,,,,,,,,,,,,,,,,,,,,,,,,,,,,,,,,,return,1.83769,B,FALSE,,,,,,,168,planta,Catalan,Sounds/cat_planta.mp3,2020-06-04_11h30.01.268,TranslationElicitation_eng,2020.1.2,MacIntel,60,1.83769,1,0,81,60,1,80
,,,,,,,,,,,,,,,,,,,,,,,,,,,,,,,,,,,,,,,,,,,,,,,130,entrepa,Catalan,Sounds/cat_entrepa.mp3,2020-06-04_11h30.01.268,TranslationElicitation_eng,2020.1.2,MacIntel,60,,0,5,5,24,1,
,,,,,,,,,,,,,,,,,,,,,,,,,,,,,,,,,,,,,b,6.18304,B,FALSE,,,,,,,168,planta,Catalan,Sounds/cat_planta.mp3,2020-06-04_11h30.01.268,TranslationElicitation_eng,2020.1.2,MacIntel,60,,1,0,81,60,1,80
,,,,,,,,,,,,,,,,,,,,,,,,,,,,,,,,,,,,,n,6.36706,BN,FALSE,,,,,,,168,planta,Catalan,Sounds/cat_planta.mp3,2020-06-04_11h30.01.268,TranslationElicitation_eng,2020.1.2,MacIntel,60,,1,0,81,60,1,80
,,,,,,,,,,,,,,,,,,,,,,,,,,,,,,,,,,,,,return,6.56933,BN,FALSE,,,,,,,168,planta,Catalan,Sounds/cat_planta.mp3,2020-06-04_11h30.01.268,TranslationElicitation_eng,2020.1.2,MacIntel,60,6.56933,1,0,81,60,1,80
,,,,,,,,,,,,,,,,,,,,,,,,,,,,,,,,,,,,,,,,,,,,,,,189,zebra,Catalan,Sounds/cat_zebra.mp3,2020-06-04_11h30.01.268,TranslationElicitation_eng,2020.1.2,MacIntel,60,,0,6,6,80,1,
,,,,,,,,,,,,,,,,,,,,,,,,,,,,,,,,,,,,,v,1.60356,V,FALSE,,,,,,,168,planta,Catalan,Sounds/cat_planta.mp3,2020-06-04_11h30.01.268,TranslationElicitation_eng,2020.1.2,MacIntel,60,,1,0,81,60,1,80
,,,,,,,,,,,,,,,,,,,,,,,,,,,,,,,,,,,,,b,1.870955,VB,FALSE,,,,,,,168,planta,Catalan,Sounds/cat_planta.mp3,2020-06-04_11h30.01.268,TranslationElicitation_eng,2020.1.2,MacIntel,60,,1,0,81,60,1,80
,,,,,,,,,,,,,,,,,,,,,,,,,,,,,,,,,,,,,return,2.20375,VB,FALSE,,,,,,,168,planta,Catalan,Sounds/cat_planta.mp3,2020-06-04_11h30.01.268,TranslationElicitation_eng,2020.1.2,MacIntel,60,2.20375,1,0,81,60,1,80
,,,,,,,,,,,,,,,,,,,,,,,,,,,,,,,,,,,,,,,,,,,,,,,107,amanida,Catalan,Sounds/cat_amanida.mp3,2020-06-04_11h30.01.268,TranslationElicitation_eng,2020.1.2,MacIntel,60,,0,7,7,3,1,
,,,,,,,,,,,,,,,,,,,,,,,,,,,,,,,,,,,,,v,1.89323,V,FALSE,,,,,,,168,planta,Catalan,Sounds/cat_planta.mp3,2020-06-04_11h30.01.268,TranslationElicitation_eng,2020.1.2,MacIntel,60,,1,0,81,60,1,80
,,,,,,,,,,,,,,,,,,,,,,,,,,,,,,,,,,,,,b,2.02196,VB,FALSE,,,,,,,168,planta,Catalan,Sounds/cat_planta.mp3,2020-06-04_11h30.01.268,TranslationElicitation_eng,2020.1.2,MacIntel,60,,1,0,81,60,1,80
,,,,,,,,,,,,,,,,,,,,,,,,,,,,,,,,,,,,,n,2.107105,VBN,FALSE,,,,,,,168,planta,Catalan,Sounds/cat_planta.mp3,2020-06-04_11h30.01.268,TranslationElicitation_eng,2020.1.2,MacIntel,60,,1,0,81,60,1,80
,,,,,,,,,,,,,,,,,,,,,,,,,,,,,,,,,,,,,return,3.25929,VBN,FALSE,,,,,,,168,planta,Catalan,Sounds/cat_planta.mp3,2020-06-04_11h30.01.268,TranslationElicitation_eng,2020.1.2,MacIntel,60,3.25929,1,0,81,60,1,80
,,,,,,,,,,,,,,,,,,,,,,,,,,,,,,,,,,,,,,,,,,,,,,,188,xocolata,Catalan,Sounds/cat_xocolata.mp3,2020-06-04_11h30.01.268,TranslationElicitation_eng,2020.1.2,MacIntel,60,,0,8,8,79,1,
,,,,,,,,,,,,,,,,,,,,,,,,,,,,,,,,,,,,,v,1.93944,V,FALSE,,,,,,,168,planta,Catalan,Sounds/cat_planta.mp3,2020-06-04_11h30.01.268,TranslationElicitation_eng,2020.1.2,MacIntel,60,,1,0,81,60,1,80
,,,,,,,,,,,,,,,,,,,,,,,,,,,,,,,,,,,,,b,2.03806,VB,FALSE,,,,,,,168,planta,Catalan,Sounds/cat_planta.mp3,2020-06-04_11h30.01.268,TranslationElicitation_eng,2020.1.2,MacIntel,60,,1,0,81,60,1,80
,,,,,,,,,,,,,,,,,,,,,,,,,,,,,,,,,,,,,n,2.19012,VBN,FALSE,,,,,,,168,planta,Catalan,Sounds/cat_planta.mp3,2020-06-04_11h30.01.268,TranslationElicitation_eng,2020.1.2,MacIntel,60,,1,0,81,60,1,80
,,,,,,,,,,,,,,,,,,,,,,,,,,,,,,,,,,,,,return,2.472675,VBN,FALSE,,,,,,,168,planta,Catalan,Sounds/cat_planta.mp3,2020-06-04_11h30.01.268,TranslationElicitation_eng,2020.1.2,MacIntel,60,2.472675,1,0,81,60,1,80
,,,,,,,,,,,,,,,,,,,,,,,,,,,,,,,,,,,,,,,,,,,,,,,131,esponja,Catalan,Sounds/cat_esponja.mp3,2020-06-04_11h30.01.268,TranslationElicitation_eng,2020.1.2,MacIntel,60,,0,9,9,25,1,
,,,,,,,,,,,,,,,,,,,,,,,,,,,,,,,,,,,,,b,1.53659,B,FALSE,,,,,,,168,planta,Catalan,Sounds/cat_planta.mp3,2020-06-04_11h30.01.268,TranslationElicitation_eng,2020.1.2,MacIntel,60,,1,0,81,60,1,80
,,,,,,,,,,,,,,,,,,,,,,,,,,,,,,,,,,,,,n,1.620875,BN,FALSE,,,,,,,168,planta,Catalan,Sounds/cat_planta.mp3,2020-06-04_11h30.01.268,TranslationElicitation_eng,2020.1.2,MacIntel,60,,1,0,81,60,1,80
,,,,,,,,,,,,,,,,,,,,,,,,,,,,,,,,,,,,,return,1.971205,BN,FALSE,,,,,,,168,planta,Catalan,Sounds/cat_planta.mp3,2020-06-04_11h30.01.268,TranslationElicitation_eng,2020.1.2,MacIntel,60,1.971205,1,0,81,60,1,80
,,,,,,,,,,,,,,,,,,,,,,,,,,,,,,,,,,,,,,,,,,,,,,,185,ulleres,Catalan,Sounds/cat_ulleres.mp3,2020-06-04_11h30.01.268,TranslationElicitation_eng,2020.1.2,MacIntel,60,,0,10,10,76,1,
,,,,,,,,,,,,,,,,,,,,,,,,,,,,,,,,,,,,,b,1.57083,B,FALSE,,,,,,,168,planta,Catalan,Sounds/cat_planta.mp3,2020-06-04_11h30.01.268,TranslationElicitation_eng,2020.1.2,MacIntel,60,,1,0,81,60,1,80
,,,,,,,,,,,,,,,,,,,,,,,,,,,,,,,,,,,,,n,1.63845,BN,FALSE,,,,,,,168,planta,Catalan,Sounds/cat_planta.mp3,2020-06-04_11h30.01.268,TranslationElicitation_eng,2020.1.2,MacIntel,60,,1,0,81,60,1,80
,,,,,,,,,,,,,,,,,,,,,,,,,,,,,,,,,,,,,return,1.888415,BN,FALSE,,,,,,,168,planta,Catalan,Sounds/cat_planta.mp3,2020-06-04_11h30.01.268,TranslationElicitation_eng,2020.1.2,MacIntel,60,1.888415,1,0,81,60,1,80
,,,,,,,,,,,,,,,,,,,,,,,,,,,,,,,,,,,,,,,,,,,,,,,172,poma,Catalan,Sounds/cat_poma.mp3,2020-06-04_11h30.01.268,TranslationElicitation_eng,2020.1.2,MacIntel,60,,0,11,11,64,1,
,,,,,,,,,,,,,,,,,,,,,,,,,,,,,,,,,,,,,b,1.42013,B,FALSE,,,,,,,168,planta,Catalan,Sounds/cat_planta.mp3,2020-06-04_11h30.01.268,TranslationElicitation_eng,2020.1.2,MacIntel,60,,1,0,81,60,1,80
,,,,,,,,,,,,,,,,,,,,,,,,,,,,,,,,,,,,,n,1.51874,BN,FALSE,,,,,,,168,planta,Catalan,Sounds/cat_planta.mp3,2020-06-04_11h30.01.268,TranslationElicitation_eng,2020.1.2,MacIntel,60,,1,0,81,60,1,80
,,,,,,,,,,,,,,,,,,,,,,,,,,,,,,,,,,,,,return,1.57058,BN,FALSE,,,,,,,168,planta,Catalan,Sounds/cat_planta.mp3,2020-06-04_11h30.01.268,TranslationElicitation_eng,2020.1.2,MacIntel,60,1.57058,1,0,81,60,1,80
,,,,,,,,,,,,,,,,,,,,,,,,,,,,,,,,,,,,,,,,,,,,,,,142,girafa,Catalan,Sounds/cat_girafa.mp3,2020-06-04_11h30.01.268,TranslationElicitation_eng,2020.1.2,MacIntel,60,,0,12,12,36,1,
,,,,,,,,,,,,,,,,,,,,,,,,,,,,,,,,,,,,,t,1.687825,T,FALSE,,,,,,,168,planta,Catalan,Sounds/cat_planta.mp3,2020-06-04_11h30.01.268,TranslationElicitation_eng,2020.1.2,MacIntel,60,,1,0,81,60,1,80
,,,,,,,,,,,,,,,,,,,,,,,,,,,,,,,,,,,,,y,1.82156,TY,FALSE,,,,,,,168,planta,Catalan,Sounds/cat_planta.mp3,2020-06-04_11h30.01.268,TranslationElicitation_eng,2020.1.2,MacIntel,60,,1,0,81,60,1,80
,,,,,,,,,,,,,,,,,,,,,,,,,,,,,,,,,,,,,return,2.389665,TY,FALSE,,,,,,,168,planta,Catalan,Sounds/cat_planta.mp3,2020-06-04_11h30.01.268,TranslationElicitation_eng,2020.1.2,MacIntel,60,2.389665,1,0,81,60,1,80
,,,,,,,,,,,,,,,,,,,,,,,,,,,,,,,,,,,,,,,,,,,,,,,116,bolquer,Catalan,Sounds/cat_bolquer.mp3,2020-06-04_11h30.01.268,TranslationElicitation_eng,2020.1.2,MacIntel,60,,0,13,13,11,1,
,,,,,,,,,,,,,,,,,,,,,,,,,,,,,,,,,,,,,h,1.386335,H,FALSE,,,,,,,168,planta,Catalan,Sounds/cat_planta.mp3,2020-06-04_11h30.01.268,TranslationElicitation_eng,2020.1.2,MacIntel,60,,1,0,81,60,1,80
,,,,,,,,,,,,,,,,,,,,,,,,,,,,,,,,,,,,,j,1.48659,HJ,FALSE,,,,,,,168,planta,Catalan,Sounds/cat_planta.mp3,2020-06-04_11h30.01.268,TranslationElicitation_eng,2020.1.2,MacIntel,60,,1,0,81,60,1,80
,,,,,,,,,,,,,,,,,,,,,,,,,,,,,,,,,,,,,return,1.637615,HJ,FALSE,,,,,,,168,planta,Catalan,Sounds/cat_planta.mp3,2020-06-04_11h30.01.268,TranslationElicitation_eng,2020.1.2,MacIntel,60,1.637615,1,0,81,60,1,80
,,,,,,,,,,,,,,,,,,,,,,,,,,,,,,,,,,,,,,,,,,,,,,,121,camisa,Catalan,Sounds/cat_camisa.mp3,2020-06-04_11h30.01.268,TranslationElicitation_eng,2020.1.2,MacIntel,60,,0,14,14,16,1,
,,,,,,,,,,,,,,,,,,,,,,,,,,,,,,,,,,,,,g,2.958965,G,FALSE,,,,,,,168,planta,Catalan,Sounds/cat_planta.mp3,2020-06-04_11h30.01.268,TranslationElicitation_eng,2020.1.2,MacIntel,60,,1,0,81,60,1,80
,,,,,,,,,,,,,,,,,,,,,,,,,,,,,,,,,,,,,h,3.12684,GH,FALSE,,,,,,,168,planta,Catalan,Sounds/cat_planta.mp3,2020-06-04_11h30.01.268,TranslationElicitation_eng,2020.1.2,MacIntel,60,,1,0,81,60,1,80
,,,,,,,,,,,,,,,,,,,,,,,,,,,,,,,,,,,,,j,3.208335,GHJ,FALSE,,,,,,,168,planta,Catalan,Sounds/cat_planta.mp3,2020-06-04_11h30.01.268,TranslationElicitation_eng,2020.1.2,MacIntel,60,,1,0,81,60,1,80
,,,,,,,,,,,,,,,,,,,,,,,,,,,,,,,,,,,,,return,3.41129,GHJ,FALSE,,,,,,,168,planta,Catalan,Sounds/cat_planta.mp3,2020-06-04_11h30.01.268,TranslationElicitation_eng,2020.1.2,MacIntel,60,3.41129,1,0,81,60,1,80
,,,,,,,,,,,,,,,,,,,,,,,,,,,,,,,,,,,,,,,,,,,,,,,184,ull,Catalan,Sounds/cat_ull.mp3,2020-06-04_11h30.01.268,TranslationElicitation_eng,2020.1.2,MacIntel,60,,0,15,15,75,1,
,,,,,,,,,,,,,,,,,,,,,,,,,,,,,,,,,,,,,b,1.35308,B,FALSE,,,,,,,168,planta,Catalan,Sounds/cat_planta.mp3,2020-06-04_11h30.01.268,TranslationElicitation_eng,2020.1.2,MacIntel,60,,1,0,81,60,1,80
,,,,,,,,,,,,,,,,,,,,,,,,,,,,,,,,,,,,,n,1.569985,BN,FALSE,,,,,,,168,planta,Catalan,Sounds/cat_planta.mp3,2020-06-04_11h30.01.268,TranslationElicitation_eng,2020.1.2,MacIntel,60,,1,0,81,60,1,80
,,,,,,,,,,,,,,,,,,,,,,,,,,,,,,,,,,,,,return,1.9736,BN,FALSE,,,,,,,168,planta,Catalan,Sounds/cat_planta.mp3,2020-06-04_11h30.01.268,TranslationElicitation_eng,2020.1.2,MacIntel,60,1.9736,1,0,81,60,1,80
,,,,,,,,,,,,,,,,,,,,,,,,,,,,,,,,,,,,,,,,,,,,,,,139,galleda,Catalan,Sounds/cat_galleda.mp3,2020-06-04_11h30.01.268,TranslationElicitation_eng,2020.1.2,MacIntel,60,,0,16,16,33,1,
,,,,,,,,,,,,,,,,,,,,,,,,,,,,,,,,,,,,,b,2.89043,B,FALSE,,,,,,,168,planta,Catalan,Sounds/cat_planta.mp3,2020-06-04_11h30.01.268,TranslationElicitation_eng,2020.1.2,MacIntel,60,,1,0,81,60,1,80
,,,,,,,,,,,,,,,,,,,,,,,,,,,,,,,,,,,,,n,2.97409,BN,FALSE,,,,,,,168,planta,Catalan,Sounds/cat_planta.mp3,2020-06-04_11h30.01.268,TranslationElicitation_eng,2020.1.2,MacIntel,60,,1,0,81,60,1,80
,,,,,,,,,,,,,,,,,,,,,,,,,,,,,,,,,,,,,m,3.05786,BNM,FALSE,,,,,,,168,planta,Catalan,Sounds/cat_planta.mp3,2020-06-04_11h30.01.268,TranslationElicitation_eng,2020.1.2,MacIntel,60,,1,0,81,60,1,80
,,,,,,,,,,,,,,,,,,,,,,,,,,,,,,,,,,,,,return,3.076275,BNM,FALSE,,,,,,,168,planta,Catalan,Sounds/cat_planta.mp3,2020-06-04_11h30.01.268,TranslationElicitation_eng,2020.1.2,MacIntel,60,3.076275,1,0,81,60,1,80
,,,,,,,,,,,,,,,,,,,,,,,,,,,,,,,,,,,,,,,,,,,,,,,178,taronja,Catalan,Sounds/cat_taronja.mp3,2020-06-04_11h30.01.268,TranslationElicitation_eng,2020.1.2,MacIntel,60,,0,17,17,70,1,
,,,,,,,,,,,,,,,,,,,,,,,,,,,,,,,,,,,,,n,1.768115,N,FALSE,,,,,,,168,planta,Catalan,Sounds/cat_planta.mp3,2020-06-04_11h30.01.268,TranslationElicitation_eng,2020.1.2,MacIntel,60,,1,0,81,60,1,80
,,,,,,,,,,,,,,,,,,,,,,,,,,,,,,,,,,,,,j,1.95338,NJ,FALSE,,,,,,,168,planta,Catalan,Sounds/cat_planta.mp3,2020-06-04_11h30.01.268,TranslationElicitation_eng,2020.1.2,MacIntel,60,,1,0,81,60,1,80
,,,,,,,,,,,,,,,,,,,,,,,,,,,,,,,,,,,,,return,2.271095,NJ,FALSE,,,,,,,168,planta,Catalan,Sounds/cat_planta.mp3,2020-06-04_11h30.01.268,TranslationElicitation_eng,2020.1.2,MacIntel,60,2.271095,1,0,81,60,1,80
,,,,,,,,,,,,,,,,,,,,,,,,,,,,,,,,,,,,,,,,,,,,,,,156,moto,Catalan,Sounds/cat_moto.mp3,2020-06-04_11h30.01.268,TranslationElicitation_eng,2020.1.2,MacIntel,60,,0,18,18,49,1,
,,,,,,,,,,,,,,,,,,,,,,,,,,,,,,,,,,,,,h,2.14179,H,FALSE,,,,,,,168,planta,Catalan,Sounds/cat_planta.mp3,2020-06-04_11h30.01.268,TranslationElicitation_eng,2020.1.2,MacIntel,60,,1,0,81,60,1,80
,,,,,,,,,,,,,,,,,,,,,,,,,,,,,,,,,,,,,j,2.261825,HJ,FALSE,,,,,,,168,planta,Catalan,Sounds/cat_planta.mp3,2020-06-04_11h30.01.268,TranslationElicitation_eng,2020.1.2,MacIntel,60,,1,0,81,60,1,80
,,,,,,,,,,,,,,,,,,,,,,,,,,,,,,,,,,,,,return,2.64025,HJ,FALSE,,,,,,,168,planta,Catalan,Sounds/cat_planta.mp3,2020-06-04_11h30.01.268,TranslationElicitation_eng,2020.1.2,MacIntel,60,2.64025,1,0,81,60,1,80
,,,,,,,,,,,,,,,,,,,,,,,,,,,,,,,,,,,,,,,,,,,,,,,155,moneda,Catalan,Sounds/cat_moneda.mp3,2020-06-04_11h30.01.268,TranslationElicitation_eng,2020.1.2,MacIntel,60,,0,19,19,48,1,
,,,,,,,,,,,,,,,,,,,,,,,,,,,,,,,,,,,,,j,1.90353,J,FALSE,,,,,,,168,planta,Catalan,Sounds/cat_planta.mp3,2020-06-04_11h30.01.268,TranslationElicitation_eng,2020.1.2,MacIntel,60,,1,0,81,60,1,80
,,,,,,,,,,,,,,,,,,,,,,,,,,,,,,,,,,,,,return,2.28845,J,FALSE,,,,,,,168,planta,Catalan,Sounds/cat_planta.mp3,2020-06-04_11h30.01.268,TranslationElicitation_eng,2020.1.2,MacIntel,60,2.28845,1,0,81,60,1,80
,,,,,,,,,,,,,,,,,,,,,,,,,,,,,,,,,,,,,,,,,,,,,,,149,llibre,Catalan,Sounds/cat_llibre.mp3,2020-06-04_11h30.01.268,TranslationElicitation_eng,2020.1.2,MacIntel,60,,0,20,20,42,1,
,,,,,,,,,,,,,,,,,,,,,,,,,,,,,,,,,,,,,h,1.521185,H,FALSE,,,,,,,168,planta,Catalan,Sounds/cat_planta.mp3,2020-06-04_11h30.01.268,TranslationElicitation_eng,2020.1.2,MacIntel,60,,1,0,81,60,1,80
,,,,,,,,,,,,,,,,,,,,,,,,,,,,,,,,,,,,,j,1.804565,HJ,FALSE,,,,,,,168,planta,Catalan,Sounds/cat_planta.mp3,2020-06-04_11h30.01.268,TranslationElicitation_eng,2020.1.2,MacIntel,60,,1,0,81,60,1,80
,,,,,,,,,,,,,,,,,,,,,,,,,,,,,,,,,,,,,return,2.05536,HJ,FALSE,,,,,,,168,planta,Catalan,Sounds/cat_planta.mp3,2020-06-04_11h30.01.268,TranslationElicitation_eng,2020.1.2,MacIntel,60,2.05536,1,0,81,60,1,80
,,,,,,,,,,,,,,,,,,,,,,,,,,,,,,,,,,,,,,,,,,,,,,,187,vaixell,Catalan,Sounds/cat_vaixell.mp3,2020-06-04_11h30.01.268,TranslationElicitation_eng,2020.1.2,MacIntel,60,,0,21,21,78,1,
,,,,,,,,,,,,,,,,,,,,,,,,,,,,,,,,,,,,,n,2.690025,N,FALSE,,,,,,,168,planta,Catalan,Sounds/cat_planta.mp3,2020-06-04_11h30.01.268,TranslationElicitation_eng,2020.1.2,MacIntel,60,,1,0,81,60,1,80
,,,,,,,,,,,,,,,,,,,,,,,,,,,,,,,,,,,,,m,2.907875,NM,FALSE,,,,,,,168,planta,Catalan,Sounds/cat_planta.mp3,2020-06-04_11h30.01.268,TranslationElicitation_eng,2020.1.2,MacIntel,60,,1,0,81,60,1,80
,,,,,,,,,,,,,,,,,,,,,,,,,,,,,,,,,,,,,return,2.961605,NM,FALSE,,,,,,,168,planta,Catalan,Sounds/cat_planta.mp3,2020-06-04_11h30.01.268,TranslationElicitation_eng,2020.1.2,MacIntel,60,2.961605,1,0,81,60,1,80
,,,,,,,,,,,,,,,,,,,,,,,,,,,,,,,,,,,,,,,,,,,,,,,173,porc,Catalan,Sounds/cat_porc.mp3,2020-06-04_11h30.01.268,TranslationElicitation_eng,2020.1.2,MacIntel,60,,0,22,22,65,1,
,,,,,,,,,,,,,,,,,,,,,,,,,,,,,,,,,,,,,m,2.891175,M,FALSE,,,,,,,168,planta,Catalan,Sounds/cat_planta.mp3,2020-06-04_11h30.01.268,TranslationElicitation_eng,2020.1.2,MacIntel,60,,1,0,81,60,1,80
,,,,,,,,,,,,,,,,,,,,,,,,,,,,,,,,,,,,,return,3.258535,M,FALSE,,,,,,,168,planta,Catalan,Sounds/cat_planta.mp3,2020-06-04_11h30.01.268,TranslationElicitation_eng,2020.1.2,MacIntel,60,3.258535,1,0,81,60,1,80
,,,,,,,,,,,,,,,,,,,,,,,,,,,,,,,,,,,,,,,,,,,,,,,157,mussol,Catalan,Sounds/cat_mussol.mp3,2020-06-04_11h30.01.268,TranslationElicitation_eng,2020.1.2,MacIntel,60,,0,23,23,50,1,
,,,,,,,,,,,,,,,,,,,,,,,,,,,,,,,,,,,,,b,2.292,B,FALSE,,,,,,,168,planta,Catalan,Sounds/cat_planta.mp3,2020-06-04_11h30.01.268,TranslationElicitation_eng,2020.1.2,MacIntel,60,,1,0,81,60,1,80
,,,,,,,,,,,,,,,,,,,,,,,,,,,,,,,,,,,,,n,2.37231,BN,FALSE,,,,,,,168,planta,Catalan,Sounds/cat_planta.mp3,2020-06-04_11h30.01.268,TranslationElicitation_eng,2020.1.2,MacIntel,60,,1,0,81,60,1,80
,,,,,,,,,,,,,,,,,,,,,,,,,,,,,,,,,,,,,m,2.43928,BNM,FALSE,,,,,,,168,planta,Catalan,Sounds/cat_planta.mp3,2020-06-04_11h30.01.268,TranslationElicitation_eng,2020.1.2,MacIntel,60,,1,0,81,60,1,80
,,,,,,,,,,,,,,,,,,,,,,,,,,,,,,,,,,,,,return,2.622785,BNM,FALSE,,,,,,,168,planta,Catalan,Sounds/cat_planta.mp3,2020-06-04_11h30.01.268,TranslationElicitation_eng,2020.1.2,MacIntel,60,2.622785,1,0,81,60,1,80
,,,,,,,,,,,,,,,,,,,,,,,,,,,,,,,,,,,,,,,,,,,,,,,150,lloro,Catalan,Sounds/cat_lloro.mp3,2020-06-04_11h30.01.268,TranslationElicitation_eng,2020.1.2,MacIntel,60,,0,24,24,43,1,
,,,,,,,,,,,,,,,,,,,,,,,,,,,,,,,,,,,,,n,2.189045,N,FALSE,,,,,,,168,planta,Catalan,Sounds/cat_planta.mp3,2020-06-04_11h30.01.268,TranslationElicitation_eng,2020.1.2,MacIntel,60,,1,0,81,60,1,80
,,,,,,,,,,,,,,,,,,,,,,,,,,,,,,,,,,,,,m,2.372765,NM,FALSE,,,,,,,168,planta,Catalan,Sounds/cat_planta.mp3,2020-06-04_11h30.01.268,TranslationElicitation_eng,2020.1.2,MacIntel,60,,1,0,81,60,1,80
,,,,,,,,,,,,,,,,,,,,,,,,,,,,,,,,,,,,,return,2.55675,NM,FALSE,,,,,,,168,planta,Catalan,Sounds/cat_planta.mp3,2020-06-04_11h30.01.268,TranslationElicitation_eng,2020.1.2,MacIntel,60,2.55675,1,0,81,60,1,80
,,,,,,,,,,,,,,,,,,,,,,,,,,,,,,,,,,,,,,,,,,,,,,,129,dit,Catalan,Sounds/cat_dit.mp3,2020-06-04_11h30.01.268,TranslationElicitation_eng,2020.1.2,MacIntel,60,,0,25,25,23,1,
,,,,,,,,,,,,,,,,,,,,,,,,,,,,,,,,,,,,,b,1.621205,B,FALSE,,,,,,,168,planta,Catalan,Sounds/cat_planta.mp3,2020-06-04_11h30.01.268,TranslationElicitation_eng,2020.1.2,MacIntel,60,,1,0,81,60,1,80
,,,,,,,,,,,,,,,,,,,,,,,,,,,,,,,,,,,,,n,1.752685,BN,FALSE,,,,,,,168,planta,Catalan,Sounds/cat_planta.mp3,2020-06-04_11h30.01.268,TranslationElicitation_eng,2020.1.2,MacIntel,60,,1,0,81,60,1,80
,,,,,,,,,,,,,,,,,,,,,,,,,,,,,,,,,,,,,return,1.98668,BN,FALSE,,,,,,,168,planta,Catalan,Sounds/cat_planta.mp3,2020-06-04_11h30.01.268,TranslationElicitation_eng,2020.1.2,MacIntel,60,1.98668,1,0,81,60,1,80
,,,,,,,,,,,,,,,,,,,,,,,,,,,,,,,,,,,,,,,,,,,,,,,167,pingui,Catalan,Sounds/cat_pingui.mp3,2020-06-04_11h30.01.268,TranslationElicitation_eng,2020.1.2,MacIntel,60,,0,26,26,59,1,
,,,,,,,,,,,,,,,,,,,,,,,,,,,,,,,,,,,,,b,2.088095,B,FALSE,,,,,,,168,planta,Catalan,Sounds/cat_planta.mp3,2020-06-04_11h30.01.268,TranslationElicitation_eng,2020.1.2,MacIntel,60,,1,0,81,60,1,80
,,,,,,,,,,,,,,,,,,,,,,,,,,,,,,,,,,,,,n,2.273005,BN,FALSE,,,,,,,168,planta,Catalan,Sounds/cat_planta.mp3,2020-06-04_11h30.01.268,TranslationElicitation_eng,2020.1.2,MacIntel,60,,1,0,81,60,1,80
,,,,,,,,,,,,,,,,,,,,,,,,,,,,,,,,,,,,,m,2.44188,BNM,FALSE,,,,,,,168,planta,Catalan,Sounds/cat_planta.mp3,2020-06-04_11h30.01.268,TranslationElicitation_eng,2020.1.2,MacIntel,60,,1,0,81,60,1,80
,,,,,,,,,,,,,,,,,,,,,,,,,,,,,,,,,,,,,return,2.516,BNM,FALSE,,,,,,,168,planta,Catalan,Sounds/cat_planta.mp3,2020-06-04_11h30.01.268,TranslationElicitation_eng,2020.1.2,MacIntel,60,2.516,1,0,81,60,1,80
,,,,,,,,,,,,,,,,,,,,,,,,,,,,,,,,,,,,,,,,,,,,,,,160,orella,Catalan,Sounds/cat_orella.mp3,2020-06-04_11h30.01.268,TranslationElicitation_eng,2020.1.2,MacIntel,60,,0,27,27,52,1,
,,,,,,,,,,,,,,,,,,,,,,,,,,,,,,,,,,,,,m,0.90085,M,FALSE,,,,,,,168,planta,Catalan,Sounds/cat_planta.mp3,2020-06-04_11h30.01.268,TranslationElicitation_eng,2020.1.2,MacIntel,60,,1,0,81,60,1,80
,,,,,,,,,,,,,,,,,,,,,,,,,,,,,,,,,,,,,return,1.251345,M,FALSE,,,,,,,168,planta,Catalan,Sounds/cat_planta.mp3,2020-06-04_11h30.01.268,TranslationElicitation_eng,2020.1.2,MacIntel,60,1.251345,1,0,81,60,1,80
,,,,,,,,,,,,,,,,,,,,,,,,,,,,,,,,,,,,,,,,,,,,,,,164,patata,Catalan,Sounds/cat_patata.mp3,2020-06-04_11h30.01.268,TranslationElicitation_eng,2020.1.2,MacIntel,60,,0,28,28,56,1,
,,,,,,,,,,,,,,,,,,,,,,,,,,,,,,,,,,,,,b,1.487265,B,FALSE,,,,,,,168,planta,Catalan,Sounds/cat_planta.mp3,2020-06-04_11h30.01.268,TranslationElicitation_eng,2020.1.2,MacIntel,60,,1,0,81,60,1,80
,,,,,,,,,,,,,,,,,,,,,,,,,,,,,,,,,,,,,n,1.604125,BN,FALSE,,,,,,,168,planta,Catalan,Sounds/cat_planta.mp3,2020-06-04_11h30.01.268,TranslationElicitation_eng,2020.1.2,MacIntel,60,,1,0,81,60,1,80
,,,,,,,,,,,,,,,,,,,,,,,,,,,,,,,,,,,,,m,1.704305,BNM,FALSE,,,,,,,168,planta,Catalan,Sounds/cat_planta.mp3,2020-06-04_11h30.01.268,TranslationElicitation_eng,2020.1.2,MacIntel,60,,1,0,81,60,1,80
,,,,,,,,,,,,,,,,,,,,,,,,,,,,,,,,,,,,,return,1.7897,BNM,FALSE,,,,,,,168,planta,Catalan,Sounds/cat_planta.mp3,2020-06-04_11h30.01.268,TranslationElicitation_eng,2020.1.2,MacIntel,60,1.7897,1,0,81,60,1,80
,,,,,,,,,,,,,,,,,,,,,,,,,,,,,,,,,,,,,,,,,,,,,,,125,colom,Catalan,Sounds/cat_colom.mp3,2020-06-04_11h30.01.268,TranslationElicitation_eng,2020.1.2,MacIntel,60,,0,29,29,20,1,
,,,,,,,,,,,,,,,,,,,,,,,,,,,,,,,,,,,,,k,1.488285,K,FALSE,,,,,,,168,planta,Catalan,Sounds/cat_planta.mp3,2020-06-04_11h30.01.268,TranslationElicitation_eng,2020.1.2,MacIntel,60,,1,0,81,60,1,80
,,,,,,,,,,,,,,,,,,,,,,,,,,,,,,,,,,,,,return,1.67163,K,FALSE,,,,,,,168,planta,Catalan,Sounds/cat_planta.mp3,2020-06-04_11h30.01.268,TranslationElicitation_eng,2020.1.2,MacIntel,60,1.67163,1,0,81,60,1,80
,,,,,,,,,,,,,,,,,,,,,,,,,,,,,,,,,,,,,,,,,,,,,,,174,porta,Catalan,Sounds/cat_porta.mp3,2020-06-04_11h30.01.268,TranslationElicitation_eng,2020.1.2,MacIntel,60,,0,30,30,66,1,
,,,,,,,,,,,,,,,,,,,,,,,,,,,,,,,,,,,,,k,1.620915,K,FALSE,,,,,,,168,planta,Catalan,Sounds/cat_planta.mp3,2020-06-04_11h30.01.268,TranslationElicitation_eng,2020.1.2,MacIntel,60,,1,0,81,60,1,80
,,,,,,,,,,,,,,,,,,,,,,,,,,,,,,,,,,,,,return,1.75286,K,FALSE,,,,,,,168,planta,Catalan,Sounds/cat_planta.mp3,2020-06-04_11h30.01.268,TranslationElicitation_eng,2020.1.2,MacIntel,60,1.75286,1,0,81,60,1,80
,,,,,,,,,,,,,,,,,,,,,,,,,,,,,,,,,,,,,,,,,,,,,,,118,bou,Catalan,Sounds/cat_bou.mp3,2020-06-04_11h30.01.268,TranslationElicitation_eng,2020.1.2,MacIntel,60,,0,31,31,13,1,
,,,,,,,,,,,,,,,,,,,,,,,,,,,,,,,,,,,,,k,1.938405,K,FALSE,,,,,,,168,planta,Catalan,Sounds/cat_planta.mp3,2020-06-04_11h30.01.268,TranslationElicitation_eng,2020.1.2,MacIntel,60,,1,0,81,60,1,80
,,,,,,,,,,,,,,,,,,,,,,,,,,,,,,,,,,,,,return,2.039745,K,FALSE,,,,,,,168,planta,Catalan,Sounds/cat_planta.mp3,2020-06-04_11h30.01.268,TranslationElicitation_eng,2020.1.2,MacIntel,60,2.039745,1,0,81,60,1,80
,,,,,,,,,,,,,,,,,,,,,,,,,,,,,,,,,,,,,,,,,,,,,,,169,plat,Catalan,Sounds/cat_plat.mp3,2020-06-04_11h30.01.268,TranslationElicitation_eng,2020.1.2,MacIntel,60,,0,32,32,61,1,
,,,,,,,,,,,,,,,,,,,,,,,,,,,,,,,,,,,,,l,1.86986,L,FALSE,,,,,,,168,planta,Catalan,Sounds/cat_planta.mp3,2020-06-04_11h30.01.268,TranslationElicitation_eng,2020.1.2,MacIntel,60,,1,0,81,60,1,80
,,,,,,,,,,,,,,,,,,,,,,,,,,,,,,,,,,,,,return,2.03703,L,FALSE,,,,,,,168,planta,Catalan,Sounds/cat_planta.mp3,2020-06-04_11h30.01.268,TranslationElicitation_eng,2020.1.2,MacIntel,60,2.03703,1,0,81,60,1,80
,,,,,,,,,,,,,,,,,,,,,,,,,,,,,,,,,,,,,,,,,,,,,,,177,sol,Catalan,Sounds/cat_sol.mp3,2020-06-04_11h30.01.268,TranslationElicitation_eng,2020.1.2,MacIntel,60,,0,33,33,69,1,
,,,,,,,,,,,,,,,,,,,,,,,,,,,,,,,,,,,,,b,2.374445,B,FALSE,,,,,,,168,planta,Catalan,Sounds/cat_planta.mp3,2020-06-04_11h30.01.268,TranslationElicitation_eng,2020.1.2,MacIntel,60,,1,0,81,60,1,80
,,,,,,,,,,,,,,,,,,,,,,,,,,,,,,,,,,,,,n,2.54131,BN,FALSE,,,,,,,168,planta,Catalan,Sounds/cat_planta.mp3,2020-06-04_11h30.01.268,TranslationElicitation_eng,2020.1.2,MacIntel,60,,1,0,81,60,1,80
,,,,,,,,,,,,,,,,,,,,,,,,,,,,,,,,,,,,,m,2.62357,BNM,FALSE,,,,,,,168,planta,Catalan,Sounds/cat_planta.mp3,2020-06-04_11h30.01.268,TranslationElicitation_eng,2020.1.2,MacIntel,60,,1,0,81,60,1,80
,,,,,,,,,,,,,,,,,,,,,,,,,,,,,,,,,,,,,return,2.824145,BNM,FALSE,,,,,,,168,planta,Catalan,Sounds/cat_planta.mp3,2020-06-04_11h30.01.268,TranslationElicitation_eng,2020.1.2,MacIntel,60,2.824145,1,0,81,60,1,80
,,,,,,,,,,,,,,,,,,,,,,,,,,,,,,,,,,,,,,,,,,,,,,,137,fulla,Catalan,Sounds/cat_fulla.mp3,2020-06-04_11h30.01.268,TranslationElicitation_eng,2020.1.2,MacIntel,60,,0,34,34,31,1,
,,,,,,,,,,,,,,,,,,,,,,,,,,,,,,,,,,,,,b,1.36911,B,FALSE,,,,,,,168,planta,Catalan,Sounds/cat_planta.mp3,2020-06-04_11h30.01.268,TranslationElicitation_eng,2020.1.2,MacIntel,60,,1,0,81,60,1,80
,,,,,,,,,,,,,,,,,,,,,,,,,,,,,,,,,,,,,n,1.469945,BN,FALSE,,,,,,,168,planta,Catalan,Sounds/cat_planta.mp3,2020-06-04_11h30.01.268,TranslationElicitation_eng,2020.1.2,MacIntel,60,,1,0,81,60,1,80
,,,,,,,,,,,,,,,,,,,,,,,,,,,,,,,,,,,,,m,1.55395,BNM,FALSE,,,,,,,168,planta,Catalan,Sounds/cat_planta.mp3,2020-06-04_11h30.01.268,TranslationElicitation_eng,2020.1.2,MacIntel,60,,1,0,81,60,1,80
,,,,,,,,,,,,,,,,,,,,,,,,,,,,,,,,,,,,,return,1.63708,BNM,FALSE,,,,,,,168,planta,Catalan,Sounds/cat_planta.mp3,2020-06-04_11h30.01.268,TranslationElicitation_eng,2020.1.2,MacIntel,60,1.63708,1,0,81,60,1,80
,,,,,,,,,,,,,,,,,,,,,,,,,,,,,,,,,,,,,,,,,,,,,,,152,ma,Catalan,Sounds/cat_ma.mp3,2020-06-04_11h30.01.268,TranslationElicitation_eng,2020.1.2,MacIntel,60,,0,35,35,45,1,
,,,,,,,,,,,,,,,,,,,,,,,,,,,,,,,,,,,,,b,1.973425,B,FALSE,,,,,,,168,planta,Catalan,Sounds/cat_planta.mp3,2020-06-04_11h30.01.268,TranslationElicitation_eng,2020.1.2,MacIntel,60,,1,0,81,60,1,80
,,,,,,,,,,,,,,,,,,,,,,,,,,,,,,,,,,,,,n,2.055395,BN,FALSE,,,,,,,168,planta,Catalan,Sounds/cat_planta.mp3,2020-06-04_11h30.01.268,TranslationElicitation_eng,2020.1.2,MacIntel,60,,1,0,81,60,1,80
,,,,,,,,,,,,,,,,,,,,,,,,,,,,,,,,,,,,,m,2.124355,BNM,FALSE,,,,,,,168,planta,Catalan,Sounds/cat_planta.mp3,2020-06-04_11h30.01.268,TranslationElicitation_eng,2020.1.2,MacIntel,60,,1,0,81,60,1,80
,,,,,,,,,,,,,,,,,,,,,,,,,,,,,,,,,,,,,return,2.15779,BNM,FALSE,,,,,,,168,planta,Catalan,Sounds/cat_planta.mp3,2020-06-04_11h30.01.268,TranslationElicitation_eng,2020.1.2,MacIntel,60,2.15779,1,0,81,60,1,80
,,,,,,,,,,,,,,,,,,,,,,,,,,,,,,,,,,,,,,,,,,,,,,,143,globus,Catalan,Sounds/cat_globus.mp3,2020-06-04_11h30.01.268,TranslationElicitation_eng,2020.1.2,MacIntel,60,,0,36,36,37,1,
,,,,,,,,,,,,,,,,,,,,,,,,,,,,,,,,,,,,,b,1.58757,B,FALSE,,,,,,,168,planta,Catalan,Sounds/cat_planta.mp3,2020-06-04_11h30.01.268,TranslationElicitation_eng,2020.1.2,MacIntel,60,,1,0,81,60,1,80
,,,,,,,,,,,,,,,,,,,,,,,,,,,,,,,,,,,,,n,1.7562,BN,FALSE,,,,,,,168,planta,Catalan,Sounds/cat_planta.mp3,2020-06-04_11h30.01.268,TranslationElicitation_eng,2020.1.2,MacIntel,60,,1,0,81,60,1,80
,,,,,,,,,,,,,,,,,,,,,,,,,,,,,,,,,,,,,m,1.837625,BNM,FALSE,,,,,,,168,planta,Catalan,Sounds/cat_planta.mp3,2020-06-04_11h30.01.268,TranslationElicitation_eng,2020.1.2,MacIntel,60,,1,0,81,60,1,80
,,,,,,,,,,,,,,,,,,,,,,,,,,,,,,,,,,,,,return,1.93929,BNM,FALSE,,,,,,,168,planta,Catalan,Sounds/cat_planta.mp3,2020-06-04_11h30.01.268,TranslationElicitation_eng,2020.1.2,MacIntel,60,1.93929,1,0,81,60,1,80
,,,,,,,,,,,,,,,,,,,,,,,,,,,,,,,,,,,,,,,,,,,,,,,186,ungla,Catalan,Sounds/cat_ungla.mp3,2020-06-04_11h30.01.268,TranslationElicitation_eng,2020.1.2,MacIntel,60,,0,37,37,77,1,
,,,,,,,,,,,,,,,,,,,,,,,,,,,,,,,,,,,,,b,1.739115,B,FALSE,,,,,,,168,planta,Catalan,Sounds/cat_planta.mp3,2020-06-04_11h30.01.268,TranslationElicitation_eng,2020.1.2,MacIntel,60,,1,0,81,60,1,80
,,,,,,,,,,,,,,,,,,,,,,,,,,,,,,,,,,,,,n,1.821885,BN,FALSE,,,,,,,168,planta,Catalan,Sounds/cat_planta.mp3,2020-06-04_11h30.01.268,TranslationElicitation_eng,2020.1.2,MacIntel,60,,1,0,81,60,1,80
,,,,,,,,,,,,,,,,,,,,,,,,,,,,,,,,,,,,,m,1.90732,BNM,FALSE,,,,,,,168,planta,Catalan,Sounds/cat_planta.mp3,2020-06-04_11h30.01.268,TranslationElicitation_eng,2020.1.2,MacIntel,60,,1,0,81,60,1,80
,,,,,,,,,,,,,,,,,,,,,,,,,,,,,,,,,,,,,return,1.975735,BNM,FALSE,,,,,,,168,planta,Catalan,Sounds/cat_planta.mp3,2020-06-04_11h30.01.268,TranslationElicitation_eng,2020.1.2,MacIntel,60,1.975735,1,0,81,60,1,80
,,,,,,,,,,,,,,,,,,,,,,,,,,,,,,,,,,,,,,,,,,,,,,,105,aigua,Catalan,Sounds/cat_aigua.mp3,2020-06-04_11h30.01.268,TranslationElicitation_eng,2020.1.2,MacIntel,60,,0,38,38,1,1,
,,,,,,,,,,,,,,,,,,,,,,,,,,,,,,,,,,,,,b,1.60523,B,FALSE,,,,,,,168,planta,Catalan,Sounds/cat_planta.mp3,2020-06-04_11h30.01.268,TranslationElicitation_eng,2020.1.2,MacIntel,60,,1,0,81,60,1,80
,,,,,,,,,,,,,,,,,,,,,,,,,,,,,,,,,,,,,n,1.80587,BN,FALSE,,,,,,,168,planta,Catalan,Sounds/cat_planta.mp3,2020-06-04_11h30.01.268,TranslationElicitation_eng,2020.1.2,MacIntel,60,,1,0,81,60,1,80
,,,,,,,,,,,,,,,,,,,,,,,,,,,,,,,,,,,,,m,1.871635,BNM,FALSE,,,,,,,168,planta,Catalan,Sounds/cat_planta.mp3,2020-06-04_11h30.01.268,TranslationElicitation_eng,2020.1.2,MacIntel,60,,1,0,81,60,1,80
,,,,,,,,,,,,,,,,,,,,,,,,,,,,,,,,,,,,,return,2.088605,BNM,FALSE,,,,,,,168,planta,Catalan,Sounds/cat_planta.mp3,2020-06-04_11h30.01.268,TranslationElicitation_eng,2020.1.2,MacIntel,60,2.088605,1,0,81,60,1,80
,,,,,,,,,,,,,,,,,,,,,,,,,,,,,,,,,,,,,,,,,,,,,,,112,bici,Catalan,Sounds/cat_bici.mp3,2020-06-04_11h30.01.268,TranslationElicitation_eng,2020.1.2,MacIntel,60,,0,39,39,7,1,
,,,,,,,,,,,,,,,,,,,,,,,,,,,,,,,,,,,,,b,1.687765,B,FALSE,,,,,,,168,planta,Catalan,Sounds/cat_planta.mp3,2020-06-04_11h30.01.268,TranslationElicitation_eng,2020.1.2,MacIntel,60,,1,0,81,60,1,80
,,,,,,,,,,,,,,,,,,,,,,,,,,,,,,,,,,,,,n,1.755335,BN,FALSE,,,,,,,168,planta,Catalan,Sounds/cat_planta.mp3,2020-06-04_11h30.01.268,TranslationElicitation_eng,2020.1.2,MacIntel,60,,1,0,81,60,1,80
,,,,,,,,,,,,,,,,,,,,,,,,,,,,,,,,,,,,,m,1.83877,BNM,FALSE,,,,,,,168,planta,Catalan,Sounds/cat_planta.mp3,2020-06-04_11h30.01.268,TranslationElicitation_eng,2020.1.2,MacIntel,60,,1,0,81,60,1,80
,,,,,,,,,,,,,,,,,,,,,,,,,,,,,,,,,,,,,return,1.957045,BNM,FALSE,,,,,,,168,planta,Catalan,Sounds/cat_planta.mp3,2020-06-04_11h30.01.268,TranslationElicitation_eng,2020.1.2,MacIntel,60,1.957045,1,0,81,60,1,80
,,,,,,,,,,,,,,,,,,,,,,,,,,,,,,,,,,,,,,,,,,,,,,,166,peu,Catalan,Sounds/cat_peu.mp3,2020-06-04_11h30.01.268,TranslationElicitation_eng,2020.1.2,MacIntel,60,,0,40,40,58,1,
,,,,,,,,,,,,,,,,,,,,,,,,,,,,,,,,,,,,,return,3.07186,,FALSE,,,,,,,168,planta,Catalan,Sounds/cat_planta.mp3,2020-06-04_11h30.01.268,TranslationElicitation_eng,2020.1.2,MacIntel,60,3.07186,1,0,81,60,1,80
,,,,,,,,,,,,,,,,,,,,,,,,,,,,,,,,,,,,,,,,,,,,,,,183,tren,Catalan,Sounds/cat_tren.mp3,2020-06-04_11h30.01.268,TranslationElicitation_eng,2020.1.2,MacIntel,60,,0,41,41,74,1,
,,,,,,,,,,,,,,,,,,,,,,,,,,,,,,,,,,,,,b,1.971455,B,FALSE,,,,,,,168,planta,Catalan,Sounds/cat_planta.mp3,2020-06-04_11h30.01.268,TranslationElicitation_eng,2020.1.2,MacIntel,60,,1,0,81,60,1,80
,,,,,,,,,,,,,,,,,,,,,,,,,,,,,,,,,,,,,n,2.15571,BN,FALSE,,,,,,,168,planta,Catalan,Sounds/cat_planta.mp3,2020-06-04_11h30.01.268,TranslationElicitation_eng,2020.1.2,MacIntel,60,,1,0,81,60,1,80
,,,,,,,,,,,,,,,,,,,,,,,,,,,,,,,,,,,,,return,2.492,BN,FALSE,,,,,,,168,planta,Catalan,Sounds/cat_planta.mp3,2020-06-04_11h30.01.268,TranslationElicitation_eng,2020.1.2,MacIntel,60,2.492,1,0,81,60,1,80
,,,,,,,,,,,,,,,,,,,,,,,,,,,,,,,,,,,,,,,,,,,,,,,165,pernil,Catalan,Sounds/cat_pernil.mp3,2020-06-04_11h30.01.268,TranslationElicitation_eng,2020.1.2,MacIntel,60,,0,42,42,57,1,
,,,,,,,,,,,,,,,,,,,,,,,,,,,,,,,,,,,,,return,1.905395,,FALSE,,,,,,,168,planta,Catalan,Sounds/cat_planta.mp3,2020-06-04_11h30.01.268,TranslationElicitation_eng,2020.1.2,MacIntel,60,1.905395,1,0,81,60,1,80
,,,,,,,,,,,,,,,,,,,,,,,,,,,,,,,,,,,,,,,,,,,,,,,140,gat,Catalan,Sounds/cat_gat.mp3,2020-06-04_11h30.01.268,TranslationElicitation_eng,2020.1.2,MacIntel,60,,0,43,43,34,1,
,,,,,,,,,,,,,,,,,,,,,,,,,,,,,,,,,,,,,b,2.155865,B,FALSE,,,,,,,168,planta,Catalan,Sounds/cat_planta.mp3,2020-06-04_11h30.01.268,TranslationElicitation_eng,2020.1.2,MacIntel,60,,1,0,81,60,1,80
,,,,,,,,,,,,,,,,,,,,,,,,,,,,,,,,,,,,,n,2.2394,BN,FALSE,,,,,,,168,planta,Catalan,Sounds/cat_planta.mp3,2020-06-04_11h30.01.268,TranslationElicitation_eng,2020.1.2,MacIntel,60,,1,0,81,60,1,80
,,,,,,,,,,,,,,,,,,,,,,,,,,,,,,,,,,,,,m,2.33947,BNM,FALSE,,,,,,,168,planta,Catalan,Sounds/cat_planta.mp3,2020-06-04_11h30.01.268,TranslationElicitation_eng,2020.1.2,MacIntel,60,,1,0,81,60,1,80
,,,,,,,,,,,,,,,,,,,,,,,,,,,,,,,,,,,,,return,2.58042,BNM,FALSE,,,,,,,168,planta,Catalan,Sounds/cat_planta.mp3,2020-06-04_11h30.01.268,TranslationElicitation_eng,2020.1.2,MacIntel,60,2.58042,1,0,81,60,1,80
,,,,,,,,,,,,,,,,,,,,,,,,,,,,,,,,,,,,,,,,,,,,,,,106,aixeta,Catalan,Sounds/cat_aixeta.mp3,2020-06-04_11h30.01.268,TranslationElicitation_eng,2020.1.2,MacIntel,60,,0,44,44,2,1,
,,,,,,,,,,,,,,,,,,,,,,,,,,,,,,,,,,,,,b,1.471425,B,FALSE,,,,,,,168,planta,Catalan,Sounds/cat_planta.mp3,2020-06-04_11h30.01.268,TranslationElicitation_eng,2020.1.2,MacIntel,60,,1,0,81,60,1,80
,,,,,,,,,,,,,,,,,,,,,,,,,,,,,,,,,,,,,n,1.53788,BN,FALSE,,,,,,,168,planta,Catalan,Sounds/cat_planta.mp3,2020-06-04_11h30.01.268,TranslationElicitation_eng,2020.1.2,MacIntel,60,,1,0,81,60,1,80
,,,,,,,,,,,,,,,,,,,,,,,,,,,,,,,,,,,,,m,1.60342,BNM,FALSE,,,,,,,168,planta,Catalan,Sounds/cat_planta.mp3,2020-06-04_11h30.01.268,TranslationElicitation_eng,2020.1.2,MacIntel,60,,1,0,81,60,1,80
,,,,,,,,,,,,,,,,,,,,,,,,,,,,,,,,,,,,,return,1.80408,BNM,FALSE,,,,,,,168,planta,Catalan,Sounds/cat_planta.mp3,2020-06-04_11h30.01.268,TranslationElicitation_eng,2020.1.2,MacIntel,60,1.80408,1,0,81,60,1,80
,,,,,,,,,,,,,,,,,,,,,,,,,,,,,,,,,,,,,,,,,,,,,,,111,bibero,Catalan,Sounds/cat_bibero.mp3,2020-06-04_11h30.01.268,TranslationElicitation_eng,2020.1.2,MacIntel,60,,0,45,45,6,1,
,,,,,,,,,,,,,,,,,,,,,,,,,,,,,,,,,,,,,g,1.437405,G,FALSE,,,,,,,168,planta,Catalan,Sounds/cat_planta.mp3,2020-06-04_11h30.01.268,TranslationElicitation_eng,2020.1.2,MacIntel,60,,1,0,81,60,1,80
,,,,,,,,,,,,,,,,,,,,,,,,,,,,,,,,,,,,,h,1.50599,GH,FALSE,,,,,,,168,planta,Catalan,Sounds/cat_planta.mp3,2020-06-04_11h30.01.268,TranslationElicitation_eng,2020.1.2,MacIntel,60,,1,0,81,60,1,80
,,,,,,,,,,,,,,,,,,,,,,,,,,,,,,,,,,,,,j,1.571165,GHJ,FALSE,,,,,,,168,planta,Catalan,Sounds/cat_planta.mp3,2020-06-04_11h30.01.268,TranslationElicitation_eng,2020.1.2,MacIntel,60,,1,0,81,60,1,80
,,,,,,,,,,,,,,,,,,,,,,,,,,,,,,,,,,,,,k,1.60621,GHJK,FALSE,,,,,,,168,planta,Catalan,Sounds/cat_planta.mp3,2020-06-04_11h30.01.268,TranslationElicitation_eng,2020.1.2,MacIntel,60,,1,0,81,60,1,80
,,,,,,,,,,,,,,,,,,,,,,,,,,,,,,,,,,,,,return,1.72468,GHJK,FALSE,,,,,,,168,planta,Catalan,Sounds/cat_planta.mp3,2020-06-04_11h30.01.268,TranslationElicitation_eng,2020.1.2,MacIntel,60,1.72468,1,0,81,60,1,80
,,,,,,,,,,,,,,,,,,,,,,,,,,,,,,,,,,,,,,,,,,,,,,,145,got,Catalan,Sounds/cat_got.mp3,2020-06-04_11h30.01.268,TranslationElicitation_eng,2020.1.2,MacIntel,60,,0,46,46,39,1,
,,,,,,,,,,,,,,,,,,,,,,,,,,,,,,,,,,,,,h,2.373185,H,FALSE,,,,,,,168,planta,Catalan,Sounds/cat_planta.mp3,2020-06-04_11h30.01.268,TranslationElicitation_eng,2020.1.2,MacIntel,60,,1,0,81,60,1,80
,,,,,,,,,,,,,,,,,,,,,,,,,,,,,,,,,,,,,j,2.440415,HJ,FALSE,,,,,,,168,planta,Catalan,Sounds/cat_planta.mp3,2020-06-04_11h30.01.268,TranslationElicitation_eng,2020.1.2,MacIntel,60,,1,0,81,60,1,80
,,,,,,,,,,,,,,,,,,,,,,,,,,,,,,,,,,,,,k,2.506445,HJK,FALSE,,,,,,,168,planta,Catalan,Sounds/cat_planta.mp3,2020-06-04_11h30.01.268,TranslationElicitation_eng,2020.1.2,MacIntel,60,,1,0,81,60,1,80
,,,,,,,,,,,,,,,,,,,,,,,,,,,,,,,,,,,,,return,2.65701,HJK,FALSE,,,,,,,168,planta,Catalan,Sounds/cat_planta.mp3,2020-06-04_11h30.01.268,TranslationElicitation_eng,2020.1.2,MacIntel,60,2.65701,1,0,81,60,1,80
,,,,,,,,,,,,,,,,,,,,,,,,,,,,,,,,,,,,,,,,,,,,,,,151,lluna,Catalan,Sounds/cat_lluna.mp3,2020-06-04_11h30.01.268,TranslationElicitation_eng,2020.1.2,MacIntel,60,,0,47,47,44,1,
,,,,,,,,,,,,,,,,,,,,,,,,,,,,,,,,,,,,,h,2.55623,H,FALSE,,,,,,,168,planta,Catalan,Sounds/cat_planta.mp3,2020-06-04_11h30.01.268,TranslationElicitation_eng,2020.1.2,MacIntel,60,,1,0,81,60,1,80
,,,,,,,,,,,,,,,,,,,,,,,,,,,,,,,,,,,,,j,2.62355,HJ,FALSE,,,,,,,168,planta,Catalan,Sounds/cat_planta.mp3,2020-06-04_11h30.01.268,TranslationElicitation_eng,2020.1.2,MacIntel,60,,1,0,81,60,1,80
,,,,,,,,,,,,,,,,,,,,,,,,,,,,,,,,,,,,,k,2.72531,HJK,FALSE,,,,,,,168,planta,Catalan,Sounds/cat_planta.mp3,2020-06-04_11h30.01.268,TranslationElicitation_eng,2020.1.2,MacIntel,60,,1,0,81,60,1,80
,,,,,,,,,,,,,,,,,,,,,,,,,,,,,,,,,,,,,return,3.210405,HJK,FALSE,,,,,,,168,planta,Catalan,Sounds/cat_planta.mp3,2020-06-04_11h30.01.268,TranslationElicitation_eng,2020.1.2,MacIntel,60,3.210405,1,0,81,60,1,80
,,,,,,,,,,,,,,,,,,,,,,,,,,,,,,,,,,,,,,,,,,,,,,,117,boto,Catalan,Sounds/cat_boto.mp3,2020-06-04_11h30.01.268,TranslationElicitation_eng,2020.1.2,MacIntel,60,,0,48,48,12,1,
,,,,,,,,,,,,,,,,,,,,,,,,,,,,,,,,,,,,,g,1.302135,G,FALSE,,,,,,,168,planta,Catalan,Sounds/cat_planta.mp3,2020-06-04_11h30.01.268,TranslationElicitation_eng,2020.1.2,MacIntel,60,,1,0,81,60,1,80
,,,,,,,,,,,,,,,,,,,,,,,,,,,,,,,,,,,,,h,1.38666,GH,FALSE,,,,,,,168,planta,Catalan,Sounds/cat_planta.mp3,2020-06-04_11h30.01.268,TranslationElicitation_eng,2020.1.2,MacIntel,60,,1,0,81,60,1,80
,,,,,,,,,,,,,,,,,,,,,,,,,,,,,,,,,,,,,j,1.47161,GHJ,FALSE,,,,,,,168,planta,Catalan,Sounds/cat_planta.mp3,2020-06-04_11h30.01.268,TranslationElicitation_eng,2020.1.2,MacIntel,60,,1,0,81,60,1,80
,,,,,,,,,,,,,,,,,,,,,,,,,,,,,,,,,,,,,return,1.76964,GHJ,FALSE,,,,,,,168,planta,Catalan,Sounds/cat_planta.mp3,2020-06-04_11h30.01.268,TranslationElicitation_eng,2020.1.2,MacIntel,60,1.76964,1,0,81,60,1,80
,,,,,,,,,,,,,,,,,,,,,,,,,,,,,,,,,,,,,,,,,,,,,,,180,tisores,Catalan,Sounds/cat_tisores.mp3,2020-06-04_11h30.01.268,TranslationElicitation_eng,2020.1.2,MacIntel,60,,0,49,49,71,1,
,,,,,,,,,,,,,,,,,,,,,,,,,,,,,,,,,,,,,g,1.85348,G,FALSE,,,,,,,168,planta,Catalan,Sounds/cat_planta.mp3,2020-06-04_11h30.01.268,TranslationElicitation_eng,2020.1.2,MacIntel,60,,1,0,81,60,1,80
,,,,,,,,,,,,,,,,,,,,,,,,,,,,,,,,,,,,,h,1.90317,GH,FALSE,,,,,,,168,planta,Catalan,Sounds/cat_planta.mp3,2020-06-04_11h30.01.268,TranslationElicitation_eng,2020.1.2,MacIntel,60,,1,0,81,60,1,80
,,,,,,,,,,,,,,,,,,,,,,,,,,,,,,,,,,,,,j,2.022035,GHJ,FALSE,,,,,,,168,planta,Catalan,Sounds/cat_planta.mp3,2020-06-04_11h30.01.268,TranslationElicitation_eng,2020.1.2,MacIntel,60,,1,0,81,60,1,80
,,,,,,,,,,,,,,,,,,,,,,,,,,,,,,,,,,,,,return,2.31229,GHJ,FALSE,,,,,,,168,planta,Catalan,Sounds/cat_planta.mp3,2020-06-04_11h30.01.268,TranslationElicitation_eng,2020.1.2,MacIntel,60,2.31229,1,0,81,60,1,80
,,,,,,,,,,,,,,,,,,,,,,,,,,,,,,,,,,,,,,,,,,,,,,,120,cama,Catalan,Sounds/cat_cama.mp3,2020-06-04_11h30.01.268,TranslationElicitation_eng,2020.1.2,MacIntel,60,,0,50,50,15,1,
,,,,,,,,,,,,,,,,,,,,,,,,,,,,,,,,,,,,,b,1.25135,B,FALSE,,,,,,,168,planta,Catalan,Sounds/cat_planta.mp3,2020-06-04_11h30.01.268,TranslationElicitation_eng,2020.1.2,MacIntel,60,,1,0,81,60,1,80
,,,,,,,,,,,,,,,,,,,,,,,,,,,,,,,,,,,,,n,1.31832,BN,FALSE,,,,,,,168,planta,Catalan,Sounds/cat_planta.mp3,2020-06-04_11h30.01.268,TranslationElicitation_eng,2020.1.2,MacIntel,60,,1,0,81,60,1,80
,,,,,,,,,,,,,,,,,,,,,,,,,,,,,,,,,,,,,m,1.41843,BNM,FALSE,,,,,,,168,planta,Catalan,Sounds/cat_planta.mp3,2020-06-04_11h30.01.268,TranslationElicitation_eng,2020.1.2,MacIntel,60,,1,0,81,60,1,80
,,,,,,,,,,,,,,,,,,,,,,,,,,,,,,,,,,,,,return,1.769475,BNM,FALSE,,,,,,,168,planta,Catalan,Sounds/cat_planta.mp3,2020-06-04_11h30.01.268,TranslationElicitation_eng,2020.1.2,MacIntel,60,1.769475,1,0,81,60,1,80
,,,,,,,,,,,,,,,,,,,,,,,,,,,,,,,,,,,,,,,,,,,,,,,135,formiga,Catalan,Sounds/cat_formiga.mp3,2020-06-04_11h30.01.268,TranslationElicitation_eng,2020.1.2,MacIntel,60,,0,51,51,29,1,
,,,,,,,,,,,,,,,,,,,,,,,,,,,,,,,,,,,,,b,1.886725,B,FALSE,,,,,,,168,planta,Catalan,Sounds/cat_planta.mp3,2020-06-04_11h30.01.268,TranslationElicitation_eng,2020.1.2,MacIntel,60,,1,0,81,60,1,80
,,,,,,,,,,,,,,,,,,,,,,,,,,,,,,,,,,,,,h,1.98921,BH,FALSE,,,,,,,168,planta,Catalan,Sounds/cat_planta.mp3,2020-06-04_11h30.01.268,TranslationElicitation_eng,2020.1.2,MacIntel,60,,1,0,81,60,1,80
,,,,,,,,,,,,,,,,,,,,,,,,,,,,,,,,,,,,,n,2.003525,BHN,FALSE,,,,,,,168,planta,Catalan,Sounds/cat_planta.mp3,2020-06-04_11h30.01.268,TranslationElicitation_eng,2020.1.2,MacIntel,60,,1,0,81,60,1,80
,,,,,,,,,,,,,,,,,,,,,,,,,,,,,,,,,,,,,j,2.07087,BHNJ,FALSE,,,,,,,168,planta,Catalan,Sounds/cat_planta.mp3,2020-06-04_11h30.01.268,TranslationElicitation_eng,2020.1.2,MacIntel,60,,1,0,81,60,1,80
,,,,,,,,,,,,,,,,,,,,,,,,,,,,,,,,,,,,,k,2.171205,BHNJK,FALSE,,,,,,,168,planta,Catalan,Sounds/cat_planta.mp3,2020-06-04_11h30.01.268,TranslationElicitation_eng,2020.1.2,MacIntel,60,,1,0,81,60,1,80
,,,,,,,,,,,,,,,,,,,,,,,,,,,,,,,,,,,,,return,2.321365,BHNJK,FALSE,,,,,,,168,planta,Catalan,Sounds/cat_planta.mp3,2020-06-04_11h30.01.268,TranslationElicitation_eng,2020.1.2,MacIntel,60,2.321365,1,0,81,60,1,80
,,,,,,,,,,,,,,,,,,,,,,,,,,,,,,,,,,,,,,,,,,,,,,,119,caixa,Catalan,Sounds/cat_caixa.mp3,2020-06-04_11h30.01.268,TranslationElicitation_eng,2020.1.2,MacIntel,60,,0,52,52,14,1,
,,,,,,,,,,,,,,,,,,,,,,,,,,,,,,,,,,,,,return,1.621175,,FALSE,,,,,,,168,planta,Catalan,Sounds/cat_planta.mp3,2020-06-04_11h30.01.268,TranslationElicitation_eng,2020.1.2,MacIntel,60,1.621175,1,0,81,60,1,80
,,,,,,,,,,,,,,,,,,,,,,,,,,,,,,,,,,,,,,,,,,,,,,,148,lleo,Catalan,Sounds/cat_lleo.mp3,2020-06-04_11h30.01.268,TranslationElicitation_eng,2020.1.2,MacIntel,60,,0,53,53,41,1,
,,,,,,,,,,,,,,,,,,,,,,,,,,,,,,,,,,,,,h,1.88819,H,FALSE,,,,,,,168,planta,Catalan,Sounds/cat_planta.mp3,2020-06-04_11h30.01.268,TranslationElicitation_eng,2020.1.2,MacIntel,60,,1,0,81,60,1,80
,,,,,,,,,,,,,,,,,,,,,,,,,,,,,,,,,,,,,j,1.9557,HJ,FALSE,,,,,,,168,planta,Catalan,Sounds/cat_planta.mp3,2020-06-04_11h30.01.268,TranslationElicitation_eng,2020.1.2,MacIntel,60,,1,0,81,60,1,80
,,,,,,,,,,,,,,,,,,,,,,,,,,,,,,,,,,,,,k,2.02207,HJK,FALSE,,,,,,,168,planta,Catalan,Sounds/cat_planta.mp3,2020-06-04_11h30.01.268,TranslationElicitation_eng,2020.1.2,MacIntel,60,,1,0,81,60,1,80
,,,,,,,,,,,,,,,,,,,,,,,,,,,,,,,,,,,,,return,2.17408,HJK,FALSE,,,,,,,168,planta,Catalan,Sounds/cat_planta.mp3,2020-06-04_11h30.01.268,TranslationElicitation_eng,2020.1.2,MacIntel,60,2.17408,1,0,81,60,1,80
,,,,,,,,,,,,,,,,,,,,,,,,,,,,,,,,,,,,,,,,,,,,,,,114,bol,Catalan,Sounds/cat_bol.mp3,2020-06-04_11h30.01.268,TranslationElicitation_eng,2020.1.2,MacIntel,60,,0,54,54,9,1,
,,,,,,,,,,,,,,,,,,,,,,,,,,,,,,,,,,,,,g,1.955865,G,FALSE,,,,,,,168,planta,Catalan,Sounds/cat_planta.mp3,2020-06-04_11h30.01.268,TranslationElicitation_eng,2020.1.2,MacIntel,60,,1,0,81,60,1,80
,,,,,,,,,,,,,,,,,,,,,,,,,,,,,,,,,,,,,h,2.072675,GH,FALSE,,,,,,,168,planta,Catalan,Sounds/cat_planta.mp3,2020-06-04_11h30.01.268,TranslationElicitation_eng,2020.1.2,MacIntel,60,,1,0,81,60,1,80
,,,,,,,,,,,,,,,,,,,,,,,,,,,,,,,,,,,,,j,2.13899,GHJ,FALSE,,,,,,,168,planta,Catalan,Sounds/cat_planta.mp3,2020-06-04_11h30.01.268,TranslationElicitation_eng,2020.1.2,MacIntel,60,,1,0,81,60,1,80
,,,,,,,,,,,,,,,,,,,,,,,,,,,,,,,,,,,,,k,2.20772,GHJK,FALSE,,,,,,,168,planta,Catalan,Sounds/cat_planta.mp3,2020-06-04_11h30.01.268,TranslationElicitation_eng,2020.1.2,MacIntel,60,,1,0,81,60,1,80
,,,,,,,,,,,,,,,,,,,,,,,,,,,,,,,,,,,,,l,2.306145,GHJKL,FALSE,,,,,,,168,planta,Catalan,Sounds/cat_planta.mp3,2020-06-04_11h30.01.268,TranslationElicitation_eng,2020.1.2,MacIntel,60,,1,0,81,60,1,80
,,,,,,,,,,,,,,,,,,,,,,,,,,,,,,,,,,,,,return,2.5435,GHJKL,FALSE,,,,,,,168,planta,Catalan,Sounds/cat_planta.mp3,2020-06-04_11h30.01.268,TranslationElicitation_eng,2020.1.2,MacIntel,60,2.5435,1,0,81,60,1,80
,,,,,,,,,,,,,,,,,,,,,,,,,,,,,,,,,,,,,,,,,,,,,,,128,cuc,Catalan,Sounds/cat_cuc.mp3,2020-06-04_11h30.01.268,TranslationElicitation_eng,2020.1.2,MacIntel,60,,0,55,55,22,1,
,,,,,,,,,,,,,,,,,,,,,,,,,,,,,,,,,,,,,h,1.57152,H,FALSE,,,,,,,168,planta,Catalan,Sounds/cat_planta.mp3,2020-06-04_11h30.01.268,TranslationElicitation_eng,2020.1.2,MacIntel,60,,1,0,81,60,1,80
,,,,,,,,,,,,,,,,,,,,,,,,,,,,,,,,,,,,,j,1.635545,HJ,FALSE,,,,,,,168,planta,Catalan,Sounds/cat_planta.mp3,2020-06-04_11h30.01.268,TranslationElicitation_eng,2020.1.2,MacIntel,60,,1,0,81,60,1,80
,,,,,,,,,,,,,,,,,,,,,,,,,,,,,,,,,,,,,k,1.720025,HJK,FALSE,,,,,,,168,planta,Catalan,Sounds/cat_planta.mp3,2020-06-04_11h30.01.268,TranslationElicitation_eng,2020.1.2,MacIntel,60,,1,0,81,60,1,80
,,,,,,,,,,,,,,,,,,,,,,,,,,,,,,,,,,,,,return,1.75249,HJK,FALSE,,,,,,,168,planta,Catalan,Sounds/cat_planta.mp3,2020-06-04_11h30.01.268,TranslationElicitation_eng,2020.1.2,MacIntel,60,1.75249,1,0,81,60,1,80
,,,,,,,,,,,,,,,,,,,,,,,,,,,,,,,,,,,,,,,,,,,,,,,134,flor,Catalan,Sounds/cat_flor.mp3,2020-06-04_11h30.01.268,TranslationElicitation_eng,2020.1.2,MacIntel,60,,0,56,56,28,1,
,,,,,,,,,,,,,,,,,,,,,,,,,,,,,,,,,,,,,t,1.235905,T,FALSE,,,,,,,168,planta,Catalan,Sounds/cat_planta.mp3,2020-06-04_11h30.01.268,TranslationElicitation_eng,2020.1.2,MacIntel,60,,1,0,81,60,1,80
,,,,,,,,,,,,,,,,,,,,,,,,,,,,,,,,,,,,,return,1.320145,T,FALSE,,,,,,,168,planta,Catalan,Sounds/cat_planta.mp3,2020-06-04_11h30.01.268,TranslationElicitation_eng,2020.1.2,MacIntel,60,1.320145,1,0,81,60,1,80
,,,,,,,,,,,,,,,,,,,,,,,,,,,,,,,,,,,,,,,,,,,,,,,161,ovella,Catalan,Sounds/cat_ovella.mp3,2020-06-04_11h30.01.268,TranslationElicitation_eng,2020.1.2,MacIntel,60,,0,57,57,53,1,
,,,,,,,,,,,,,,,,,,,,,,,,,,,,,,,,,,,,,b,1.53731,B,FALSE,,,,,,,168,planta,Catalan,Sounds/cat_planta.mp3,2020-06-04_11h30.01.268,TranslationElicitation_eng,2020.1.2,MacIntel,60,,1,0,81,60,1,80
,,,,,,,,,,,,,,,,,,,,,,,,,,,,,,,,,,,,,h,1.587545,BH,FALSE,,,,,,,168,planta,Catalan,Sounds/cat_planta.mp3,2020-06-04_11h30.01.268,TranslationElicitation_eng,2020.1.2,MacIntel,60,,1,0,81,60,1,80
,,,,,,,,,,,,,,,,,,,,,,,,,,,,,,,,,,,,,j,1.671055,BHJ,FALSE,,,,,,,168,planta,Catalan,Sounds/cat_planta.mp3,2020-06-04_11h30.01.268,TranslationElicitation_eng,2020.1.2,MacIntel,60,,1,0,81,60,1,80
,,,,,,,,,,,,,,,,,,,,,,,,,,,,,,,,,,,,,return,1.68771,BHJ,FALSE,,,,,,,168,planta,Catalan,Sounds/cat_planta.mp3,2020-06-04_11h30.01.268,TranslationElicitation_eng,2020.1.2,MacIntel,60,1.68771,1,0,81,60,1,80
,,,,,,,,,,,,,,,,,,,,,,,,,,,,,,,,,,,,,,,,,,,,,,,182,tomaquet,Catalan,Sounds/cat_tomaquet.mp3,2020-06-04_11h30.01.268,TranslationElicitation_eng,2020.1.2,MacIntel,60,,0,58,58,73,1,
,,,,,,,,,,,,,,,,,,,,,,,,,,,,,,,,,,,,,b,1.35383,B,FALSE,,,,,,,168,planta,Catalan,Sounds/cat_planta.mp3,2020-06-04_11h30.01.268,TranslationElicitation_eng,2020.1.2,MacIntel,60,,1,0,81,60,1,80
,,,,,,,,,,,,,,,,,,,,,,,,,,,,,,,,,,,,,n,1.48706,BN,FALSE,,,,,,,168,planta,Catalan,Sounds/cat_planta.mp3,2020-06-04_11h30.01.268,TranslationElicitation_eng,2020.1.2,MacIntel,60,,1,0,81,60,1,80
,,,,,,,,,,,,,,,,,,,,,,,,,,,,,,,,,,,,,return,1.504375,BN,FALSE,,,,,,,168,planta,Catalan,Sounds/cat_planta.mp3,2020-06-04_11h30.01.268,TranslationElicitation_eng,2020.1.2,MacIntel,60,1.504375,1,0,81,60,1,80
,,,,,,,,,,,,,,,,,,,,,,,,,,,,,,,,,,,,,,,,,,,,,,,163,papallona,Catalan,Sounds/cat_papallona.mp3,2020-06-04_11h30.01.268,TranslationElicitation_eng,2020.1.2,MacIntel,60,,0,59,59,55,1,
,,,,,,,,,,,,,,,,,,,,,,,,,,,,,,,,,,,,,n,1.886975,N,FALSE,,,,,,,168,planta,Catalan,Sounds/cat_planta.mp3,2020-06-04_11h30.01.268,TranslationElicitation_eng,2020.1.2,MacIntel,60,,1,0,81,60,1,80
,,,,,,,,,,,,,,,,,,,,,,,,,,,,,,,,,,,,,m,1.97097,NM,FALSE,,,,,,,168,planta,Catalan,Sounds/cat_planta.mp3,2020-06-04_11h30.01.268,TranslationElicitation_eng,2020.1.2,MacIntel,60,,1,0,81,60,1,80
,,,,,,,,,,,,,,,,,,,,,,,,,,,,,,,,,,,,,k,2.054785,NMK,FALSE,,,,,,,168,planta,Catalan,Sounds/cat_planta.mp3,2020-06-04_11h30.01.268,TranslationElicitation_eng,2020.1.2,MacIntel,60,,1,0,81,60,1,80
,,,,,,,,,,,,,,,,,,,,,,,,,,,,,,,,,,,,,return,2.070845,NMK,FALSE,,,,,,,168,planta,Catalan,Sounds/cat_planta.mp3,2020-06-04_11h30.01.268,TranslationElicitation_eng,2020.1.2,MacIntel,60,2.070845,1,0,81,60,1,80
,,,,,,,,,,,,,,,,,,,,,,,,,,,,,,,,,,,,,,,,,,,,,,,175,raspall,Catalan,Sounds/cat_raspall.mp3,2020-06-04_11h30.01.268,TranslationElicitation_eng,2020.1.2,MacIntel,60,,0,60,60,67,1,
,,,,,,,,,,,,,,,,,,,,,,,,,,,,,,,,,,,,,n,1.68577,N,FALSE,,,,,,,168,planta,Catalan,Sounds/cat_planta.mp3,2020-06-04_11h30.01.268,TranslationElicitation_eng,2020.1.2,MacIntel,60,,1,0,81,60,1,80
,,,,,,,,,,,,,,,,,,,,,,,,,,,,,,,,,,,,,return,1.75446,N,FALSE,,,,,,,168,planta,Catalan,Sounds/cat_planta.mp3,2020-06-04_11h30.01.268,TranslationElicitation_eng,2020.1.2,MacIntel,60,1.75446,1,0,81,60,1,80
,,,,,,,,,,,,,,,,,,,,,,,,,,,,,,,,,,,,,,,,,,,,,,,141,gerd,Catalan,Sounds/cat_gerd.mp3,2020-06-04_11h30.01.268,TranslationElicitation_eng,2020.1.2,MacIntel,60,,0,61,61,35,1,
,,,,,,,,,,,,,,,,,,,,,,,,,,,,,,,,,,,,,return,1.303305,,FALSE,,,,,,,168,planta,Catalan,Sounds/cat_planta.mp3,2020-06-04_11h30.01.268,TranslationElicitation_eng,2020.1.2,MacIntel,60,1.303305,1,0,81,60,1,80
,,,,,,,,,,,,,,,,,,,,,,,,,,,,,,,,,,,,,,,,,,,,,,,113,boca,Catalan,Sounds/cat_boca.mp3,2020-06-04_11h30.01.268,TranslationElicitation_eng,2020.1.2,MacIntel,60,,0,62,62,8,1,
,,,,,,,,,,,,,,,,,,,,,,,,,,,,,,,,,,,,,return,1.48628,,FALSE,,,,,,,168,planta,Catalan,Sounds/cat_planta.mp3,2020-06-04_11h30.01.268,TranslationElicitation_eng,2020.1.2,MacIntel,60,1.48628,1,0,81,60,1,80
,,,,,,,,,,,,,,,,,,,,,,,,,,,,,,,,,,,,,,,,,,,,,,,153,mico,Catalan,Sounds/cat_mico.mp3,2020-06-04_11h30.01.268,TranslationElicitation_eng,2020.1.2,MacIntel,60,,0,63,63,46,1,
,,,,,,,,,,,,,,,,,,,,,,,,,,,,,,,,,,,,,t,1.339235,T,FALSE,,,,,,,168,planta,Catalan,Sounds/cat_planta.mp3,2020-06-04_11h30.01.268,TranslationElicitation_eng,2020.1.2,MacIntel,60,,1,0,81,60,1,80
,,,,,,,,,,,,,,,,,,,,,,,,,,,,,,,,,,,,,y,1.42126,TY,FALSE,,,,,,,168,planta,Catalan,Sounds/cat_planta.mp3,2020-06-04_11h30.01.268,TranslationElicitation_eng,2020.1.2,MacIntel,60,,1,0,81,60,1,80
,,,,,,,,,,,,,,,,,,,,,,,,,,,,,,,,,,,,,return,1.489985,TY,FALSE,,,,,,,168,planta,Catalan,Sounds/cat_planta.mp3,2020-06-04_11h30.01.268,TranslationElicitation_eng,2020.1.2,MacIntel,60,1.489985,1,0,81,60,1,80
,,,,,,,,,,,,,,,,,,,,,,,,,,,,,,,,,,,,,,,,,,,,,,,108,ampolla,Catalan,Sounds/cat_ampolla.mp3,2020-06-04_11h30.01.268,TranslationElicitation_eng,2020.1.2,MacIntel,60,,0,64,64,4,1,
,,,,,,,,,,,,,,,,,,,,,,,,,,,,,,,,,,,,,o,1.436525,O,FALSE,,,,,,,168,planta,Catalan,Sounds/cat_planta.mp3,2020-06-04_11h30.01.268,TranslationElicitation_eng,2020.1.2,MacIntel,60,,1,0,81,60,1,80
,,,,,,,,,,,,,,,,,,,,,,,,,,,,,,,,,,,,,apostrophe,1.75511,O',FALSE,,,,,,,168,planta,Catalan,Sounds/cat_planta.mp3,2020-06-04_11h30.01.268,TranslationElicitation_eng,2020.1.2,MacIntel,60,,1,0,81,60,1,80
,,,,,,,,,,,,,,,,,,,,,,,,,,,,,,,,,,,,,o,2.05717,O'O,FALSE,,,,,,,168,planta,Catalan,Sounds/cat_planta.mp3,2020-06-04_11h30.01.268,TranslationElicitation_eng,2020.1.2,MacIntel,60,,1,0,81,60,1,80
,,,,,,,,,,,,,,,,,,,,,,,,,,,,,,,,,,,,,return,2.493685,O'O,FALSE,,,,,,,168,planta,Catalan,Sounds/cat_planta.mp3,2020-06-04_11h30.01.268,TranslationElicitation_eng,2020.1.2,MacIntel,60,2.493685,1,0,81,60,1,80
,,,,,,,,,,,,,,,,,,,,,,,,,,,,,,,,,,,,,,,,,,,,,,,162,pa,Catalan,Sounds/cat_pa.mp3,2020-06-04_11h30.01.268,TranslationElicitation_eng,2020.1.2,MacIntel,60,,0,65,65,54,1,
,,,,,,,,,,,,,,,,,,,,,,,,,,,,,,,,,,,,,o,1.43528,O,FALSE,,,,,,,168,planta,Catalan,Sounds/cat_planta.mp3,2020-06-04_11h30.01.268,TranslationElicitation_eng,2020.1.2,MacIntel,60,,1,0,81,60,1,80
,,,,,,,,,,,,,,,,,,,,,,,,,,,,,,,,,,,,,o,2.28915,OO,FALSE,,,,,,,168,planta,Catalan,Sounds/cat_planta.mp3,2020-06-04_11h30.01.268,TranslationElicitation_eng,2020.1.2,MacIntel,60,,1,0,81,60,1,80
,,,,,,,,,,,,,,,,,,,,,,,,,,,,,,,,,,,,,return,2.72166,OO,FALSE,,,,,,,168,planta,Catalan,Sounds/cat_planta.mp3,2020-06-04_11h30.01.268,TranslationElicitation_eng,2020.1.2,MacIntel,60,2.72166,1,0,81,60,1,80
,,,,,,,,,,,,,,,,,,,,,,,,,,,,,,,,,,,,,,,,,,,,,,,176,samarreta,Catalan,Sounds/cat_samarreta.mp3,2020-06-04_11h30.01.268,TranslationElicitation_eng,2020.1.2,MacIntel,60,,0,66,66,68,1,
,,,,,,,,,,,,,,,,,,,,,,,,,,,,,,,,,,,,,return,1.470005,,FALSE,,,,,,,168,planta,Catalan,Sounds/cat_planta.mp3,2020-06-04_11h30.01.268,TranslationElicitation_eng,2020.1.2,MacIntel,60,1.470005,1,0,81,60,1,80
,,,,,,,,,,,,,,,,,,,,,,,,,,,,,,,,,,,,,,,,,,,,,,,122,casa,Catalan,Sounds/cat_casa.mp3,2020-06-04_11h30.01.268,TranslationElicitation_eng,2020.1.2,MacIntel,60,,0,67,67,17,1,
,,,,,,,,,,,,,,,,,,,,,,,,,,,,,,,,,,,,,return,1.788425,,FALSE,,,,,,,168,planta,Catalan,Sounds/cat_planta.mp3,2020-06-04_11h30.01.268,TranslationElicitation_eng,2020.1.2,MacIntel,60,1.788425,1,0,81,60,1,80
,,,,,,,,,,,,,,,,,,,,,,,,,,,,,,,,,,,,,,,,,,,,,,,170,ploma,Catalan,Sounds/cat_ploma.mp3,2020-06-04_11h30.01.268,TranslationElicitation_eng,2020.1.2,MacIntel,60,,0,68,68,62,1,
,,,,,,,,,,,,,,,,,,,,,,,,,,,,,,,,,,,,,space,1.77317, ,FALSE,,,,,,,168,planta,Catalan,Sounds/cat_planta.mp3,2020-06-04_11h30.01.268,TranslationElicitation_eng,2020.1.2,MacIntel,60,,1,0,81,60,1,80
,,,,,,,,,,,,,,,,,,,,,,,,,,,,,,,,,,,,,space,1.889135,  ,FALSE,,,,,,,168,planta,Catalan,Sounds/cat_planta.mp3,2020-06-04_11h30.01.268,TranslationElicitation_eng,2020.1.2,MacIntel,60,,1,0,81,60,1,80
,,,,,,,,,,,,,,,,,,,,,,,,,,,,,,,,,,,,,j,2.106605,  J,FALSE,,,,,,,168,planta,Catalan,Sounds/cat_planta.mp3,2020-06-04_11h30.01.268,TranslationElicitation_eng,2020.1.2,MacIntel,60,,1,0,81,60,1,80
,,,,,,,,,,,,,,,,,,,,,,,,,,,,,,,,,,,,,return,2.37768,  J,FALSE,,,,,,,168,planta,Catalan,Sounds/cat_planta.mp3,2020-06-04_11h30.01.268,TranslationElicitation_eng,2020.1.2,MacIntel,60,2.37768,1,0,81,60,1,80
,,,,,,,,,,,,,,,,,,,,,,,,,,,,,,,,,,,,,,,,,,,,,,,133,estruc,Catalan,Sounds/cat_estruc.mp3,2020-06-04_11h30.01.268,TranslationElicitation_eng,2020.1.2,MacIntel,60,,0,69,69,27,1,
,,,,,,,,,,,,,,,,,,,,,,,,,,,,,,,,,,,,,o,1.92168,O,FALSE,,,,,,,168,planta,Catalan,Sounds/cat_planta.mp3,2020-06-04_11h30.01.268,TranslationElicitation_eng,2020.1.2,MacIntel,60,,1,0,81,60,1,80
,,,,,,,,,,,,,,,,,,,,,,,,,,,,,,,,,,,,,return,2.27306,O,FALSE,,,,,,,168,planta,Catalan,Sounds/cat_planta.mp3,2020-06-04_11h30.01.268,TranslationElicitation_eng,2020.1.2,MacIntel,60,2.27306,1,0,81,60,1,80
,,,,,,,,,,,,,,,,,,,,,,,,,,,,,,,,,,,,,,,,,,,,,,,132,estrella,Catalan,Sounds/cat_estrella.mp3,2020-06-04_11h30.01.268,TranslationElicitation_eng,2020.1.2,MacIntel,60,,0,70,70,26,1,
,,,,,,,,,,,,,,,,,,,,,,,,,,,,,,,,,,,,,j,1.97103,J,FALSE,,,,,,,168,planta,Catalan,Sounds/cat_planta.mp3,2020-06-04_11h30.01.268,TranslationElicitation_eng,2020.1.2,MacIntel,60,,1,0,81,60,1,80
,,,,,,,,,,,,,,,,,,,,,,,,,,,,,,,,,,,,,j,2.1049,JJ,FALSE,,,,,,,168,planta,Catalan,Sounds/cat_planta.mp3,2020-06-04_11h30.01.268,TranslationElicitation_eng,2020.1.2,MacIntel,60,,1,0,81,60,1,80
,,,,,,,,,,,,,,,,,,,,,,,,,,,,,,,,,,,,,j,2.257795,JJJ,FALSE,,,,,,,168,planta,Catalan,Sounds/cat_planta.mp3,2020-06-04_11h30.01.268,TranslationElicitation_eng,2020.1.2,MacIntel,60,,1,0,81,60,1,80
,,,,,,,,,,,,,,,,,,,,,,,,,,,,,,,,,,,,,backspace,2.55541,JJ,TRUE,,,,,,,168,planta,Catalan,Sounds/cat_planta.mp3,2020-06-04_11h30.01.268,TranslationElicitation_eng,2020.1.2,MacIntel,60,,1,0,81,60,1,80
,,,,,,,,,,,,,,,,,,,,,,,,,,,,,,,,,,,,,i,3.35859,JJI,TRUE,,,,,,,168,planta,Catalan,Sounds/cat_planta.mp3,2020-06-04_11h30.01.268,TranslationElicitation_eng,2020.1.2,MacIntel,60,,1,0,81,60,1,80
,,,,,,,,,,,,,,,,,,,,,,,,,,,,,,,,,,,,,i,3.495825,JJII,TRUE,,,,,,,168,planta,Catalan,Sounds/cat_planta.mp3,2020-06-04_11h30.01.268,TranslationElicitation_eng,2020.1.2,MacIntel,60,,1,0,81,60,1,80
,,,,,,,,,,,,,,,,,,,,,,,,,,,,,,,,,,,,,i,3.642665,JJIII,TRUE,,,,,,,168,planta,Catalan,Sounds/cat_planta.mp3,2020-06-04_11h30.01.268,TranslationElicitation_eng,2020.1.2,MacIntel,60,,1,0,81,60,1,80
,,,,,,,,,,,,,,,,,,,,,,,,,,,,,,,,,,,,,backspace,3.8766,JJII,TRUE,,,,,,,168,planta,Catalan,Sounds/cat_planta.mp3,2020-06-04_11h30.01.268,TranslationElicitation_eng,2020.1.2,MacIntel,60,,1,0,81,60,1,80
,,,,,,,,,,,,,,,,,,,,,,,,,,,,,,,,,,,,,return,4.690805,JJII,TRUE,,,,,,,168,planta,Catalan,Sounds/cat_planta.mp3,2020-06-04_11h30.01.268,TranslationElicitation_eng,2020.1.2,MacIntel,60,4.690805,1,0,81,60,1,80
,,,,,,,,,,,,,,,,,,,,,,,,,,,,,,,,,,,,,,,,,,,,,,,181,tobogan,Catalan,Sounds/cat_tobogan.mp3,2020-06-04_11h30.01.268,TranslationElicitation_eng,2020.1.2,MacIntel,60,,0,71,71,72,1,
,,,,,,,,,,,,,,,,,,,,,,,,,,,,,,,,,,,,,return,5.228165,,FALSE,,,,,,,168,planta,Catalan,Sounds/cat_planta.mp3,2020-06-04_11h30.01.268,TranslationElicitation_eng,2020.1.2,MacIntel,60,5.228165,1,0,81,60,1,80
,,,,,,,,,,,,,,,,,,,,,,,,,,,,,,,,,,,,,,,,,,,,,,,154,mirall,Catalan,Sounds/cat_mirall.mp3,2020-06-04_11h30.01.268,TranslationElicitation_eng,2020.1.2,MacIntel,60,,0,72,72,47,1,
,,,,,,,,,,,,,,,,,,,,,,,,,,,,,,,,,,,,,return,2.4423,,FALSE,,,,,,,168,planta,Catalan,Sounds/cat_planta.mp3,2020-06-04_11h30.01.268,TranslationElicitation_eng,2020.1.2,MacIntel,60,2.4423,1,0,81,60,1,80
,,,,,,,,,,,,,,,,,,,,,,,,,,,,,,,,,,,,,,,,,,,,,,,138,galeta,Catalan,Sounds/cat_galeta.mp3,2020-06-04_11h30.01.268,TranslationElicitation_eng,2020.1.2,MacIntel,60,,0,73,73,32,1,
,,,,,,,,,,,,,,,,,,,,,,,,,,,,,,,,,,,,,t,1.819635,T,FALSE,,,,,,,168,planta,Catalan,Sounds/cat_planta.mp3,2020-06-04_11h30.01.268,TranslationElicitation_eng,2020.1.2,MacIntel,60,,1,0,81,60,1,80
,,,,,,,,,,,,,,,,,,,,,,,,,,,,,,,,,,,,,y,1.87027,TY,FALSE,,,,,,,168,planta,Catalan,Sounds/cat_planta.mp3,2020-06-04_11h30.01.268,TranslationElicitation_eng,2020.1.2,MacIntel,60,,1,0,81,60,1,80
,,,,,,,,,,,,,,,,,,,,,,,,,,,,,,,,,,,,,u,1.95448,TYU,FALSE,,,,,,,168,planta,Catalan,Sounds/cat_planta.mp3,2020-06-04_11h30.01.268,TranslationElicitation_eng,2020.1.2,MacIntel,60,,1,0,81,60,1,80
,,,,,,,,,,,,,,,,,,,,,,,,,,,,,,,,,,,,,return,2.107675,TYU,FALSE,,,,,,,168,planta,Catalan,Sounds/cat_planta.mp3,2020-06-04_11h30.01.268,TranslationElicitation_eng,2020.1.2,MacIntel,60,2.107675,1,0,81,60,1,80
,,,,,,,,,,,,,,,,,,,,,,,,,,,,,,,,,,,,,,,,,,,,,,,123,cavall,Catalan,Sounds/cat_cavall.mp3,2020-06-04_11h30.01.268,TranslationElicitation_eng,2020.1.2,MacIntel,60,,0,74,74,18,1,
,,,,,,,,,,,,,,,,,,,,,,,,,,,,,,,,,,,,,b,3.241195,B,FALSE,,,,,,,168,planta,Catalan,Sounds/cat_planta.mp3,2020-06-04_11h30.01.268,TranslationElicitation_eng,2020.1.2,MacIntel,60,,1,0,81,60,1,80
,,,,,,,,,,,,,,,,,,,,,,,,,,,,,,,,,,,,,n,3.34156,BN,FALSE,,,,,,,168,planta,Catalan,Sounds/cat_planta.mp3,2020-06-04_11h30.01.268,TranslationElicitation_eng,2020.1.2,MacIntel,60,,1,0,81,60,1,80
,,,,,,,,,,,,,,,,,,,,,,,,,,,,,,,,,,,,,m,3.491635,BNM,FALSE,,,,,,,168,planta,Catalan,Sounds/cat_planta.mp3,2020-06-04_11h30.01.268,TranslationElicitation_eng,2020.1.2,MacIntel,60,,1,0,81,60,1,80
,,,,,,,,,,,,,,,,,,,,,,,,,,,,,,,,,,,,,return,3.5258,BNM,FALSE,,,,,,,168,planta,Catalan,Sounds/cat_planta.mp3,2020-06-04_11h30.01.268,TranslationElicitation_eng,2020.1.2,MacIntel,60,3.5258,1,0,81,60,1,80
,,,,,,,,,,,,,,,,,,,,,,,,,,,,,,,,,,,,,,,,,,,,,,,115,bolet,Catalan,Sounds/cat_bolet.mp3,2020-06-04_11h30.01.268,TranslationElicitation_eng,2020.1.2,MacIntel,60,,0,75,75,10,1,
,,,,,,,,,,,,,,,,,,,,,,,,,,,,,,,,,,,,,b,1.551515,B,FALSE,,,,,,,168,planta,Catalan,Sounds/cat_planta.mp3,2020-06-04_11h30.01.268,TranslationElicitation_eng,2020.1.2,MacIntel,60,,1,0,81,60,1,80
,,,,,,,,,,,,,,,,,,,,,,,,,,,,,,,,,,,,,n,1.65243,BN,FALSE,,,,,,,168,planta,Catalan,Sounds/cat_planta.mp3,2020-06-04_11h30.01.268,TranslationElicitation_eng,2020.1.2,MacIntel,60,,1,0,81,60,1,80
,,,,,,,,,,,,,,,,,,,,,,,,,,,,,,,,,,,,,m,1.71973,BNM,FALSE,,,,,,,168,planta,Catalan,Sounds/cat_planta.mp3,2020-06-04_11h30.01.268,TranslationElicitation_eng,2020.1.2,MacIntel,60,,1,0,81,60,1,80
,,,,,,,,,,,,,,,,,,,,,,,,,,,,,,,,,,,,,return,1.835855,BNM,FALSE,,,,,,,168,planta,Catalan,Sounds/cat_planta.mp3,2020-06-04_11h30.01.268,TranslationElicitation_eng,2020.1.2,MacIntel,60,1.835855,1,0,81,60,1,80
,,,,,,,,,,,,,,,,,,,,,,,,,,,,,,,,,,,,,,,,,,,,,,,104,abella,Catalan,Sounds/cat_abella.mp3,2020-06-04_11h30.01.268,TranslationElicitation_eng,2020.1.2,MacIntel,60,,0,76,76,0,1,
,,,,,,,,,,,,,,,,,,,,,,,,,,,,,,,,,,,,,t,1.5031,T,FALSE,,,,,,,168,planta,Catalan,Sounds/cat_planta.mp3,2020-06-04_11h30.01.268,TranslationElicitation_eng,2020.1.2,MacIntel,60,,1,0,81,60,1,80
,,,,,,,,,,,,,,,,,,,,,,,,,,,,,,,,,,,,,y,1.55341,TY,FALSE,,,,,,,168,planta,Catalan,Sounds/cat_planta.mp3,2020-06-04_11h30.01.268,TranslationElicitation_eng,2020.1.2,MacIntel,60,,1,0,81,60,1,80
,,,,,,,,,,,,,,,,,,,,,,,,,,,,,,,,,,,,,u,1.620145,TYU,FALSE,,,,,,,168,planta,Catalan,Sounds/cat_planta.mp3,2020-06-04_11h30.01.268,TranslationElicitation_eng,2020.1.2,MacIntel,60,,1,0,81,60,1,80
,,,,,,,,,,,,,,,,,,,,,,,,,,,,,,,,,,,,,k,1.67021,TYUK,FALSE,,,,,,,168,planta,Catalan,Sounds/cat_planta.mp3,2020-06-04_11h30.01.268,TranslationElicitation_eng,2020.1.2,MacIntel,60,,1,0,81,60,1,80
,,,,,,,,,,,,,,,,,,,,,,,,,,,,,,,,,,,,,return,1.73804,TYUK,FALSE,,,,,,,168,planta,Catalan,Sounds/cat_planta.mp3,2020-06-04_11h30.01.268,TranslationElicitation_eng,2020.1.2,MacIntel,60,1.73804,1,0,81,60,1,80
,,,,,,,,,,,,,,,,,,,,,,,,,,,,,,,,,,,,,,,,,,,,,,,110,berenar,Catalan,Sounds/cat_berenar.mp3,2020-06-04_11h30.01.268,TranslationElicitation_eng,2020.1.2,MacIntel,60,,0,77,77,5,1,
,,,,,,,,,,,,,,,,,,,,,,,,,,,,,,,,,,,,,b,1.33432,B,FALSE,,,,,,,168,planta,Catalan,Sounds/cat_planta.mp3,2020-06-04_11h30.01.268,TranslationElicitation_eng,2020.1.2,MacIntel,60,,1,0,81,60,1,80
,,,,,,,,,,,,,,,,,,,,,,,,,,,,,,,,,,,,,n,1.419005,BN,FALSE,,,,,,,168,planta,Catalan,Sounds/cat_planta.mp3,2020-06-04_11h30.01.268,TranslationElicitation_eng,2020.1.2,MacIntel,60,,1,0,81,60,1,80
,,,,,,,,,,,,,,,,,,,,,,,,,,,,,,,,,,,,,j,1.53511,BNJ,FALSE,,,,,,,168,planta,Catalan,Sounds/cat_planta.mp3,2020-06-04_11h30.01.268,TranslationElicitation_eng,2020.1.2,MacIntel,60,,1,0,81,60,1,80
,,,,,,,,,,,,,,,,,,,,,,,,,,,,,,,,,,,,,k,1.569415,BNJK,FALSE,,,,,,,168,planta,Catalan,Sounds/cat_planta.mp3,2020-06-04_11h30.01.268,TranslationElicitation_eng,2020.1.2,MacIntel,60,,1,0,81,60,1,80
,,,,,,,,,,,,,,,,,,,,,,,,,,,,,,,,,,,,,return,1.620295,BNJK,FALSE,,,,,,,168,planta,Catalan,Sounds/cat_planta.mp3,2020-06-04_11h30.01.268,TranslationElicitation_eng,2020.1.2,MacIntel,60,1.620295,1,0,81,60,1,80
,,,,,,,,,,,,,,,,,,,,,,,,,,,,,,,,,,,,,,,,,,,,,,,146,guitarra,Catalan,Sounds/cat_guitarra.mp3,2020-06-04_11h30.01.268,TranslationElicitation_eng,2020.1.2,MacIntel,60,,0,78,78,40,1,
,,,,,,,,,,,,,,,,,,,,,,,,,,,,,,,,,,,,,g,1.284535,G,FALSE,,,,,,,168,planta,Catalan,Sounds/cat_planta.mp3,2020-06-04_11h30.01.268,TranslationElicitation_eng,2020.1.2,MacIntel,60,,1,0,81,60,1,80
,,,,,,,,,,,,,,,,,,,,,,,,,,,,,,,,,,,,,h,1.38666,GH,FALSE,,,,,,,168,planta,Catalan,Sounds/cat_planta.mp3,2020-06-04_11h30.01.268,TranslationElicitation_eng,2020.1.2,MacIntel,60,,1,0,81,60,1,80
,,,,,,,,,,,,,,,,,,,,,,,,,,,,,,,,,,,,,j,1.451915,GHJ,FALSE,,,,,,,168,planta,Catalan,Sounds/cat_planta.mp3,2020-06-04_11h30.01.268,TranslationElicitation_eng,2020.1.2,MacIntel,60,,1,0,81,60,1,80
,,,,,,,,,,,,,,,,,,,,,,,,,,,,,,,,,,,,,k,1.53697,GHJK,FALSE,,,,,,,168,planta,Catalan,Sounds/cat_planta.mp3,2020-06-04_11h30.01.268,TranslationElicitation_eng,2020.1.2,MacIntel,60,,1,0,81,60,1,80
,,,,,,,,,,,,,,,,,,,,,,,,,,,,,,,,,,,,,return,1.57043,GHJK,FALSE,,,,,,,168,planta,Catalan,Sounds/cat_planta.mp3,2020-06-04_11h30.01.268,TranslationElicitation_eng,2020.1.2,MacIntel,60,1.57043,1,0,81,60,1,80
,,,,,,,,,,,,,,,,,,,,,,,,,,,,,,,,,,,,,,,,,,,,,,,124,cirera,Catalan,Sounds/cat_cirera.mp3,2020-06-04_11h30.01.268,TranslationElicitation_eng,2020.1.2,MacIntel,60,,0,79,79,19,1,
,,,,,,,,,,,,,,,,,,,,,,,,,,,,,,,,,,,,,h,1.605445,H,FALSE,,,,,,,168,planta,Catalan,Sounds/cat_planta.mp3,2020-06-04_11h30.01.268,TranslationElicitation_eng,2020.1.2,MacIntel,60,,1,0,81,60,1,80
,,,,,,,,,,,,,,,,,,,,,,,,,,,,,,,,,,,,,j,1.670415,HJ,FALSE,,,,,,,168,planta,Catalan,Sounds/cat_planta.mp3,2020-06-04_11h30.01.268,TranslationElicitation_eng,2020.1.2,MacIntel,60,,1,0,81,60,1,80
,,,,,,,,,,,,,,,,,,,,,,,,,,,,,,,,,,,,,k,1.721325,HJK,FALSE,,,,,,,168,planta,Catalan,Sounds/cat_planta.mp3,2020-06-04_11h30.01.268,TranslationElicitation_eng,2020.1.2,MacIntel,60,,1,0,81,60,1,80
,,,,,,,,,,,,,,,,,,,,,,,,,,,,,,,,,,,,,return,1.77169,HJK,FALSE,,,,,,,168,planta,Catalan,Sounds/cat_planta.mp3,2020-06-04_11h30.01.268,TranslationElicitation_eng,2020.1.2,MacIntel,60,1.77169,1,0,81,60,1,80
