consentKey.keys,consentKey.rt,languageL1Key.keys,languageL1Key.rt,languageL2,languageL2OralKey.keys,languageL2OralKey.rt,languageL2WrittenKey.keys,languageL2WrittenKey.rt,languageL3,languageL3OralKey.keys,languageL3WrittenKey.keys,languageCatalanOralKey.keys,languageCatalanOralKey.rt,languageCatalanWrittenKey.keys,languageCatalanWrittenKey.rt,languageCatalanTimeKey.keys,languageCatalanTimeKey.rt,languageSpanishOralKey.keys,languageSpanishOralKey.rt,languageSpanishWrittenKey.keys,languageSpanishWrittenKey.rt,languageSpanishTimeKey.keys,languageSpanishTimeKey.rt,age,demoSexKey.keys,demoSexKey.rt,demoEducationKey.keys,demoEducationKey.rt,city,demoVisionKey.keys,demoVisionKey.rt,demoLanguageKey.keys,demoLanguageKey.rt,setupLocationKey.keys,setupLocationKey.rt,setupNoiseKey.keys,setupNoiseKey.rt,instructionsKeys.keys,instructionsKeys.rt,keyPressed,keyPressTime,inputText,error,trialsPracticeCatalan.thisRepN,trialsPracticeCatalan.thisTrialN,trialsPracticeCatalan.thisN,trialsPracticeCatalan.thisIndex,trialsPracticeCatalan.ran,trialsPracticeCatalan.order,trial_id,word,test_language,soundfile,date,expName,psychopyVersion,OS,frameRate,trialOffset
space,0.13176,e,1.16353,EEE,2,0.938645,2,0.205355,,,,5,2.2452,4,2.50398,3,0.229575,4,0.24522,3,0.32023,3,0.201735,4,f,0.988285,3,1.00623,I,y,1.01887,n,0.847235,1,1.112635,4,1.264345,space,1.957125,backspace,3.05675,,TRUE,1,0,5,3,1,4,159,onada,Catalan,Sounds/cat_onada.mp3,2020-05-26_19h07.22.903,TranslationElicitation_eng,2020.1.2,MacIntel,60,
,,,,,,,,,,,,,,,,,,,,,,,,,,,,,,,,,,,,,,,,backspace,3.207185,,TRUE,1,0,5,3,1,4,159,onada,Catalan,Sounds/cat_onada.mp3,2020-05-26_19h07.22.903,TranslationElicitation_eng,2020.1.2,MacIntel,60,
,,,,,,,,,,,,,,,,,,,,,,,,,,,,,,,,,,,,,,,,i,3.593925,I,TRUE,1,0,5,3,1,4,159,onada,Catalan,Sounds/cat_onada.mp3,2020-05-26_19h07.22.903,TranslationElicitation_eng,2020.1.2,MacIntel,60,
,,,,,,,,,,,,,,,,,,,,,,,,,,,,,,,,,,,,,,,,i,3.70914,II,TRUE,1,0,5,3,1,4,159,onada,Catalan,Sounds/cat_onada.mp3,2020-05-26_19h07.22.903,TranslationElicitation_eng,2020.1.2,MacIntel,60,
,,,,,,,,,,,,,,,,,,,,,,,,,,,,,,,,,,,,,,,,return,4.010305,II,TRUE,1,0,5,3,1,4,159,onada,Catalan,Sounds/cat_onada.mp3,2020-05-26_19h07.22.903,TranslationElicitation_eng,2020.1.2,MacIntel,60,4.010305
,,,,,,,,,,,,,,,,,,,,,,,,,,,,,,,,,,,,,,,,,,,,0,0,0,2,1,,147,jaqueta,Catalan,Sounds/cat_jaqueta.mp3,2020-05-26_19h07.22.903,TranslationElicitation_eng,2020.1.2,MacIntel,60,
