consentKey.keys,consentKey.rt,languageL1Key.keys,languageL1Key.rt,languageL2,languageL2OralKey.keys,languageL2WrittenKey.keys,languageL3OralKey.keys,languageL3WrittenKey.keys,languageCatalanOralKey.keys,languageCatalanOralKey.rt,languageCatalanWrittenKey.keys,languageCatalanWrittenKey.rt,languageCatalanTimeKey.keys,languageCatalanTimeKey.rt,languageSpanishOralKey.keys,languageSpanishOralKey.rt,languageSpanishWrittenKey.keys,languageSpanishWrittenKey.rt,languageSpanishTimeKey.keys,languageSpanishTimeKey.rt,age,demoSexKey.keys,demoSexKey.rt,demoEducationKey.keys,demoEducationKey.rt,city,demoVisionKey.keys,demoVisionKey.rt,demoLanguageKey.keys,demoLanguageKey.rt,setupLocationKey.keys,setupLocationKey.rt,setupNoiseKey.keys,setupNoiseKey.rt,instructionsKeys.keys,instructionsKeys.rt,keyPressed,keyPressTime,inputText,error,trialsPracticeSpanish.thisRepN,trialsPracticeSpanish.thisTrialN,trialsPracticeSpanish.thisN,trialsPracticeSpanish.thisIndex,trialsPracticeSpanish.ran,trialsPracticeSpanish.order,trial_id,word,test_language,soundfile,date,expName,psychopyVersion,OS,frameRate,trialOffset,trialsSpanish.thisRepN,trialsSpanish.thisTrialN,trialsSpanish.thisN,trialsSpanish.thisIndex,trialsSpanish.ran,trialsSpanish.order
space,0.41721,e,1.027885,,,,,,3,0.91098,4,0.2198,4,0.187825,3,0.33464,2,0.25567,3,0.234235,44,f,1.11966,1,0.69127,O,y,1.170515,y,0.37607,2,0.80149,2,0.59761,space,0.846355,w,1.454885,W,FALSE,1,0,5,1,1,4,30,corona,Spanish,Sounds/spa_corona.mp3,2020-06-03_22h59.53.531,TranslationElicitation_eng,2020.1.2,MacIntel,60,,,,,,,
,,,,,,,,,,,,,,,,,,,,,,,,,,,,,,,,,,,,,a,2.10495,WA,FALSE,1,0,5,1,1,4,30,corona,Spanish,Sounds/spa_corona.mp3,2020-06-03_22h59.53.531,TranslationElicitation_eng,2020.1.2,MacIntel,60,,,,,,,
,,,,,,,,,,,,,,,,,,,,,,,,,,,,,,,,,,,,,v,2.406205,WAV,FALSE,1,0,5,1,1,4,30,corona,Spanish,Sounds/spa_corona.mp3,2020-06-03_22h59.53.531,TranslationElicitation_eng,2020.1.2,MacIntel,60,,,,,,,
,,,,,,,,,,,,,,,,,,,,,,,,,,,,,,,,,,,,,e,2.489355,WAVE,FALSE,1,0,5,1,1,4,30,corona,Spanish,Sounds/spa_corona.mp3,2020-06-03_22h59.53.531,TranslationElicitation_eng,2020.1.2,MacIntel,60,,,,,,,
,,,,,,,,,,,,,,,,,,,,,,,,,,,,,,,,,,,,,return,2.72319,WAVE,FALSE,1,0,5,1,1,4,30,corona,Spanish,Sounds/spa_corona.mp3,2020-06-03_22h59.53.531,TranslationElicitation_eng,2020.1.2,MacIntel,60,2.72319,,,,,,
,,,,,,,,,,,,,,,,,,,,,,,,,,,,,,,,,,,,,,,,,0,0,0,3,1,,70,ola,Spanish,Sounds/spa_ola.mp3,2020-06-03_22h59.53.531,TranslationElicitation_eng,2020.1.2,MacIntel,60,,,,,,,
,,,,,,,,,,,,,,,,,,,,,,,,,,,,,,,,,,,,,k,1.423325,K,FALSE,1,0,5,1,1,4,30,corona,Spanish,Sounds/spa_corona.mp3,2020-06-03_22h59.53.531,TranslationElicitation_eng,2020.1.2,MacIntel,60,,,,,,,
,,,,,,,,,,,,,,,,,,,,,,,,,,,,,,,,,,,,,a,1.48846,KA,FALSE,1,0,5,1,1,4,30,corona,Spanish,Sounds/spa_corona.mp3,2020-06-03_22h59.53.531,TranslationElicitation_eng,2020.1.2,MacIntel,60,,,,,,,
,,,,,,,,,,,,,,,,,,,,,,,,,,,,,,,,,,,,,c,1.662115,KAC,FALSE,1,0,5,1,1,4,30,corona,Spanish,Sounds/spa_corona.mp3,2020-06-03_22h59.53.531,TranslationElicitation_eng,2020.1.2,MacIntel,60,,,,,,,
,,,,,,,,,,,,,,,,,,,,,,,,,,,,,,,,,,,,,k,1.811795,KACK,FALSE,1,0,5,1,1,4,30,corona,Spanish,Sounds/spa_corona.mp3,2020-06-03_22h59.53.531,TranslationElicitation_eng,2020.1.2,MacIntel,60,,,,,,,
,,,,,,,,,,,,,,,,,,,,,,,,,,,,,,,,,,,,,t,1.988955,KACKT,FALSE,1,0,5,1,1,4,30,corona,Spanish,Sounds/spa_corona.mp3,2020-06-03_22h59.53.531,TranslationElicitation_eng,2020.1.2,MacIntel,60,,,,,,,
,,,,,,,,,,,,,,,,,,,,,,,,,,,,,,,,,,,,,return,2.112995,KACKT,FALSE,1,0,5,1,1,4,30,corona,Spanish,Sounds/spa_corona.mp3,2020-06-03_22h59.53.531,TranslationElicitation_eng,2020.1.2,MacIntel,60,2.112995,,,,,,
,,,,,,,,,,,,,,,,,,,,,,,,,,,,,,,,,,,,,,,,,0,1,1,2,1,,26,chaqueta,Spanish,Sounds/spa_chaqueta.mp3,2020-06-03_22h59.53.531,TranslationElicitation_eng,2020.1.2,MacIntel,60,,,,,,,
,,,,,,,,,,,,,,,,,,,,,,,,,,,,,,,,,,,,,t,1.54049,T,FALSE,1,0,5,1,1,4,30,corona,Spanish,Sounds/spa_corona.mp3,2020-06-03_22h59.53.531,TranslationElicitation_eng,2020.1.2,MacIntel,60,,,,,,,
,,,,,,,,,,,,,,,,,,,,,,,,,,,,,,,,,,,,,r,1.62148,TR,FALSE,1,0,5,1,1,4,30,corona,Spanish,Sounds/spa_corona.mp3,2020-06-03_22h59.53.531,TranslationElicitation_eng,2020.1.2,MacIntel,60,,,,,,,
,,,,,,,,,,,,,,,,,,,,,,,,,,,,,,,,,,,,,e,1.65509,TRE,FALSE,1,0,5,1,1,4,30,corona,Spanish,Sounds/spa_corona.mp3,2020-06-03_22h59.53.531,TranslationElicitation_eng,2020.1.2,MacIntel,60,,,,,,,
,,,,,,,,,,,,,,,,,,,,,,,,,,,,,,,,,,,,,e,1.84084,TREE,FALSE,1,0,5,1,1,4,30,corona,Spanish,Sounds/spa_corona.mp3,2020-06-03_22h59.53.531,TranslationElicitation_eng,2020.1.2,MacIntel,60,,,,,,,
,,,,,,,,,,,,,,,,,,,,,,,,,,,,,,,,,,,,,return,2.055615,TREE,FALSE,1,0,5,1,1,4,30,corona,Spanish,Sounds/spa_corona.mp3,2020-06-03_22h59.53.531,TranslationElicitation_eng,2020.1.2,MacIntel,60,2.055615,,,,,,
,,,,,,,,,,,,,,,,,,,,,,,,,,,,,,,,,,,,,,,,,0,2,2,0,1,,1,arbol,Spanish,Sounds/spa_arbol.mp3,2020-06-03_22h59.53.531,TranslationElicitation_eng,2020.1.2,MacIntel,60,,,,,,,
,,,,,,,,,,,,,,,,,,,,,,,,,,,,,,,,,,,,,t,1.70549,T,FALSE,1,0,5,1,1,4,30,corona,Spanish,Sounds/spa_corona.mp3,2020-06-03_22h59.53.531,TranslationElicitation_eng,2020.1.2,MacIntel,60,,,,,,,
,,,,,,,,,,,,,,,,,,,,,,,,,,,,,,,,,,,,,i,1.80471,TI,FALSE,1,0,5,1,1,4,30,corona,Spanish,Sounds/spa_corona.mp3,2020-06-03_22h59.53.531,TranslationElicitation_eng,2020.1.2,MacIntel,60,,,,,,,
,,,,,,,,,,,,,,,,,,,,,,,,,,,,,,,,,,,,,g,1.890555,TIG,FALSE,1,0,5,1,1,4,30,corona,Spanish,Sounds/spa_corona.mp3,2020-06-03_22h59.53.531,TranslationElicitation_eng,2020.1.2,MacIntel,60,,,,,,,
,,,,,,,,,,,,,,,,,,,,,,,,,,,,,,,,,,,,,e,1.99041,TIGE,FALSE,1,0,5,1,1,4,30,corona,Spanish,Sounds/spa_corona.mp3,2020-06-03_22h59.53.531,TranslationElicitation_eng,2020.1.2,MacIntel,60,,,,,,,
,,,,,,,,,,,,,,,,,,,,,,,,,,,,,,,,,,,,,r,2.090375,TIGER,FALSE,1,0,5,1,1,4,30,corona,Spanish,Sounds/spa_corona.mp3,2020-06-03_22h59.53.531,TranslationElicitation_eng,2020.1.2,MacIntel,60,,,,,,,
,,,,,,,,,,,,,,,,,,,,,,,,,,,,,,,,,,,,,return,2.208455,TIGER,FALSE,1,0,5,1,1,4,30,corona,Spanish,Sounds/spa_corona.mp3,2020-06-03_22h59.53.531,TranslationElicitation_eng,2020.1.2,MacIntel,60,2.208455,,,,,,
,,,,,,,,,,,,,,,,,,,,,,,,,,,,,,,,,,,,,,,,,0,3,3,4,1,,96,tigre,Spanish,Sounds/spa_tigre.mp3,2020-06-03_22h59.53.531,TranslationElicitation_eng,2020.1.2,MacIntel,60,,,,,,,
,,,,,,,,,,,,,,,,,,,,,,,,,,,,,,,,,,,,,c,1.49027,C,FALSE,1,0,5,1,1,4,30,corona,Spanish,Sounds/spa_corona.mp3,2020-06-03_22h59.53.531,TranslationElicitation_eng,2020.1.2,MacIntel,60,,,,,,,
,,,,,,,,,,,,,,,,,,,,,,,,,,,,,,,,,,,,,r,1.7227,CR,FALSE,1,0,5,1,1,4,30,corona,Spanish,Sounds/spa_corona.mp3,2020-06-03_22h59.53.531,TranslationElicitation_eng,2020.1.2,MacIntel,60,,,,,,,
,,,,,,,,,,,,,,,,,,,,,,,,,,,,,,,,,,,,,o,1.85433,CRO,FALSE,1,0,5,1,1,4,30,corona,Spanish,Sounds/spa_corona.mp3,2020-06-03_22h59.53.531,TranslationElicitation_eng,2020.1.2,MacIntel,60,,,,,,,
,,,,,,,,,,,,,,,,,,,,,,,,,,,,,,,,,,,,,w,1.938835,CROW,FALSE,1,0,5,1,1,4,30,corona,Spanish,Sounds/spa_corona.mp3,2020-06-03_22h59.53.531,TranslationElicitation_eng,2020.1.2,MacIntel,60,,,,,,,
,,,,,,,,,,,,,,,,,,,,,,,,,,,,,,,,,,,,,n,2.05496,CROWN,FALSE,1,0,5,1,1,4,30,corona,Spanish,Sounds/spa_corona.mp3,2020-06-03_22h59.53.531,TranslationElicitation_eng,2020.1.2,MacIntel,60,,,,,,,
,,,,,,,,,,,,,,,,,,,,,,,,,,,,,,,,,,,,,return,2.22435,CROWN,FALSE,1,0,5,1,1,4,30,corona,Spanish,Sounds/spa_corona.mp3,2020-06-03_22h59.53.531,TranslationElicitation_eng,2020.1.2,MacIntel,60,2.22435,,,,,,
,,,,,,,,,,,,,,,,,,,,,,,,,,,,,,,,,,,,,p,1.854135,P,FALSE,,,,,,,51,ladrillo,Spanish,Sounds/spa_ladrillo.mp3,2020-06-03_22h59.53.531,TranslationElicitation_eng,2020.1.2,MacIntel,60,,1,0,98,47,1,97
,,,,,,,,,,,,,,,,,,,,,,,,,,,,,,,,,,,,,a,2.02479,PA,FALSE,,,,,,,51,ladrillo,Spanish,Sounds/spa_ladrillo.mp3,2020-06-03_22h59.53.531,TranslationElicitation_eng,2020.1.2,MacIntel,60,,1,0,98,47,1,97
,,,,,,,,,,,,,,,,,,,,,,,,,,,,,,,,,,,,,n,2.157455,PAN,FALSE,,,,,,,51,ladrillo,Spanish,Sounds/spa_ladrillo.mp3,2020-06-03_22h59.53.531,TranslationElicitation_eng,2020.1.2,MacIntel,60,,1,0,98,47,1,97
,,,,,,,,,,,,,,,,,,,,,,,,,,,,,,,,,,,,,g,2.27574,PANG,FALSE,,,,,,,51,ladrillo,Spanish,Sounds/spa_ladrillo.mp3,2020-06-03_22h59.53.531,TranslationElicitation_eng,2020.1.2,MacIntel,60,,1,0,98,47,1,97
,,,,,,,,,,,,,,,,,,,,,,,,,,,,,,,,,,,,,u,2.43938,PANGU,FALSE,,,,,,,51,ladrillo,Spanish,Sounds/spa_ladrillo.mp3,2020-06-03_22h59.53.531,TranslationElicitation_eng,2020.1.2,MacIntel,60,,1,0,98,47,1,97
,,,,,,,,,,,,,,,,,,,,,,,,,,,,,,,,,,,,,i,2.539195,PANGUI,FALSE,,,,,,,51,ladrillo,Spanish,Sounds/spa_ladrillo.mp3,2020-06-03_22h59.53.531,TranslationElicitation_eng,2020.1.2,MacIntel,60,,1,0,98,47,1,97
,,,,,,,,,,,,,,,,,,,,,,,,,,,,,,,,,,,,,n,2.7061,PANGUIN,FALSE,,,,,,,51,ladrillo,Spanish,Sounds/spa_ladrillo.mp3,2020-06-03_22h59.53.531,TranslationElicitation_eng,2020.1.2,MacIntel,60,,1,0,98,47,1,97
,,,,,,,,,,,,,,,,,,,,,,,,,,,,,,,,,,,,,return,3.38964,PANGUIN,FALSE,,,,,,,51,ladrillo,Spanish,Sounds/spa_ladrillo.mp3,2020-06-03_22h59.53.531,TranslationElicitation_eng,2020.1.2,MacIntel,60,3.38964,1,0,98,47,1,97
,,,,,,,,,,,,,,,,,,,,,,,,,,,,,,,,,,,,,,,,,,,,,,,86,pingüino,Spanish,Sounds/spa_pinguino.mp3,2020-06-03_22h59.53.531,TranslationElicitation_eng,2020.1.2,MacIntel,60,,0,0,0,81,1,
,,,,,,,,,,,,,,,,,,,,,,,,,,,,,,,,,,,,,t,1.55336,T,FALSE,,,,,,,51,ladrillo,Spanish,Sounds/spa_ladrillo.mp3,2020-06-03_22h59.53.531,TranslationElicitation_eng,2020.1.2,MacIntel,60,,1,0,98,47,1,97
,,,,,,,,,,,,,,,,,,,,,,,,,,,,,,,,,,,,,a,1.767615,TA,FALSE,,,,,,,51,ladrillo,Spanish,Sounds/spa_ladrillo.mp3,2020-06-03_22h59.53.531,TranslationElicitation_eng,2020.1.2,MacIntel,60,,1,0,98,47,1,97
,,,,,,,,,,,,,,,,,,,,,,,,,,,,,,,,,,,,,b,1.86877,TAB,FALSE,,,,,,,51,ladrillo,Spanish,Sounds/spa_ladrillo.mp3,2020-06-03_22h59.53.531,TranslationElicitation_eng,2020.1.2,MacIntel,60,,1,0,98,47,1,97
,,,,,,,,,,,,,,,,,,,,,,,,,,,,,,,,,,,,,l,1.91819,TABL,FALSE,,,,,,,51,ladrillo,Spanish,Sounds/spa_ladrillo.mp3,2020-06-03_22h59.53.531,TranslationElicitation_eng,2020.1.2,MacIntel,60,,1,0,98,47,1,97
,,,,,,,,,,,,,,,,,,,,,,,,,,,,,,,,,,,,,e,2.020155,TABLE,FALSE,,,,,,,51,ladrillo,Spanish,Sounds/spa_ladrillo.mp3,2020-06-03_22h59.53.531,TranslationElicitation_eng,2020.1.2,MacIntel,60,,1,0,98,47,1,97
,,,,,,,,,,,,,,,,,,,,,,,,,,,,,,,,,,,,,return,2.135735,TABLE,FALSE,,,,,,,51,ladrillo,Spanish,Sounds/spa_ladrillo.mp3,2020-06-03_22h59.53.531,TranslationElicitation_eng,2020.1.2,MacIntel,60,2.135735,1,0,98,47,1,97
,,,,,,,,,,,,,,,,,,,,,,,,,,,,,,,,,,,,,,,,,,,,,,,63,mesa,Spanish,Sounds/spa_mesa.mp3,2020-06-03_22h59.53.531,TranslationElicitation_eng,2020.1.2,MacIntel,60,,0,1,1,59,1,
,,,,,,,,,,,,,,,,,,,,,,,,,,,,,,,,,,,,,b,2.022155,B,FALSE,,,,,,,51,ladrillo,Spanish,Sounds/spa_ladrillo.mp3,2020-06-03_22h59.53.531,TranslationElicitation_eng,2020.1.2,MacIntel,60,,1,0,98,47,1,97
,,,,,,,,,,,,,,,,,,,,,,,,,,,,,,,,,,,,,i,2.089835,BI,FALSE,,,,,,,51,ladrillo,Spanish,Sounds/spa_ladrillo.mp3,2020-06-03_22h59.53.531,TranslationElicitation_eng,2020.1.2,MacIntel,60,,1,0,98,47,1,97
,,,,,,,,,,,,,,,,,,,,,,,,,,,,,,,,,,,,,b,2.16033,BIB,FALSE,,,,,,,51,ladrillo,Spanish,Sounds/spa_ladrillo.mp3,2020-06-03_22h59.53.531,TranslationElicitation_eng,2020.1.2,MacIntel,60,,1,0,98,47,1,97
,,,,,,,,,,,,,,,,,,,,,,,,,,,,,,,,,,,,,return,2.273305,BIB,FALSE,,,,,,,51,ladrillo,Spanish,Sounds/spa_ladrillo.mp3,2020-06-03_22h59.53.531,TranslationElicitation_eng,2020.1.2,MacIntel,60,2.273305,1,0,98,47,1,97
,,,,,,,,,,,,,,,,,,,,,,,,,,,,,,,,,,,,,,,,,,,,,,,4,biberon,Spanish,Sounds/spa_biberon.mp3,2020-06-03_22h59.53.531,TranslationElicitation_eng,2020.1.2,MacIntel,60,,0,2,2,2,1,
