consentKey.keys,consentKey.rt,languageL1Key.keys,languageL1Key.rt,languageL2,languageL2OralKey.keys,languageL2WrittenKey.keys,languageL3OralKey.keys,languageL3WrittenKey.keys,languageCatalanOralKey.keys,languageCatalanOralKey.rt,languageCatalanWrittenKey.keys,languageCatalanWrittenKey.rt,languageCatalanTimeKey.keys,languageCatalanTimeKey.rt,languageSpanishOralKey.keys,languageSpanishOralKey.rt,languageSpanishWrittenKey.keys,languageSpanishWrittenKey.rt,languageSpanishTimeKey.keys,languageSpanishTimeKey.rt,age,demoSexKey.keys,demoSexKey.rt,demoEducationKey.keys,demoEducationKey.rt,city,demoVisionKey.keys,demoVisionKey.rt,demoLanguageKey.keys,demoLanguageKey.rt,setupLocationKey.keys,setupLocationKey.rt,setupNoiseKey.keys,setupNoiseKey.rt,instructionsKeys.keys,instructionsKeys.rt,keyPressed,keyPressTime,inputText,error,trialsPracticeSpanish.thisRepN,trialsPracticeSpanish.thisTrialN,trialsPracticeSpanish.thisN,trialsPracticeSpanish.thisIndex,trialsPracticeSpanish.ran,trialsPracticeSpanish.order,trial_id,word,test_language,soundfile,date,expName,psychopyVersion,OS,frameRate,partcipant,trialOffset
space,0.094725,e,1.13075,,,,,,3,0.830515,4,0.258235,5,0.419575,4,0.507735,4,0.447075,3,0.321285,3,f,1.07875,2,0.980065,T,y,1.835495,y,1.46772,4,0.815685,4,0.817165,space,1.38069,c,1.554215,C,FALSE,1,0,5,0,1,4,1,arbol,Spanish,Sounds/spa_arbol.mp3,2020-05-26_21h04.11.383,TranslationElicitation_eng,2020.1.2,MacIntel,60,Gonzalo,
,,,,,,,,,,,,,,,,,,,,,,,,,,,,,,,,,,,,,o,1.704245,CO,FALSE,1,0,5,0,1,4,1,arbol,Spanish,Sounds/spa_arbol.mp3,2020-05-26_21h04.11.383,TranslationElicitation_eng,2020.1.2,MacIntel,60,Gonzalo,
,,,,,,,,,,,,,,,,,,,,,,,,,,,,,,,,,,,,,r,1.787415,COR,FALSE,1,0,5,0,1,4,1,arbol,Spanish,Sounds/spa_arbol.mp3,2020-05-26_21h04.11.383,TranslationElicitation_eng,2020.1.2,MacIntel,60,Gonzalo,
,,,,,,,,,,,,,,,,,,,,,,,,,,,,,,,,,,,,,o,1.93742,CORO,FALSE,1,0,5,0,1,4,1,arbol,Spanish,Sounds/spa_arbol.mp3,2020-05-26_21h04.11.383,TranslationElicitation_eng,2020.1.2,MacIntel,60,Gonzalo,
,,,,,,,,,,,,,,,,,,,,,,,,,,,,,,,,,,,,,n,2.038165,CORON,FALSE,1,0,5,0,1,4,1,arbol,Spanish,Sounds/spa_arbol.mp3,2020-05-26_21h04.11.383,TranslationElicitation_eng,2020.1.2,MacIntel,60,Gonzalo,
,,,,,,,,,,,,,,,,,,,,,,,,,,,,,,,,,,,,,a,2.204635,CORONA,FALSE,1,0,5,0,1,4,1,arbol,Spanish,Sounds/spa_arbol.mp3,2020-05-26_21h04.11.383,TranslationElicitation_eng,2020.1.2,MacIntel,60,Gonzalo,
,,,,,,,,,,,,,,,,,,,,,,,,,,,,,,,,,,,,,return,3.592725,CORONA,FALSE,1,0,5,0,1,4,1,arbol,Spanish,Sounds/spa_arbol.mp3,2020-05-26_21h04.11.383,TranslationElicitation_eng,2020.1.2,MacIntel,60,Gonzalo,3.592725
,,,,,,,,,,,,,,,,,,,,,,,,,,,,,,,,,,,,,,,,,0,0,0,1,1,,30,corona,Spanish,Sounds/spa_corona.mp3,2020-05-26_21h04.11.383,TranslationElicitation_eng,2020.1.2,MacIntel,60,Gonzalo,
