consentKey.keys,consentKey.rt,languageL1Key.keys,languageL1Key.rt,languageL2,languageL2OralKey.keys,languageL2WrittenKey.keys,languageL3OralKey.keys,languageL3WrittenKey.keys,languageCatalanOralKey.keys,languageCatalanOralKey.rt,languageCatalanWrittenKey.keys,languageCatalanWrittenKey.rt,languageCatalanTimeKey.keys,languageCatalanTimeKey.rt,languageSpanishOralKey.keys,languageSpanishOralKey.rt,languageSpanishWrittenKey.keys,languageSpanishWrittenKey.rt,languageSpanishTimeKey.keys,languageSpanishTimeKey.rt,age,demoSexKey.keys,demoSexKey.rt,demoEducationKey.keys,demoEducationKey.rt,city,demoVisionKey.keys,demoVisionKey.rt,demoLanguageKey.keys,demoLanguageKey.rt,setupLocationKey.keys,setupLocationKey.rt,setupNoiseKey.keys,setupNoiseKey.rt,instructionsKeys.keys,instructionsKeys.rt,keyPressed,keyPressTime,inputText,error,trialsPracticeCatalan.thisRepN,trialsPracticeCatalan.thisTrialN,trialsPracticeCatalan.thisN,trialsPracticeCatalan.thisIndex,trialsPracticeCatalan.ran,trialsPracticeCatalan.order,trial_id,word,test_language,soundfile,date,expName,psychopyVersion,OS,frameRate,trialOffset
space,0.8334,e,1.431455,,,,,,3,0.97604,3,0.326155,3,0.148855,3,0.173375,3,0.14566,3,0.157445,3,f,1.073805,3,0.653875,G,y,1.132365,y,0.55069,2,0.66036,2,0.509905,space,1.140105,c,1.92556,C,FALSE,1,0,5,4,1,4,179,tigre,Catalan,Sounds/cat_tigre.mp3,2020-06-03_23h57.04.144,TranslationElicitation_eng,2020.1.2,MacIntel,60,
,,,,,,,,,,,,,,,,,,,,,,,,,,,,,,,,,,,,,o,2.052315,CO,FALSE,1,0,5,4,1,4,179,tigre,Catalan,Sounds/cat_tigre.mp3,2020-06-03_23h57.04.144,TranslationElicitation_eng,2020.1.2,MacIntel,60,
,,,,,,,,,,,,,,,,,,,,,,,,,,,,,,,,,,,,,r,2.153155,COR,FALSE,1,0,5,4,1,4,179,tigre,Catalan,Sounds/cat_tigre.mp3,2020-06-03_23h57.04.144,TranslationElicitation_eng,2020.1.2,MacIntel,60,
,,,,,,,,,,,,,,,,,,,,,,,,,,,,,,,,,,,,,o,2.336335,CORO,FALSE,1,0,5,4,1,4,179,tigre,Catalan,Sounds/cat_tigre.mp3,2020-06-03_23h57.04.144,TranslationElicitation_eng,2020.1.2,MacIntel,60,
,,,,,,,,,,,,,,,,,,,,,,,,,,,,,,,,,,,,,n,2.88895,CORON,FALSE,1,0,5,4,1,4,179,tigre,Catalan,Sounds/cat_tigre.mp3,2020-06-03_23h57.04.144,TranslationElicitation_eng,2020.1.2,MacIntel,60,
,,,,,,,,,,,,,,,,,,,,,,,,,,,,,,,,,,,,,a,3.63463,CORONA,FALSE,1,0,5,4,1,4,179,tigre,Catalan,Sounds/cat_tigre.mp3,2020-06-03_23h57.04.144,TranslationElicitation_eng,2020.1.2,MacIntel,60,
,,,,,,,,,,,,,,,,,,,,,,,,,,,,,,,,,,,,,return,3.99372,CORONA,FALSE,1,0,5,4,1,4,179,tigre,Catalan,Sounds/cat_tigre.mp3,2020-06-03_23h57.04.144,TranslationElicitation_eng,2020.1.2,MacIntel,60,3.99372
,,,,,,,,,,,,,,,,,,,,,,,,,,,,,,,,,,,,,,,,,0,0,0,1,1,,126,corona,Catalan,Sounds/cat_corona.mp3,2020-06-03_23h57.04.144,TranslationElicitation_eng,2020.1.2,MacIntel,60,
,,,,,,,,,,,,,,,,,,,,,,,,,,,,,,,,,,,,,j,2.207375,J,FALSE,1,0,5,4,1,4,179,tigre,Catalan,Sounds/cat_tigre.mp3,2020-06-03_23h57.04.144,TranslationElicitation_eng,2020.1.2,MacIntel,60,
,,,,,,,,,,,,,,,,,,,,,,,,,,,,,,,,,,,,,return,28.83851,J,FALSE,1,0,5,4,1,4,179,tigre,Catalan,Sounds/cat_tigre.mp3,2020-06-03_23h57.04.144,TranslationElicitation_eng,2020.1.2,MacIntel,60,28.83851
,,,,,,,,,,,,,,,,,,,,,,,,,,,,,,,,,,,,,,,,,0,1,1,2,1,,147,jaqueta,Catalan,Sounds/cat_jaqueta.mp3,2020-06-03_23h57.04.144,TranslationElicitation_eng,2020.1.2,MacIntel,60,
,,,,,,,,,,,,,,,,,,,,,,,,,,,,,,,,,,,,,o,1.21748,O,FALSE,1,0,5,4,1,4,179,tigre,Catalan,Sounds/cat_tigre.mp3,2020-06-03_23h57.04.144,TranslationElicitation_eng,2020.1.2,MacIntel,60,
,,,,,,,,,,,,,,,,,,,,,,,,,,,,,,,,,,,,,l,1.35498,OL,FALSE,1,0,5,4,1,4,179,tigre,Catalan,Sounds/cat_tigre.mp3,2020-06-03_23h57.04.144,TranslationElicitation_eng,2020.1.2,MacIntel,60,
,,,,,,,,,,,,,,,,,,,,,,,,,,,,,,,,,,,,,a,1.48915,OLA,FALSE,1,0,5,4,1,4,179,tigre,Catalan,Sounds/cat_tigre.mp3,2020-06-03_23h57.04.144,TranslationElicitation_eng,2020.1.2,MacIntel,60,
,,,,,,,,,,,,,,,,,,,,,,,,,,,,,,,,,,,,,return,1.640935,OLA,FALSE,1,0,5,4,1,4,179,tigre,Catalan,Sounds/cat_tigre.mp3,2020-06-03_23h57.04.144,TranslationElicitation_eng,2020.1.2,MacIntel,60,1.640935
,,,,,,,,,,,,,,,,,,,,,,,,,,,,,,,,,,,,,,,,,0,2,2,3,1,,159,onada,Catalan,Sounds/cat_onada.mp3,2020-06-03_23h57.04.144,TranslationElicitation_eng,2020.1.2,MacIntel,60,
