consentKey.keys,consentKey.rt,languageL1Key.keys,languageL1Key.rt,languageL2,languageL2OralKey.keys,languageL2WrittenKey.keys,languageL3OralKey.keys,languageL3WrittenKey.keys,languageCatalanOralKey.keys,languageCatalanOralKey.rt,languageCatalanWrittenKey.keys,languageCatalanWrittenKey.rt,languageCatalanTimeKey.keys,languageCatalanTimeKey.rt,languageSpanishOralKey.keys,languageSpanishOralKey.rt,languageSpanishWrittenKey.keys,languageSpanishWrittenKey.rt,languageSpanishTimeKey.keys,languageSpanishTimeKey.rt,age,demoSexKey.keys,demoSexKey.rt,demoEducationKey.keys,demoEducationKey.rt,city,demoVisionKey.keys,demoVisionKey.rt,demoLanguageKey.keys,demoLanguageKey.rt,setupLocationKey.keys,setupLocationKey.rt,setupNoiseKey.keys,setupNoiseKey.rt,instructionsKeys.keys,instructionsKeys.rt,keyPressed,keyPressTime,inputText,error,trialsPracticeCatalan.thisRepN,trialsPracticeCatalan.thisTrialN,trialsPracticeCatalan.thisN,trialsPracticeCatalan.thisIndex,trialsPracticeCatalan.ran,trialsPracticeCatalan.order,trial_id,word,test_language,soundfile,date,expName,psychopyVersion,OS,frameRate,trialOffset
space,0.097525,e,1.1991,,,,,,2,0.570495,2,0.14144,2,0.132405,2,0.15355,2,0.129325,2,0.19731,2222,m,1.49142,2,0.614655,O,y,1.33029,y,0.101495,2,0.47822,2,0.156125,space,0.84035,t,2.053115,T,FALSE,1,0,5,1,1,4,126,corona,Catalan,Sounds/cat_corona.mp3,2020-06-03_23h52.05.923,TranslationElicitation_eng,2020.1.2,MacIntel,60,
,,,,,,,,,,,,,,,,,,,,,,,,,,,,,,,,,,,,,r,2.14123,TR,FALSE,1,0,5,1,1,4,126,corona,Catalan,Sounds/cat_corona.mp3,2020-06-03_23h52.05.923,TranslationElicitation_eng,2020.1.2,MacIntel,60,
,,,,,,,,,,,,,,,,,,,,,,,,,,,,,,,,,,,,,e,2.219895,TRE,FALSE,1,0,5,1,1,4,126,corona,Catalan,Sounds/cat_corona.mp3,2020-06-03_23h52.05.923,TranslationElicitation_eng,2020.1.2,MacIntel,60,
,,,,,,,,,,,,,,,,,,,,,,,,,,,,,,,,,,,,,e,2.40351,TREE,FALSE,1,0,5,1,1,4,126,corona,Catalan,Sounds/cat_corona.mp3,2020-06-03_23h52.05.923,TranslationElicitation_eng,2020.1.2,MacIntel,60,
,,,,,,,,,,,,,,,,,,,,,,,,,,,,,,,,,,,,,return,2.655255,TREE,FALSE,1,0,5,1,1,4,126,corona,Catalan,Sounds/cat_corona.mp3,2020-06-03_23h52.05.923,TranslationElicitation_eng,2020.1.2,MacIntel,60,2.655255
,,,,,,,,,,,,,,,,,,,,,,,,,,,,,,,,,,,,,,,,,0,0,0,0,1,,109,arbre,Catalan,Sounds/cat_arbre.mp3,2020-06-03_23h52.05.923,TranslationElicitation_eng,2020.1.2,MacIntel,60,
,,,,,,,,,,,,,,,,,,,,,,,,,,,,,,,,,,,,,c,1.38611,C,FALSE,1,0,5,1,1,4,126,corona,Catalan,Sounds/cat_corona.mp3,2020-06-03_23h52.05.923,TranslationElicitation_eng,2020.1.2,MacIntel,60,
,,,,,,,,,,,,,,,,,,,,,,,,,,,,,,,,,,,,,h,1.47242,CH,FALSE,1,0,5,1,1,4,126,corona,Catalan,Sounds/cat_corona.mp3,2020-06-03_23h52.05.923,TranslationElicitation_eng,2020.1.2,MacIntel,60,
,,,,,,,,,,,,,,,,,,,,,,,,,,,,,,,,,,,,,a,1.67288,CHA,FALSE,1,0,5,1,1,4,126,corona,Catalan,Sounds/cat_corona.mp3,2020-06-03_23h52.05.923,TranslationElicitation_eng,2020.1.2,MacIntel,60,
,,,,,,,,,,,,,,,,,,,,,,,,,,,,,,,,,,,,,q,1.85685,CHAQ,FALSE,1,0,5,1,1,4,126,corona,Catalan,Sounds/cat_corona.mp3,2020-06-03_23h52.05.923,TranslationElicitation_eng,2020.1.2,MacIntel,60,
,,,,,,,,,,,,,,,,,,,,,,,,,,,,,,,,,,,,,u,1.97356,CHAQU,FALSE,1,0,5,1,1,4,126,corona,Catalan,Sounds/cat_corona.mp3,2020-06-03_23h52.05.923,TranslationElicitation_eng,2020.1.2,MacIntel,60,
,,,,,,,,,,,,,,,,,,,,,,,,,,,,,,,,,,,,,e,2.03745,CHAQUE,FALSE,1,0,5,1,1,4,126,corona,Catalan,Sounds/cat_corona.mp3,2020-06-03_23h52.05.923,TranslationElicitation_eng,2020.1.2,MacIntel,60,
,,,,,,,,,,,,,,,,,,,,,,,,,,,,,,,,,,,,,t,2.20818,CHAQUET,FALSE,1,0,5,1,1,4,126,corona,Catalan,Sounds/cat_corona.mp3,2020-06-03_23h52.05.923,TranslationElicitation_eng,2020.1.2,MacIntel,60,
,,,,,,,,,,,,,,,,,,,,,,,,,,,,,,,,,,,,,a,2.40957,CHAQUETA,FALSE,1,0,5,1,1,4,126,corona,Catalan,Sounds/cat_corona.mp3,2020-06-03_23h52.05.923,TranslationElicitation_eng,2020.1.2,MacIntel,60,
,,,,,,,,,,,,,,,,,,,,,,,,,,,,,,,,,,,,,return,2.54284,CHAQUETA,FALSE,1,0,5,1,1,4,126,corona,Catalan,Sounds/cat_corona.mp3,2020-06-03_23h52.05.923,TranslationElicitation_eng,2020.1.2,MacIntel,60,2.54284
,,,,,,,,,,,,,,,,,,,,,,,,,,,,,,,,,,,,,,,,,0,1,1,2,1,,147,jaqueta,Catalan,Sounds/cat_jaqueta.mp3,2020-06-03_23h52.05.923,TranslationElicitation_eng,2020.1.2,MacIntel,60,
,,,,,,,,,,,,,,,,,,,,,,,,,,,,,,,,,,,,,i,1.881765,I,FALSE,1,0,5,1,1,4,126,corona,Catalan,Sounds/cat_corona.mp3,2020-06-03_23h52.05.923,TranslationElicitation_eng,2020.1.2,MacIntel,60,
,,,,,,,,,,,,,,,,,,,,,,,,,,,,,,,,,,,,,g,1.932165,IG,FALSE,1,0,5,1,1,4,126,corona,Catalan,Sounds/cat_corona.mp3,2020-06-03_23h52.05.923,TranslationElicitation_eng,2020.1.2,MacIntel,60,
,,,,,,,,,,,,,,,,,,,,,,,,,,,,,,,,,,,,,backspace,2.482775,,TRUE,1,0,5,1,1,4,126,corona,Catalan,Sounds/cat_corona.mp3,2020-06-03_23h52.05.923,TranslationElicitation_eng,2020.1.2,MacIntel,60,
,,,,,,,,,,,,,,,,,,,,,,,,,,,,,,,,,,,,,backspace,2.633685,,TRUE,1,0,5,1,1,4,126,corona,Catalan,Sounds/cat_corona.mp3,2020-06-03_23h52.05.923,TranslationElicitation_eng,2020.1.2,MacIntel,60,
,,,,,,,,,,,,,,,,,,,,,,,,,,,,,,,,,,,,,t,2.91665,T,TRUE,1,0,5,1,1,4,126,corona,Catalan,Sounds/cat_corona.mp3,2020-06-03_23h52.05.923,TranslationElicitation_eng,2020.1.2,MacIntel,60,
,,,,,,,,,,,,,,,,,,,,,,,,,,,,,,,,,,,,,i,3.002015,TI,TRUE,1,0,5,1,1,4,126,corona,Catalan,Sounds/cat_corona.mp3,2020-06-03_23h52.05.923,TranslationElicitation_eng,2020.1.2,MacIntel,60,
,,,,,,,,,,,,,,,,,,,,,,,,,,,,,,,,,,,,,g,3.067635,TIG,TRUE,1,0,5,1,1,4,126,corona,Catalan,Sounds/cat_corona.mp3,2020-06-03_23h52.05.923,TranslationElicitation_eng,2020.1.2,MacIntel,60,
,,,,,,,,,,,,,,,,,,,,,,,,,,,,,,,,,,,,,r,3.236405,TIGR,TRUE,1,0,5,1,1,4,126,corona,Catalan,Sounds/cat_corona.mp3,2020-06-03_23h52.05.923,TranslationElicitation_eng,2020.1.2,MacIntel,60,
,,,,,,,,,,,,,,,,,,,,,,,,,,,,,,,,,,,,,e,3.352755,TIGRE,TRUE,1,0,5,1,1,4,126,corona,Catalan,Sounds/cat_corona.mp3,2020-06-03_23h52.05.923,TranslationElicitation_eng,2020.1.2,MacIntel,60,
,,,,,,,,,,,,,,,,,,,,,,,,,,,,,,,,,,,,,backspace,3.654805,TIG,TRUE,1,0,5,1,1,4,126,corona,Catalan,Sounds/cat_corona.mp3,2020-06-03_23h52.05.923,TranslationElicitation_eng,2020.1.2,MacIntel,60,
,,,,,,,,,,,,,,,,,,,,,,,,,,,,,,,,,,,,,r,4.309415,TIGR,TRUE,1,0,5,1,1,4,126,corona,Catalan,Sounds/cat_corona.mp3,2020-06-03_23h52.05.923,TranslationElicitation_eng,2020.1.2,MacIntel,60,
,,,,,,,,,,,,,,,,,,,,,,,,,,,,,,,,,,,,,backspace,4.678495,TI,TRUE,1,0,5,1,1,4,126,corona,Catalan,Sounds/cat_corona.mp3,2020-06-03_23h52.05.923,TranslationElicitation_eng,2020.1.2,MacIntel,60,
,,,,,,,,,,,,,,,,,,,,,,,,,,,,,,,,,,,,,e,4.81107,TIE,TRUE,1,0,5,1,1,4,126,corona,Catalan,Sounds/cat_corona.mp3,2020-06-03_23h52.05.923,TranslationElicitation_eng,2020.1.2,MacIntel,60,
,,,,,,,,,,,,,,,,,,,,,,,,,,,,,,,,,,,,,r,4.87872,TIER,TRUE,1,0,5,1,1,4,126,corona,Catalan,Sounds/cat_corona.mp3,2020-06-03_23h52.05.923,TranslationElicitation_eng,2020.1.2,MacIntel,60,
,,,,,,,,,,,,,,,,,,,,,,,,,,,,,,,,,,,,,return,5.096715,TIER,TRUE,1,0,5,1,1,4,126,corona,Catalan,Sounds/cat_corona.mp3,2020-06-03_23h52.05.923,TranslationElicitation_eng,2020.1.2,MacIntel,60,5.096715
,,,,,,,,,,,,,,,,,,,,,,,,,,,,,,,,,,,,,,,,,0,2,2,4,1,,179,tigre,Catalan,Sounds/cat_tigre.mp3,2020-06-03_23h52.05.923,TranslationElicitation_eng,2020.1.2,MacIntel,60,
