consentKey.keys,consentKey.rt,languageL1Key.keys,languageL1Key.rt,languageL2,languageL2OralKey.keys,languageL2WrittenKey.keys,languageL3OralKey.keys,languageL3WrittenKey.keys,languageCatalanOralKey.keys,languageCatalanOralKey.rt,languageCatalanWrittenKey.keys,languageCatalanWrittenKey.rt,languageCatalanTimeKey.keys,languageCatalanTimeKey.rt,languageSpanishOralKey.keys,languageSpanishOralKey.rt,languageSpanishWrittenKey.keys,languageSpanishWrittenKey.rt,languageSpanishTimeKey.keys,languageSpanishTimeKey.rt,age,demoSexKey.keys,demoSexKey.rt,demoEducationKey.keys,demoEducationKey.rt,city,demoVisionKey.keys,demoVisionKey.rt,demoLanguageKey.keys,demoLanguageKey.rt,setupLocationKey.keys,setupLocationKey.rt,setupNoiseKey.keys,setupNoiseKey.rt,instructionsKeys.keys,instructionsKeys.rt,keyPressed,keyPressTime,inputText,error,trialsPracticeSpanish.thisRepN,trialsPracticeSpanish.thisTrialN,trialsPracticeSpanish.thisN,trialsPracticeSpanish.thisIndex,trialsPracticeSpanish.ran,trialsPracticeSpanish.order,trial_id,word,test_language,soundfile,date,expName,psychopyVersion,OS,frameRate,participant,trialOffset,trialsSpanish.thisRepN,trialsSpanish.thisTrialN,trialsSpanish.thisN,trialsSpanish.thisIndex,trialsSpanish.ran,trialsSpanish.order
space,0.589355,e,1.914545,,,,,,1,2.29838,1,1.406945,1,1.019065,1,0.809395,1,0.65697,1,0.6957,1,f,1.37354,1,1.067025,O,y,1.619175,n,2.09444,1,3.436195,1,1.07269,space,1.285715,a,2.066045,A,FALSE,1,0,5,4,1,4,96,tigre,Spanish,Sounds/spa_tigre.mp3,2020-06-03_11h57.52.286,TranslationElicitation_eng,2020.1.2,Win32,60,serene,,,,,,,
,,,,,,,,,,,,,,,,,,,,,,,,,,,,,,,,,,,,,return,2.41773,A,FALSE,1,0,5,4,1,4,96,tigre,Spanish,Sounds/spa_tigre.mp3,2020-06-03_11h57.52.286,TranslationElicitation_eng,2020.1.2,Win32,60,serene,2.41773,,,,,,
,,,,,,,,,,,,,,,,,,,,,,,,,,,,,,,,,,,,,,,,,0,0,0,0,1,,1,arbol,Spanish,Sounds/spa_arbol.mp3,2020-06-03_11h57.52.286,TranslationElicitation_eng,2020.1.2,Win32,60,serene,,,,,,,
,,,,,,,,,,,,,,,,,,,,,,,,,,,,,,,,,,,,,b,1.342345,B,FALSE,1,0,5,4,1,4,96,tigre,Spanish,Sounds/spa_tigre.mp3,2020-06-03_11h57.52.286,TranslationElicitation_eng,2020.1.2,Win32,60,serene,,,,,,,
,,,,,,,,,,,,,,,,,,,,,,,,,,,,,,,,,,,,,return,1.85183,B,FALSE,1,0,5,4,1,4,96,tigre,Spanish,Sounds/spa_tigre.mp3,2020-06-03_11h57.52.286,TranslationElicitation_eng,2020.1.2,Win32,60,serene,1.85183,,,,,,
,,,,,,,,,,,,,,,,,,,,,,,,,,,,,,,,,,,,,,,,,0,1,1,3,1,,70,ola,Spanish,Sounds/spa_ola.mp3,2020-06-03_11h57.52.286,TranslationElicitation_eng,2020.1.2,Win32,60,serene,,,,,,,
,,,,,,,,,,,,,,,,,,,,,,,,,,,,,,,,,,,,,c,1.40323,C,FALSE,1,0,5,4,1,4,96,tigre,Spanish,Sounds/spa_tigre.mp3,2020-06-03_11h57.52.286,TranslationElicitation_eng,2020.1.2,Win32,60,serene,,,,,,,
,,,,,,,,,,,,,,,,,,,,,,,,,,,,,,,,,,,,,return,1.817255,C,FALSE,1,0,5,4,1,4,96,tigre,Spanish,Sounds/spa_tigre.mp3,2020-06-03_11h57.52.286,TranslationElicitation_eng,2020.1.2,Win32,60,serene,1.817255,,,,,,
,,,,,,,,,,,,,,,,,,,,,,,,,,,,,,,,,,,,,,,,,0,2,2,2,1,,26,chaqueta,Spanish,Sounds/spa_chaqueta.mp3,2020-06-03_11h57.52.286,TranslationElicitation_eng,2020.1.2,Win32,60,serene,,,,,,,
,,,,,,,,,,,,,,,,,,,,,,,,,,,,,,,,,,,,,d,1.812375,D,FALSE,1,0,5,4,1,4,96,tigre,Spanish,Sounds/spa_tigre.mp3,2020-06-03_11h57.52.286,TranslationElicitation_eng,2020.1.2,Win32,60,serene,,,,,,,
,,,,,,,,,,,,,,,,,,,,,,,,,,,,,,,,,,,,,return,2.290605,D,FALSE,1,0,5,4,1,4,96,tigre,Spanish,Sounds/spa_tigre.mp3,2020-06-03_11h57.52.286,TranslationElicitation_eng,2020.1.2,Win32,60,serene,2.290605,,,,,,
,,,,,,,,,,,,,,,,,,,,,,,,,,,,,,,,,,,,,,,,,0,3,3,1,1,,30,corona,Spanish,Sounds/spa_corona.mp3,2020-06-03_11h57.52.286,TranslationElicitation_eng,2020.1.2,Win32,60,serene,,,,,,,
,,,,,,,,,,,,,,,,,,,,,,,,,,,,,,,,,,,,,e,1.65611,E,FALSE,1,0,5,4,1,4,96,tigre,Spanish,Sounds/spa_tigre.mp3,2020-06-03_11h57.52.286,TranslationElicitation_eng,2020.1.2,Win32,60,serene,,,,,,,
,,,,,,,,,,,,,,,,,,,,,,,,,,,,,,,,,,,,,return,2.101725,E,FALSE,1,0,5,4,1,4,96,tigre,Spanish,Sounds/spa_tigre.mp3,2020-06-03_11h57.52.286,TranslationElicitation_eng,2020.1.2,Win32,60,serene,2.101725,,,,,,
,,,,,,,,,,,,,,,,,,,,,,,,,,,,,,,,,,,,,a,1.40497,A,FALSE,,,,,,,11,boton,Spanish,Sounds/spa_boton.mp3,2020-06-03_11h57.52.286,TranslationElicitation_eng,2020.1.2,Win32,60,serene,,1,0,98,9,1,97
,,,,,,,,,,,,,,,,,,,,,,,,,,,,,,,,,,,,,return,1.97876,A,FALSE,,,,,,,11,boton,Spanish,Sounds/spa_boton.mp3,2020-06-03_11h57.52.286,TranslationElicitation_eng,2020.1.2,Win32,60,serene,1.97876,1,0,98,9,1,97
,,,,,,,,,,,,,,,,,,,,,,,,,,,,,,,,,,,,,,,,,,,,,,,12,brazo,Spanish,Sounds/spa_brazo.mp3,2020-06-03_11h57.52.286,TranslationElicitation_eng,2020.1.2,Win32,60,serene,,0,0,0,10,1,
