consentKey.keys,consentKey.rt,languageL1Key.keys,languageL1Key.rt,languageL2,languageL2OralKey.keys,languageL2WrittenKey.keys,languageL3OralKey.keys,languageL3WrittenKey.keys,languageCatalanOralKey.keys,languageCatalanOralKey.rt,languageCatalanWrittenKey.keys,languageCatalanWrittenKey.rt,languageCatalanTimeKey.keys,languageCatalanTimeKey.rt,languageSpanishOralKey.keys,languageSpanishOralKey.rt,languageSpanishWrittenKey.keys,languageSpanishWrittenKey.rt,languageSpanishTimeKey.keys,languageSpanishTimeKey.rt,age,demoSexKey.keys,demoSexKey.rt,demoEducationKey.keys,demoEducationKey.rt,city,demoVisionKey.keys,demoVisionKey.rt,demoLanguageKey.keys,demoLanguageKey.rt,setupLocationKey.keys,setupLocationKey.rt,setupNoiseKey.keys,setupNoiseKey.rt,instructionsKeys.keys,instructionsKeys.rt,keyPressed,keyPressTime,inputText,error,trialsPracticeSpanish.thisRepN,trialsPracticeSpanish.thisTrialN,trialsPracticeSpanish.thisN,trialsPracticeSpanish.thisIndex,trialsPracticeSpanish.ran,trialsPracticeSpanish.order,trial_id,word,test_language,soundfile,date,expName,psychopyVersion,OS,frameRate,participant,trialOffset,trialsSpanish.thisRepN,trialsSpanish.thisTrialN,trialsSpanish.thisN,trialsSpanish.thisIndex,trialsSpanish.ran,trialsSpanish.order
space,0.327045,e,0.806465,,,,,,1,0.873795,1,0.41616,1,0.18352,1,0.320115,1,0.36507,1,0.32682,1,f,1.062955,1,0.688885,O,y,1.107095,y,0.343525,1,0.711795,1,0.254535,space,0.925345,o,3.184225,O,FALSE,1,0,5,4,1,4,96,tigre,Spanish,Sounds/spa_tigre.mp3,2020-06-03_12h00.38.599,TranslationElicitation_eng,2020.1.2,Win32,60,serene2,,,,,,,
,,,,,,,,,,,,,,,,,,,,,,,,,,,,,,,,,,,,,return,3.617695,O,FALSE,1,0,5,4,1,4,96,tigre,Spanish,Sounds/spa_tigre.mp3,2020-06-03_12h00.38.599,TranslationElicitation_eng,2020.1.2,Win32,60,serene2,3.617695,,,,,,
,,,,,,,,,,,,,,,,,,,,,,,,,,,,,,,,,,,,,,,,,0,0,0,3,1,,70,ola,Spanish,Sounds/spa_ola.mp3,2020-06-03_12h00.38.599,TranslationElicitation_eng,2020.1.2,Win32,60,serene2,,,,,,,
,,,,,,,,,,,,,,,,,,,,,,,,,,,,,,,,,,,,,c,1.733935,C,FALSE,1,0,5,4,1,4,96,tigre,Spanish,Sounds/spa_tigre.mp3,2020-06-03_12h00.38.599,TranslationElicitation_eng,2020.1.2,Win32,60,serene2,,,,,,,
,,,,,,,,,,,,,,,,,,,,,,,,,,,,,,,,,,,,,return,2.050995,C,FALSE,1,0,5,4,1,4,96,tigre,Spanish,Sounds/spa_tigre.mp3,2020-06-03_12h00.38.599,TranslationElicitation_eng,2020.1.2,Win32,60,serene2,2.050995,,,,,,
,,,,,,,,,,,,,,,,,,,,,,,,,,,,,,,,,,,,,,,,,0,1,1,1,1,,30,corona,Spanish,Sounds/spa_corona.mp3,2020-06-03_12h00.38.599,TranslationElicitation_eng,2020.1.2,Win32,60,serene2,,,,,,,
,,,,,,,,,,,,,,,,,,,,,,,,,,,,,,,,,,,,,j,2.11756,J,FALSE,1,0,5,4,1,4,96,tigre,Spanish,Sounds/spa_tigre.mp3,2020-06-03_12h00.38.599,TranslationElicitation_eng,2020.1.2,Win32,60,serene2,,,,,,,
,,,,,,,,,,,,,,,,,,,,,,,,,,,,,,,,,,,,,return,2.33427,J,FALSE,1,0,5,4,1,4,96,tigre,Spanish,Sounds/spa_tigre.mp3,2020-06-03_12h00.38.599,TranslationElicitation_eng,2020.1.2,Win32,60,serene2,2.33427,,,,,,
,,,,,,,,,,,,,,,,,,,,,,,,,,,,,,,,,,,,,,,,,0,2,2,2,1,,26,chaqueta,Spanish,Sounds/spa_chaqueta.mp3,2020-06-03_12h00.38.599,TranslationElicitation_eng,2020.1.2,Win32,60,serene2,,,,,,,
,,,,,,,,,,,,,,,,,,,,,,,,,,,,,,,,,,,,,a,1.53363,A,FALSE,1,0,5,4,1,4,96,tigre,Spanish,Sounds/spa_tigre.mp3,2020-06-03_12h00.38.599,TranslationElicitation_eng,2020.1.2,Win32,60,serene2,,,,,,,
,,,,,,,,,,,,,,,,,,,,,,,,,,,,,,,,,,,,,return,1.783735,A,FALSE,1,0,5,4,1,4,96,tigre,Spanish,Sounds/spa_tigre.mp3,2020-06-03_12h00.38.599,TranslationElicitation_eng,2020.1.2,Win32,60,serene2,1.783735,,,,,,
,,,,,,,,,,,,,,,,,,,,,,,,,,,,,,,,,,,,,,,,,0,3,3,0,1,,1,arbol,Spanish,Sounds/spa_arbol.mp3,2020-06-03_12h00.38.599,TranslationElicitation_eng,2020.1.2,Win32,60,serene2,,,,,,,
,,,,,,,,,,,,,,,,,,,,,,,,,,,,,,,,,,,,,t,1.534235,T,FALSE,1,0,5,4,1,4,96,tigre,Spanish,Sounds/spa_tigre.mp3,2020-06-03_12h00.38.599,TranslationElicitation_eng,2020.1.2,Win32,60,serene2,,,,,,,
,,,,,,,,,,,,,,,,,,,,,,,,,,,,,,,,,,,,,return,1.88442,T,FALSE,1,0,5,4,1,4,96,tigre,Spanish,Sounds/spa_tigre.mp3,2020-06-03_12h00.38.599,TranslationElicitation_eng,2020.1.2,Win32,60,serene2,1.88442,,,,,,
,,,,,,,,,,,,,,,,,,,,,,,,,,,,,,,,,,,,,h,1.250505,H,FALSE,,,,,,,19,camiseta,Spanish,Sounds/spa_camiseta.mp3,2020-06-03_12h00.38.599,TranslationElicitation_eng,2020.1.2,Win32,60,serene2,,1,0,98,17,1,97
,,,,,,,,,,,,,,,,,,,,,,,,,,,,,,,,,,,,,return,1.550625,H,FALSE,,,,,,,19,camiseta,Spanish,Sounds/spa_camiseta.mp3,2020-06-03_12h00.38.599,TranslationElicitation_eng,2020.1.2,Win32,60,serene2,1.550625,1,0,98,17,1,97
,,,,,,,,,,,,,,,,,,,,,,,,,,,,,,,,,,,,,,,,,,,,,,,49,hormiga,Spanish,Sounds/spa_hormiga.mp3,2020-06-03_12h00.38.599,TranslationElicitation_eng,2020.1.2,Win32,60,serene2,,0,0,0,45,1,
,,,,,,,,,,,,,,,,,,,,,,,,,,,,,,,,,,,,,g,1.416885,G,FALSE,,,,,,,19,camiseta,Spanish,Sounds/spa_camiseta.mp3,2020-06-03_12h00.38.599,TranslationElicitation_eng,2020.1.2,Win32,60,serene2,,1,0,98,17,1,97
,,,,,,,,,,,,,,,,,,,,,,,,,,,,,,,,,,,,,return,2.2843,G,FALSE,,,,,,,19,camiseta,Spanish,Sounds/spa_camiseta.mp3,2020-06-03_12h00.38.599,TranslationElicitation_eng,2020.1.2,Win32,60,serene2,2.2843,1,0,98,17,1,97
,,,,,,,,,,,,,,,,,,,,,,,,,,,,,,,,,,,,,,,,,,,,,,,45,gorro,Spanish,Sounds/spa_gorro.mp3,2020-06-03_12h00.38.599,TranslationElicitation_eng,2020.1.2,Win32,60,serene2,,0,1,1,41,1,
,,,,,,,,,,,,,,,,,,,,,,,,,,,,,,,,,,,,,p,1.03396,P,FALSE,,,,,,,19,camiseta,Spanish,Sounds/spa_camiseta.mp3,2020-06-03_12h00.38.599,TranslationElicitation_eng,2020.1.2,Win32,60,serene2,,1,0,98,17,1,97
,,,,,,,,,,,,,,,,,,,,,,,,,,,,,,,,,,,,,return,1.33427,P,FALSE,,,,,,,19,camiseta,Spanish,Sounds/spa_camiseta.mp3,2020-06-03_12h00.38.599,TranslationElicitation_eng,2020.1.2,Win32,60,serene2,1.33427,1,0,98,17,1,97
,,,,,,,,,,,,,,,,,,,,,,,,,,,,,,,,,,,,,,,,,,,,,,,74,pajaro,Spanish,Sounds/spa_pajaro.mp3,2020-06-03_12h00.38.599,TranslationElicitation_eng,2020.1.2,Win32,60,serene2,,0,2,2,69,1,
,,,,,,,,,,,,,,,,,,,,,,,,,,,,,,,,,,,,,m,1.18357,M,FALSE,,,,,,,19,camiseta,Spanish,Sounds/spa_camiseta.mp3,2020-06-03_12h00.38.599,TranslationElicitation_eng,2020.1.2,Win32,60,serene2,,1,0,98,17,1,97
,,,,,,,,,,,,,,,,,,,,,,,,,,,,,,,,,,,,,return,1.50045,M,FALSE,,,,,,,19,camiseta,Spanish,Sounds/spa_camiseta.mp3,2020-06-03_12h00.38.599,TranslationElicitation_eng,2020.1.2,Win32,60,serene2,1.50045,1,0,98,17,1,97
,,,,,,,,,,,,,,,,,,,,,,,,,,,,,,,,,,,,,,,,,,,,,,,62,martillo,Spanish,Sounds/spa_martillo.mp3,2020-06-03_12h00.38.599,TranslationElicitation_eng,2020.1.2,Win32,60,serene2,,0,3,3,58,1,
,,,,,,,,,,,,,,,,,,,,,,,,,,,,,,,,,,,,,o,1.36797,O,FALSE,,,,,,,19,camiseta,Spanish,Sounds/spa_camiseta.mp3,2020-06-03_12h00.38.599,TranslationElicitation_eng,2020.1.2,Win32,60,serene2,,1,0,98,17,1,97
,,,,,,,,,,,,,,,,,,,,,,,,,,,,,,,,,,,,,return,1.65065,O,FALSE,,,,,,,19,camiseta,Spanish,Sounds/spa_camiseta.mp3,2020-06-03_12h00.38.599,TranslationElicitation_eng,2020.1.2,Win32,60,serene2,1.65065,1,0,98,17,1,97
,,,,,,,,,,,,,,,,,,,,,,,,,,,,,,,,,,,,,,,,,,,,,,,71,ombligo,Spanish,Sounds/spa_ombligo.mp3,2020-06-03_12h00.38.599,TranslationElicitation_eng,2020.1.2,Win32,60,serene2,,0,4,4,66,1,
,,,,,,,,,,,,,,,,,,,,,,,,,,,,,,,,,,,,,l,1.63407,L,FALSE,,,,,,,19,camiseta,Spanish,Sounds/spa_camiseta.mp3,2020-06-03_12h00.38.599,TranslationElicitation_eng,2020.1.2,Win32,60,serene2,,1,0,98,17,1,97
