consentKey.keys,consentKey.rt,languageL1Key.keys,languageL1Key.rt,languageL2,languageL2OralKey.keys,languageL2OralKey.rt,languageL2WrittenKey.keys,languageL2WrittenKey.rt,languageL3,languageL3OralKey.keys,languageL3OralKey.rt,languageL3WrittenKey.keys,languageL3WrittenKey.rt,languageCatalanOralKey.keys,languageCatalanOralKey.rt,languageCatalanWrittenKey.keys,languageCatalanWrittenKey.rt,languageCatalanTimeKey.keys,languageCatalanTimeKey.rt,languageSpanishOralKey.keys,languageSpanishOralKey.rt,languageSpanishWrittenKey.keys,languageSpanishWrittenKey.rt,languageSpanishTimeKey.keys,languageSpanishTimeKey.rt,age,demoSexKey.keys,demoSexKey.rt,demoEducationKey.keys,demoEducationKey.rt,city,demoVisionKey.keys,demoVisionKey.rt,demoLanguageKey.keys,demoLanguageKey.rt,setupLocationKey.keys,setupLocationKey.rt,setupNoiseKey.keys,setupNoiseKey.rt,instructionsKeys.keys,instructionsKeys.rt,keyPressed,keyPressTime,inputText,error,trialsPracticeCatalan.thisRepN,trialsPracticeCatalan.thisTrialN,trialsPracticeCatalan.thisN,trialsPracticeCatalan.thisIndex,trialsPracticeCatalan.ran,trialsPracticeCatalan.order,trial_id,word,test_language,soundfile,date,expName,psychopyVersion,OS,frameRate,participant,STUDY_ID,SESSION_ID,trialOffset
space,0.29891,e,1.27686, ,1,0.41445,1,0.155595, ,1,0.454585,1,0.22116,1,0.2045,1,0.15323,1,0.100875,1,0.152345,1,0.10286,1,0.15113,11,f,1.23442,1,0.549895,SPACE,y,1.34152,y,0.28782,1,0.767355,1,0.74881,space,0.921535,z,1.90954,Z,FALSE,1,0,5,3,1,4,159,onada,Catalan,Sounds/cat_onada.mp3,2020-05-27_10h53.00.869,TranslationElicitation_eng,2020.1.2,Win32,60,{{%PROLIFIC_PID%}},{{%STUDY_ID%}},{{%SESSION_ID%}},
,,,,,,,,,,,,,,,,,,,,,,,,,,,,,,,,,,,,,,,,,,return,2.355,Z,FALSE,1,0,5,3,1,4,159,onada,Catalan,Sounds/cat_onada.mp3,2020-05-27_10h53.00.869,TranslationElicitation_eng,2020.1.2,Win32,60,{{%PROLIFIC_PID%}},{{%STUDY_ID%}},{{%SESSION_ID%}},2.355
,,,,,,,,,,,,,,,,,,,,,,,,,,,,,,,,,,,,,,,,,,,,,,0,0,0,0,1,,109,arbre,Catalan,Sounds/cat_arbre.mp3,2020-05-27_10h53.00.869,TranslationElicitation_eng,2020.1.2,Win32,60,{{%PROLIFIC_PID%}},{{%STUDY_ID%}},{{%SESSION_ID%}},
,,,,,,,,,,,,,,,,,,,,,,,,,,,,,,,,,,,,,,,,,,x,1.690135,X,FALSE,1,0,5,3,1,4,159,onada,Catalan,Sounds/cat_onada.mp3,2020-05-27_10h53.00.869,TranslationElicitation_eng,2020.1.2,Win32,60,{{%PROLIFIC_PID%}},{{%STUDY_ID%}},{{%SESSION_ID%}},
,,,,,,,,,,,,,,,,,,,,,,,,,,,,,,,,,,,,,,,,,,return,2.13771,X,FALSE,1,0,5,3,1,4,159,onada,Catalan,Sounds/cat_onada.mp3,2020-05-27_10h53.00.869,TranslationElicitation_eng,2020.1.2,Win32,60,{{%PROLIFIC_PID%}},{{%STUDY_ID%}},{{%SESSION_ID%}},2.13771
,,,,,,,,,,,,,,,,,,,,,,,,,,,,,,,,,,,,,,,,,,,,,,0,1,1,4,1,,179,tigre,Catalan,Sounds/cat_tigre.mp3,2020-05-27_10h53.00.869,TranslationElicitation_eng,2020.1.2,Win32,60,{{%PROLIFIC_PID%}},{{%STUDY_ID%}},{{%SESSION_ID%}},
,,,,,,,,,,,,,,,,,,,,,,,,,,,,,,,,,,,,,,,,,,c,1.17808,C,FALSE,1,0,5,3,1,4,159,onada,Catalan,Sounds/cat_onada.mp3,2020-05-27_10h53.00.869,TranslationElicitation_eng,2020.1.2,Win32,60,{{%PROLIFIC_PID%}},{{%STUDY_ID%}},{{%SESSION_ID%}},
,,,,,,,,,,,,,,,,,,,,,,,,,,,,,,,,,,,,,,,,,,return,1.945875,C,FALSE,1,0,5,3,1,4,159,onada,Catalan,Sounds/cat_onada.mp3,2020-05-27_10h53.00.869,TranslationElicitation_eng,2020.1.2,Win32,60,{{%PROLIFIC_PID%}},{{%STUDY_ID%}},{{%SESSION_ID%}},1.945875
,,,,,,,,,,,,,,,,,,,,,,,,,,,,,,,,,,,,,,,,,,,,,,0,2,2,2,1,,147,jaqueta,Catalan,Sounds/cat_jaqueta.mp3,2020-05-27_10h53.00.869,TranslationElicitation_eng,2020.1.2,Win32,60,{{%PROLIFIC_PID%}},{{%STUDY_ID%}},{{%SESSION_ID%}},
,,,,,,,,,,,,,,,,,,,,,,,,,,,,,,,,,,,,,,,,,,v,1.397835,V,FALSE,1,0,5,3,1,4,159,onada,Catalan,Sounds/cat_onada.mp3,2020-05-27_10h53.00.869,TranslationElicitation_eng,2020.1.2,Win32,60,{{%PROLIFIC_PID%}},{{%STUDY_ID%}},{{%SESSION_ID%}},
,,,,,,,,,,,,,,,,,,,,,,,,,,,,,,,,,,,,,,,,,,return,4.29944,V,FALSE,1,0,5,3,1,4,159,onada,Catalan,Sounds/cat_onada.mp3,2020-05-27_10h53.00.869,TranslationElicitation_eng,2020.1.2,Win32,60,{{%PROLIFIC_PID%}},{{%STUDY_ID%}},{{%SESSION_ID%}},4.29944
,,,,,,,,,,,,,,,,,,,,,,,,,,,,,,,,,,,,,,,,,,,,,,0,3,3,1,1,,126,corona,Catalan,Sounds/cat_corona.mp3,2020-05-27_10h53.00.869,TranslationElicitation_eng,2020.1.2,Win32,60,{{%PROLIFIC_PID%}},{{%STUDY_ID%}},{{%SESSION_ID%}},
,,,,,,,,,,,,,,,,,,,,,,,,,,,,,,,,,,,,,,,,,,b,1.339875,B,FALSE,1,0,5,3,1,4,159,onada,Catalan,Sounds/cat_onada.mp3,2020-05-27_10h53.00.869,TranslationElicitation_eng,2020.1.2,Win32,60,{{%PROLIFIC_PID%}},{{%STUDY_ID%}},{{%SESSION_ID%}},
,,,,,,,,,,,,,,,,,,,,,,,,,,,,,,,,,,,,,,,,,,return,2.01088,B,FALSE,1,0,5,3,1,4,159,onada,Catalan,Sounds/cat_onada.mp3,2020-05-27_10h53.00.869,TranslationElicitation_eng,2020.1.2,Win32,60,{{%PROLIFIC_PID%}},{{%STUDY_ID%}},{{%SESSION_ID%}},2.01088
