consentKey.keys,consentKey.rt,languageL1Key.keys,languageL1Key.rt,languageL2,languageL2OralKey.keys,languageL2OralKey.rt,languageL2WrittenKey.keys,languageL2WrittenKey.rt,languageL3,languageL3OralKey.keys,languageL3WrittenKey.keys,languageCatalanOralKey.keys,languageCatalanOralKey.rt,languageCatalanWrittenKey.keys,languageCatalanWrittenKey.rt,languageCatalanTimeKey.keys,languageCatalanTimeKey.rt,languageSpanishOralKey.keys,languageSpanishOralKey.rt,languageSpanishWrittenKey.keys,languageSpanishWrittenKey.rt,languageSpanishTimeKey.keys,languageSpanishTimeKey.rt,age,demoSexKey.keys,demoSexKey.rt,demoEducationKey.keys,demoEducationKey.rt,city,demoVisionKey.keys,demoVisionKey.rt,demoLanguageKey.keys,demoLanguageKey.rt,setupLocationKey.keys,setupLocationKey.rt,setupNoiseKey.keys,setupNoiseKey.rt,instructionsKeys.keys,instructionsKeys.rt,keyPressed,keyPressTime,inputText,error,trialsPracticeCatalan.thisRepN,trialsPracticeCatalan.thisTrialN,trialsPracticeCatalan.thisN,trialsPracticeCatalan.thisIndex,trialsPracticeCatalan.ran,trialsPracticeCatalan.order,trial_id,word,test_language,soundfile,date,expName,psychopyVersion,OS,frameRate,participant,STUDY_ID,SESSION_ID,trialOffset
space,0.152175,e,1.606005, ,1,1.470935,1,0.285845,,,,1,0.84068,1,0.26824,1,0.227005,1,0.164205,1,0.16598,1,0.204755,1,f,1.21683,1,0.862415,O,y,2.12982,y,0.9117,1,0.67922,1,0.377785,space,0.82886,a,1.86696,A,FALSE,1,0,5,0,1,4,109,arbre,Catalan,Sounds/cat_arbre.mp3,2020-05-27_10h49.20.984,TranslationElicitation_eng,2020.1.2,Win32,60,{{%PROLIFIC_PID%}},{{%STUDY_ID%}},{{%SESSION_ID%}},
,,,,,,,,,,,,,,,,,,,,,,,,,,,,,,,,,,,,,,,,return,2.28428,A,FALSE,1,0,5,0,1,4,109,arbre,Catalan,Sounds/cat_arbre.mp3,2020-05-27_10h49.20.984,TranslationElicitation_eng,2020.1.2,Win32,60,{{%PROLIFIC_PID%}},{{%STUDY_ID%}},{{%SESSION_ID%}},2.28428
,,,,,,,,,,,,,,,,,,,,,,,,,,,,,,,,,,,,,,,,,,,,0,0,0,1,1,,126,corona,Catalan,Sounds/cat_corona.mp3,2020-05-27_10h49.20.984,TranslationElicitation_eng,2020.1.2,Win32,60,{{%PROLIFIC_PID%}},{{%STUDY_ID%}},{{%SESSION_ID%}},
,,,,,,,,,,,,,,,,,,,,,,,,,,,,,,,,,,,,,,,,b,1.283915,B,FALSE,1,0,5,0,1,4,109,arbre,Catalan,Sounds/cat_arbre.mp3,2020-05-27_10h49.20.984,TranslationElicitation_eng,2020.1.2,Win32,60,{{%PROLIFIC_PID%}},{{%STUDY_ID%}},{{%SESSION_ID%}},
,,,,,,,,,,,,,,,,,,,,,,,,,,,,,,,,,,,,,,,,return,1.667465,B,FALSE,1,0,5,0,1,4,109,arbre,Catalan,Sounds/cat_arbre.mp3,2020-05-27_10h49.20.984,TranslationElicitation_eng,2020.1.2,Win32,60,{{%PROLIFIC_PID%}},{{%STUDY_ID%}},{{%SESSION_ID%}},1.667465
,,,,,,,,,,,,,,,,,,,,,,,,,,,,,,,,,,,,,,,,,,,,0,1,1,3,1,,159,onada,Catalan,Sounds/cat_onada.mp3,2020-05-27_10h49.20.984,TranslationElicitation_eng,2020.1.2,Win32,60,{{%PROLIFIC_PID%}},{{%STUDY_ID%}},{{%SESSION_ID%}},
,,,,,,,,,,,,,,,,,,,,,,,,,,,,,,,,,,,,,,,,c,1.51704,C,FALSE,1,0,5,0,1,4,109,arbre,Catalan,Sounds/cat_arbre.mp3,2020-05-27_10h49.20.984,TranslationElicitation_eng,2020.1.2,Win32,60,{{%PROLIFIC_PID%}},{{%STUDY_ID%}},{{%SESSION_ID%}},
,,,,,,,,,,,,,,,,,,,,,,,,,,,,,,,,,,,,,,,,c,1.750345,CC,FALSE,1,0,5,0,1,4,109,arbre,Catalan,Sounds/cat_arbre.mp3,2020-05-27_10h49.20.984,TranslationElicitation_eng,2020.1.2,Win32,60,{{%PROLIFIC_PID%}},{{%STUDY_ID%}},{{%SESSION_ID%}},
,,,,,,,,,,,,,,,,,,,,,,,,,,,,,,,,,,,,,,,,backspace,2.517385,,TRUE,1,0,5,0,1,4,109,arbre,Catalan,Sounds/cat_arbre.mp3,2020-05-27_10h49.20.984,TranslationElicitation_eng,2020.1.2,Win32,60,{{%PROLIFIC_PID%}},{{%STUDY_ID%}},{{%SESSION_ID%}},
,,,,,,,,,,,,,,,,,,,,,,,,,,,,,,,,,,,,,,,,c,3.851165,C,TRUE,1,0,5,0,1,4,109,arbre,Catalan,Sounds/cat_arbre.mp3,2020-05-27_10h49.20.984,TranslationElicitation_eng,2020.1.2,Win32,60,{{%PROLIFIC_PID%}},{{%STUDY_ID%}},{{%SESSION_ID%}},
,,,,,,,,,,,,,,,,,,,,,,,,,,,,,,,,,,,,,,,,return,4.26836,C,TRUE,1,0,5,0,1,4,109,arbre,Catalan,Sounds/cat_arbre.mp3,2020-05-27_10h49.20.984,TranslationElicitation_eng,2020.1.2,Win32,60,{{%PROLIFIC_PID%}},{{%STUDY_ID%}},{{%SESSION_ID%}},4.26836
,,,,,,,,,,,,,,,,,,,,,,,,,,,,,,,,,,,,,,,,,,,,0,2,2,4,1,,179,tigre,Catalan,Sounds/cat_tigre.mp3,2020-05-27_10h49.20.984,TranslationElicitation_eng,2020.1.2,Win32,60,{{%PROLIFIC_PID%}},{{%STUDY_ID%}},{{%SESSION_ID%}},
