consentKey.keys,consentKey.rt,languageL1Key.keys,languageL1Key.rt,languageL2,languageL2OralKey.keys,languageL2OralKey.rt,languageL2WrittenKey.keys,languageL2WrittenKey.rt,languageL3,languageL3OralKey.keys,languageL3WrittenKey.keys,languageCatalanOralKey.keys,languageCatalanOralKey.rt,languageCatalanWrittenKey.keys,languageCatalanWrittenKey.rt,languageCatalanTimeKey.keys,languageCatalanTimeKey.rt,languageSpanishOralKey.keys,languageSpanishOralKey.rt,languageSpanishWrittenKey.keys,languageSpanishWrittenKey.rt,languageSpanishTimeKey.keys,languageSpanishTimeKey.rt,age,demoSexKey.keys,demoSexKey.rt,demoEducationKey.keys,demoEducationKey.rt,city,demoVisionKey.keys,demoVisionKey.rt,demoLanguageKey.keys,demoLanguageKey.rt,setupLocationKey.keys,setupLocationKey.rt,setupNoiseKey.keys,setupNoiseKey.rt,instructionsKeys.keys,instructionsKeys.rt,trialOffset,keyPressTime,keyPressed,inputText,error,trialsPracticeSpanish.thisRepN,trialsPracticeSpanish.thisTrialN,trialsPracticeSpanish.thisN,trialsPracticeSpanish.thisIndex,trialsPracticeSpanish.ran,trialsPracticeSpanish.order,trial_id,word,test_language,soundfile,date,expName,psychopyVersion,OS,frameRate,participant,trialsSpanish.thisRepN,trialsSpanish.thisTrialN,trialsSpanish.thisN,trialsSpanish.thisIndex,trialsSpanish.ran,trialsSpanish.order
space,0.3609,e,1.03081, ,1,0.993145,1,1.11897,,,,1,1.996945,1,0.42852,1,0.320715,1,0.31534,1,0.3609,1,0.31002,26,f,1.34752,4,1.612775,OXFORD,y,1.546435,n,3.51759,1,1.04378,1,0.55184,space,1.285915,2.86805,2.86805,return,,FALSE,1,0,5,2,1,4,26,chaqueta,Spanish,Sounds/spa_chaqueta.mp3,2020-05-26_18h41.26.881,TranslationElicitation_eng,2020.1.2,Win32,60,{{%PROLIFIC_PID%}},,,,,,
,,,,,,,,,,,,,,,,,,,,,,,,,,,,,,,,,,,,,,,,,,,,,0,0,0,0,1,,1,arbol,Spanish,Sounds/spa_arbol.mp3,2020-05-26_18h41.26.881,TranslationElicitation_eng,2020.1.2,Win32,60,{{%PROLIFIC_PID%}},,,,,,
,,,,,,,,,,,,,,,,,,,,,,,,,,,,,,,,,,,,,,,,1.300405,1.300405,return,,FALSE,1,0,5,2,1,4,26,chaqueta,Spanish,Sounds/spa_chaqueta.mp3,2020-05-26_18h41.26.881,TranslationElicitation_eng,2020.1.2,Win32,60,{{%PROLIFIC_PID%}},,,,,,
,,,,,,,,,,,,,,,,,,,,,,,,,,,,,,,,,,,,,,,,,,,,,0,1,1,3,1,,70,ola,Spanish,Sounds/spa_ola.mp3,2020-05-26_18h41.26.881,TranslationElicitation_eng,2020.1.2,Win32,60,{{%PROLIFIC_PID%}},,,,,,
,,,,,,,,,,,,,,,,,,,,,,,,,,,,,,,,,,,,,,,,3.66833,3.66833,return,,FALSE,1,0,5,2,1,4,26,chaqueta,Spanish,Sounds/spa_chaqueta.mp3,2020-05-26_18h41.26.881,TranslationElicitation_eng,2020.1.2,Win32,60,{{%PROLIFIC_PID%}},,,,,,
,,,,,,,,,,,,,,,,,,,,,,,,,,,,,,,,,,,,,,,,,,,,,0,2,2,1,1,,30,corona,Spanish,Sounds/spa_corona.mp3,2020-05-26_18h41.26.881,TranslationElicitation_eng,2020.1.2,Win32,60,{{%PROLIFIC_PID%}},,,,,,
,,,,,,,,,,,,,,,,,,,,,,,,,,,,,,,,,,,,,,,,,2.0009,i,I,FALSE,1,0,5,2,1,4,26,chaqueta,Spanish,Sounds/spa_chaqueta.mp3,2020-05-26_18h41.26.881,TranslationElicitation_eng,2020.1.2,Win32,60,{{%PROLIFIC_PID%}},,,,,,
,,,,,,,,,,,,,,,,,,,,,,,,,,,,,,,,,,,,,,,,,2.05103,t,IT,FALSE,1,0,5,2,1,4,26,chaqueta,Spanish,Sounds/spa_chaqueta.mp3,2020-05-26_18h41.26.881,TranslationElicitation_eng,2020.1.2,Win32,60,{{%PROLIFIC_PID%}},,,,,,
,,,,,,,,,,,,,,,,,,,,,,,,,,,,,,,,,,,,,,,,,2.517785,backspace,,TRUE,1,0,5,2,1,4,26,chaqueta,Spanish,Sounds/spa_chaqueta.mp3,2020-05-26_18h41.26.881,TranslationElicitation_eng,2020.1.2,Win32,60,{{%PROLIFIC_PID%}},,,,,,
,,,,,,,,,,,,,,,,,,,,,,,,,,,,,,,,,,,,,,,,,2.667865,backspace,,TRUE,1,0,5,2,1,4,26,chaqueta,Spanish,Sounds/spa_chaqueta.mp3,2020-05-26_18h41.26.881,TranslationElicitation_eng,2020.1.2,Win32,60,{{%PROLIFIC_PID%}},,,,,,
,,,,,,,,,,,,,,,,,,,,,,,,,,,,,,,,,,,,,,,,,2.768025,t,T,TRUE,1,0,5,2,1,4,26,chaqueta,Spanish,Sounds/spa_chaqueta.mp3,2020-05-26_18h41.26.881,TranslationElicitation_eng,2020.1.2,Win32,60,{{%PROLIFIC_PID%}},,,,,,
,,,,,,,,,,,,,,,,,,,,,,,,,,,,,,,,,,,,,,,,,2.901435,i,TI,TRUE,1,0,5,2,1,4,26,chaqueta,Spanish,Sounds/spa_chaqueta.mp3,2020-05-26_18h41.26.881,TranslationElicitation_eng,2020.1.2,Win32,60,{{%PROLIFIC_PID%}},,,,,,
,,,,,,,,,,,,,,,,,,,,,,,,,,,,,,,,,,,,,,,,,3.018115,g,TIG,TRUE,1,0,5,2,1,4,26,chaqueta,Spanish,Sounds/spa_chaqueta.mp3,2020-05-26_18h41.26.881,TranslationElicitation_eng,2020.1.2,Win32,60,{{%PROLIFIC_PID%}},,,,,,
,,,,,,,,,,,,,,,,,,,,,,,,,,,,,,,,,,,,,,,,,3.184765,e,TIGE,TRUE,1,0,5,2,1,4,26,chaqueta,Spanish,Sounds/spa_chaqueta.mp3,2020-05-26_18h41.26.881,TranslationElicitation_eng,2020.1.2,Win32,60,{{%PROLIFIC_PID%}},,,,,,
,,,,,,,,,,,,,,,,,,,,,,,,,,,,,,,,,,,,,,,,,3.23478,r,TIGER,TRUE,1,0,5,2,1,4,26,chaqueta,Spanish,Sounds/spa_chaqueta.mp3,2020-05-26_18h41.26.881,TranslationElicitation_eng,2020.1.2,Win32,60,{{%PROLIFIC_PID%}},,,,,,
,,,,,,,,,,,,,,,,,,,,,,,,,,,,,,,,,,,,,,,,3.568275,3.568275,return,TIGER,TRUE,1,0,5,2,1,4,26,chaqueta,Spanish,Sounds/spa_chaqueta.mp3,2020-05-26_18h41.26.881,TranslationElicitation_eng,2020.1.2,Win32,60,{{%PROLIFIC_PID%}},,,,,,
,,,,,,,,,,,,,,,,,,,,,,,,,,,,,,,,,,,,,,,,,,,,,0,3,3,4,1,,96,tigre,Spanish,Sounds/spa_tigre.mp3,2020-05-26_18h41.26.881,TranslationElicitation_eng,2020.1.2,Win32,60,{{%PROLIFIC_PID%}},,,,,,
,,,,,,,,,,,,,,,,,,,,,,,,,,,,,,,,,,,,,,,,,1.21702,j,J,FALSE,1,0,5,2,1,4,26,chaqueta,Spanish,Sounds/spa_chaqueta.mp3,2020-05-26_18h41.26.881,TranslationElicitation_eng,2020.1.2,Win32,60,{{%PROLIFIC_PID%}},,,,,,
,,,,,,,,,,,,,,,,,,,,,,,,,,,,,,,,,,,,,,,,,1.417,a,JA,FALSE,1,0,5,2,1,4,26,chaqueta,Spanish,Sounds/spa_chaqueta.mp3,2020-05-26_18h41.26.881,TranslationElicitation_eng,2020.1.2,Win32,60,{{%PROLIFIC_PID%}},,,,,,
,,,,,,,,,,,,,,,,,,,,,,,,,,,,,,,,,,,,,,,,,1.93396,backspace,,TRUE,1,0,5,2,1,4,26,chaqueta,Spanish,Sounds/spa_chaqueta.mp3,2020-05-26_18h41.26.881,TranslationElicitation_eng,2020.1.2,Win32,60,{{%PROLIFIC_PID%}},,,,,,
,,,,,,,,,,,,,,,,,,,,,,,,,,,,,,,,,,,,,,,,,2.13437,c,C,TRUE,1,0,5,2,1,4,26,chaqueta,Spanish,Sounds/spa_chaqueta.mp3,2020-05-26_18h41.26.881,TranslationElicitation_eng,2020.1.2,Win32,60,{{%PROLIFIC_PID%}},,,,,,
,,,,,,,,,,,,,,,,,,,,,,,,,,,,,,,,,,,,,,,,,2.534435,backspace,,TRUE,1,0,5,2,1,4,26,chaqueta,Spanish,Sounds/spa_chaqueta.mp3,2020-05-26_18h41.26.881,TranslationElicitation_eng,2020.1.2,Win32,60,{{%PROLIFIC_PID%}},,,,,,
,,,,,,,,,,,,,,,,,,,,,,,,,,,,,,,,,,,,,,,,,2.717665,j,J,TRUE,1,0,5,2,1,4,26,chaqueta,Spanish,Sounds/spa_chaqueta.mp3,2020-05-26_18h41.26.881,TranslationElicitation_eng,2020.1.2,Win32,60,{{%PROLIFIC_PID%}},,,,,,
,,,,,,,,,,,,,,,,,,,,,,,,,,,,,,,,,,,,,,,,,2.78449,a,JA,TRUE,1,0,5,2,1,4,26,chaqueta,Spanish,Sounds/spa_chaqueta.mp3,2020-05-26_18h41.26.881,TranslationElicitation_eng,2020.1.2,Win32,60,{{%PROLIFIC_PID%}},,,,,,
,,,,,,,,,,,,,,,,,,,,,,,,,,,,,,,,,,,,,,,,,2.834395,c,JAC,TRUE,1,0,5,2,1,4,26,chaqueta,Spanish,Sounds/spa_chaqueta.mp3,2020-05-26_18h41.26.881,TranslationElicitation_eng,2020.1.2,Win32,60,{{%PROLIFIC_PID%}},,,,,,
,,,,,,,,,,,,,,,,,,,,,,,,,,,,,,,,,,,,,,,,,2.95234,k,JACK,TRUE,1,0,5,2,1,4,26,chaqueta,Spanish,Sounds/spa_chaqueta.mp3,2020-05-26_18h41.26.881,TranslationElicitation_eng,2020.1.2,Win32,60,{{%PROLIFIC_PID%}},,,,,,
,,,,,,,,,,,,,,,,,,,,,,,,,,,,,,,,,,,,,,,,,3.06949,e,JACKE,TRUE,1,0,5,2,1,4,26,chaqueta,Spanish,Sounds/spa_chaqueta.mp3,2020-05-26_18h41.26.881,TranslationElicitation_eng,2020.1.2,Win32,60,{{%PROLIFIC_PID%}},,,,,,
,,,,,,,,,,,,,,,,,,,,,,,,,,,,,,,,,,,,,,,,,3.184445,t,JACKET,TRUE,1,0,5,2,1,4,26,chaqueta,Spanish,Sounds/spa_chaqueta.mp3,2020-05-26_18h41.26.881,TranslationElicitation_eng,2020.1.2,Win32,60,{{%PROLIFIC_PID%}},,,,,,
,,,,,,,,,,,,,,,,,,,,,,,,,,,,,,,,,,,,,,,,3.368105,3.368105,return,JACKET,TRUE,1,0,5,2,1,4,26,chaqueta,Spanish,Sounds/spa_chaqueta.mp3,2020-05-26_18h41.26.881,TranslationElicitation_eng,2020.1.2,Win32,60,{{%PROLIFIC_PID%}},,,,,,
,,,,,,,,,,,,,,,,,,,,,,,,,,,,,,,,,,,,,,,,2.23441,2.23441,return,,FALSE,,,,,,,27,chocolate,Spanish,Sounds/spa_chocolate.mp3,2020-05-26_18h41.26.881,TranslationElicitation_eng,2020.1.2,Win32,60,{{%PROLIFIC_PID%}},1,0,98,24,1,97
,,,,,,,,,,,,,,,,,,,,,,,,,,,,,,,,,,,,,,,,,,,,,,,,,,,24,cereza,Spanish,Sounds/spa_cereza.mp3,2020-05-26_18h41.26.881,TranslationElicitation_eng,2020.1.2,Win32,60,{{%PROLIFIC_PID%}},0,0,0,22,1,
