consentKey.keys,consentKey.rt,languageL1Key.keys,languageL1Key.rt,languageL2,languageL2OralKey.keys,languageL2OralKey.rt,languageL2WrittenKey.keys,languageL2WrittenKey.rt,languageL3OralKey.keys,languageL3OralKey.rt,languageL3WrittenKey.keys,languageL3WrittenKey.rt,languageCatalanOralKey.keys,languageCatalanOralKey.rt,languageCatalanWrittenKey.keys,languageCatalanWrittenKey.rt,languageCatalanTimeKey.keys,languageCatalanTimeKey.rt,languageSpanishOralKey.keys,languageSpanishOralKey.rt,languageSpanishWrittenKey.keys,languageSpanishWrittenKey.rt,languageSpanishTimeKey.keys,languageSpanishTimeKey.rt,age,demoSexKey.keys,demoSexKey.rt,demoEducationKey.keys,demoEducationKey.rt,city,demoVisionKey.keys,demoVisionKey.rt,demoLanguageKey.keys,demoLanguageKey.rt,setupLocationKey.keys,setupLocationKey.rt,setupNoiseKey.keys,setupNoiseKey.rt,instructionsKeys.keys,instructionsKeys.rt,keyPressed,keyPressTime,inputText,error,trialsPracticeSpanish.thisRepN,trialsPracticeSpanish.thisTrialN,trialsPracticeSpanish.thisN,trialsPracticeSpanish.thisIndex,trialsPracticeSpanish.ran,trialsPracticeSpanish.order,trial_id,word,test_language,soundfile,participant,session,date,expName,psychopyVersion,OS,frameRate,trialOffset,trialsSpanish.thisRepN,trialsSpanish.thisTrialN,trialsSpanish.thisN,trialsSpanish.thisIndex,trialsSpanish.ran,trialsSpanish.order
space,0.296999931,e,1.154000044,,,,,,,,,,1,1.014999866,1,0.205999851,1,0.167999983,1,0.184000015,1,0.161999941,1,0.194000006,1,f,1.197999954,1,0.542000055,11,y,1.156999826,y,0.451999903,1,0.747999907,1,0.213999748,space,0.730000019,j,1.919000149,J,FALSE,1,0,5,2,1,4,26,chaqueta,Spanish,Sounds/spa_chaqueta.mp3,11523,001,2020-06-04_15h34.41.608,TranslationElicitation_eng-sona,3.2.4,Win32,60,,,,,,,
,,,,,,,,,,,,,,,,,,,,,,,,,,,,,,,,,,,,,,,,,a,2.151000023,JA,FALSE,1,0,5,2,1,4,26,chaqueta,Spanish,Sounds/spa_chaqueta.mp3,11523,001,2020-06-04_15h34.41.608,TranslationElicitation_eng-sona,3.2.4,Win32,60,,,,,,,
,,,,,,,,,,,,,,,,,,,,,,,,,,,,,,,,,,,,,,,,,c,2.26699996,JAC,FALSE,1,0,5,2,1,4,26,chaqueta,Spanish,Sounds/spa_chaqueta.mp3,11523,001,2020-06-04_15h34.41.608,TranslationElicitation_eng-sona,3.2.4,Win32,60,,,,,,,
,,,,,,,,,,,,,,,,,,,,,,,,,,,,,,,,,,,,,,,,,k,2.384000063,JACK,FALSE,1,0,5,2,1,4,26,chaqueta,Spanish,Sounds/spa_chaqueta.mp3,11523,001,2020-06-04_15h34.41.608,TranslationElicitation_eng-sona,3.2.4,Win32,60,,,,,,,
,,,,,,,,,,,,,,,,,,,,,,,,,,,,,,,,,,,,,,,,,e,2.485000134,JACKE,FALSE,1,0,5,2,1,4,26,chaqueta,Spanish,Sounds/spa_chaqueta.mp3,11523,001,2020-06-04_15h34.41.608,TranslationElicitation_eng-sona,3.2.4,Win32,60,,,,,,,
,,,,,,,,,,,,,,,,,,,,,,,,,,,,,,,,,,,,,,,,,t,2.567000151,JACKET,FALSE,1,0,5,2,1,4,26,chaqueta,Spanish,Sounds/spa_chaqueta.mp3,11523,001,2020-06-04_15h34.41.608,TranslationElicitation_eng-sona,3.2.4,Win32,60,,,,,,,
,,,,,,,,,,,,,,,,,,,,,,,,,,,,,,,,,,,,,,,,,return,2.700999975,JACKET,FALSE,1,0,5,2,1,4,26,chaqueta,Spanish,Sounds/spa_chaqueta.mp3,11523,001,2020-06-04_15h34.41.608,TranslationElicitation_eng-sona,3.2.4,Win32,60,2.700999975,,,,,,
,,,,,,,,,,,,,,,,,,,,,,,,,,,,,,,,,,,,,,,,,,,,,1,0,5,2,1,4,26,chaqueta,Spanish,Sounds/spa_chaqueta.mp3,11523,001,2020-06-04_15h34.41.608,TranslationElicitation_eng-sona,3.2.4,Win32,60,,,,,,,
,,,,,,,,,,,,,,,,,,,,,,,,,,,,,,,,,,,,,,,,,c,1.666999817,C,FALSE,1,0,5,1,1,4,30,corona,Spanish,Sounds/spa_corona.mp3,11523,001,2020-06-04_15h34.41.608,TranslationElicitation_eng-sona,3.2.4,Win32,60,,,,,,,
,,,,,,,,,,,,,,,,,,,,,,,,,,,,,,,,,,,,,,,,,o,1.782999992,CO,FALSE,1,0,5,1,1,4,30,corona,Spanish,Sounds/spa_corona.mp3,11523,001,2020-06-04_15h34.41.608,TranslationElicitation_eng-sona,3.2.4,Win32,60,,,,,,,
,,,,,,,,,,,,,,,,,,,,,,,,,,,,,,,,,,,,,,,,,r,1.950999975,COR,FALSE,1,0,5,1,1,4,30,corona,Spanish,Sounds/spa_corona.mp3,11523,001,2020-06-04_15h34.41.608,TranslationElicitation_eng-sona,3.2.4,Win32,60,,,,,,,
,,,,,,,,,,,,,,,,,,,,,,,,,,,,,,,,,,,,,,,,,o,2.03399992,CORO,FALSE,1,0,5,1,1,4,30,corona,Spanish,Sounds/spa_corona.mp3,11523,001,2020-06-04_15h34.41.608,TranslationElicitation_eng-sona,3.2.4,Win32,60,,,,,,,
,,,,,,,,,,,,,,,,,,,,,,,,,,,,,,,,,,,,,,,,,n,2.184000015,CORON,FALSE,1,0,5,1,1,4,30,corona,Spanish,Sounds/spa_corona.mp3,11523,001,2020-06-04_15h34.41.608,TranslationElicitation_eng-sona,3.2.4,Win32,60,,,,,,,
,,,,,,,,,,,,,,,,,,,,,,,,,,,,,,,,,,,,,,,,,a,2.26699996,CORONA,FALSE,1,0,5,1,1,4,30,corona,Spanish,Sounds/spa_corona.mp3,11523,001,2020-06-04_15h34.41.608,TranslationElicitation_eng-sona,3.2.4,Win32,60,,,,,,,
,,,,,,,,,,,,,,,,,,,,,,,,,,,,,,,,,,,,,,,,,return,2.450000048,CORONA,FALSE,1,0,5,1,1,4,30,corona,Spanish,Sounds/spa_corona.mp3,11523,001,2020-06-04_15h34.41.608,TranslationElicitation_eng-sona,3.2.4,Win32,60,2.450000048,,,,,,
,,,,,,,,,,,,,,,,,,,,,,,,,,,,,,,,,,,,,,,,,,,,,1,0,5,1,1,4,30,corona,Spanish,Sounds/spa_corona.mp3,11523,001,2020-06-04_15h34.41.608,TranslationElicitation_eng-sona,3.2.4,Win32,60,,,,,,,
,,,,,,,,,,,,,,,,,,,,,,,,,,,,,,,,,,,,,,,,,t,1.351000071,T,FALSE,1,0,5,4,1,4,96,tigre,Spanish,Sounds/spa_tigre.mp3,11523,001,2020-06-04_15h34.41.608,TranslationElicitation_eng-sona,3.2.4,Win32,60,,,,,,,
,,,,,,,,,,,,,,,,,,,,,,,,,,,,,,,,,,,,,,,,,i,1.684999943,TI,FALSE,1,0,5,4,1,4,96,tigre,Spanish,Sounds/spa_tigre.mp3,11523,001,2020-06-04_15h34.41.608,TranslationElicitation_eng-sona,3.2.4,Win32,60,,,,,,,
,,,,,,,,,,,,,,,,,,,,,,,,,,,,,,,,,,,,,,,,,g,1.78399992,TIG,FALSE,1,0,5,4,1,4,96,tigre,Spanish,Sounds/spa_tigre.mp3,11523,001,2020-06-04_15h34.41.608,TranslationElicitation_eng-sona,3.2.4,Win32,60,,,,,,,
,,,,,,,,,,,,,,,,,,,,,,,,,,,,,,,,,,,,,,,,,e,1.934999943,TIGE,FALSE,1,0,5,4,1,4,96,tigre,Spanish,Sounds/spa_tigre.mp3,11523,001,2020-06-04_15h34.41.608,TranslationElicitation_eng-sona,3.2.4,Win32,60,,,,,,,
,,,,,,,,,,,,,,,,,,,,,,,,,,,,,,,,,,,,,,,,,r,1.984999895,TIGER,FALSE,1,0,5,4,1,4,96,tigre,Spanish,Sounds/spa_tigre.mp3,11523,001,2020-06-04_15h34.41.608,TranslationElicitation_eng-sona,3.2.4,Win32,60,,,,,,,
,,,,,,,,,,,,,,,,,,,,,,,,,,,,,,,,,,,,,,,,,return,2.101000071,TIGER,FALSE,1,0,5,4,1,4,96,tigre,Spanish,Sounds/spa_tigre.mp3,11523,001,2020-06-04_15h34.41.608,TranslationElicitation_eng-sona,3.2.4,Win32,60,2.101000071,,,,,,
,,,,,,,,,,,,,,,,,,,,,,,,,,,,,,,,,,,,,,,,,,,,,1,0,5,4,1,4,96,tigre,Spanish,Sounds/spa_tigre.mp3,11523,001,2020-06-04_15h34.41.608,TranslationElicitation_eng-sona,3.2.4,Win32,60,,,,,,,
,,,,,,,,,,,,,,,,,,,,,,,,,,,,,,,,,,,,,,,,,a,1.601000071,A,FALSE,1,0,5,0,1,4,1,arbol,Spanish,Sounds/spa_arbol.mp3,11523,001,2020-06-04_15h34.41.608,TranslationElicitation_eng-sona,3.2.4,Win32,60,,,,,,,
,,,,,,,,,,,,,,,,,,,,,,,,,,,,,,,,,,,,,,,,,r,1.682999849,AR,FALSE,1,0,5,0,1,4,1,arbol,Spanish,Sounds/spa_arbol.mp3,11523,001,2020-06-04_15h34.41.608,TranslationElicitation_eng-sona,3.2.4,Win32,60,,,,,,,
,,,,,,,,,,,,,,,,,,,,,,,,,,,,,,,,,,,,,,,,,b,1.782999992,ARB,FALSE,1,0,5,0,1,4,1,arbol,Spanish,Sounds/spa_arbol.mp3,11523,001,2020-06-04_15h34.41.608,TranslationElicitation_eng-sona,3.2.4,Win32,60,,,,,,,
,,,,,,,,,,,,,,,,,,,,,,,,,,,,,,,,,,,,,,,,,o,1.98300004,ARBO,FALSE,1,0,5,0,1,4,1,arbol,Spanish,Sounds/spa_arbol.mp3,11523,001,2020-06-04_15h34.41.608,TranslationElicitation_eng-sona,3.2.4,Win32,60,,,,,,,
,,,,,,,,,,,,,,,,,,,,,,,,,,,,,,,,,,,,,,,,,l,2.200000048,ARBOL,FALSE,1,0,5,0,1,4,1,arbol,Spanish,Sounds/spa_arbol.mp3,11523,001,2020-06-04_15h34.41.608,TranslationElicitation_eng-sona,3.2.4,Win32,60,,,,,,,
,,,,,,,,,,,,,,,,,,,,,,,,,,,,,,,,,,,,,,,,,return,2.417000055,ARBOL,FALSE,1,0,5,0,1,4,1,arbol,Spanish,Sounds/spa_arbol.mp3,11523,001,2020-06-04_15h34.41.608,TranslationElicitation_eng-sona,3.2.4,Win32,60,2.417000055,,,,,,
,,,,,,,,,,,,,,,,,,,,,,,,,,,,,,,,,,,,,,,,,,,,,1,0,5,0,1,4,1,arbol,Spanish,Sounds/spa_arbol.mp3,11523,001,2020-06-04_15h34.41.608,TranslationElicitation_eng-sona,3.2.4,Win32,60,,,,,,,
,,,,,,,,,,,,,,,,,,,,,,,,,,,,,,,,,,,,,,,,,o,1.049999952,O,FALSE,1,0,5,3,1,4,70,ola,Spanish,Sounds/spa_ola.mp3,11523,001,2020-06-04_15h34.41.608,TranslationElicitation_eng-sona,3.2.4,Win32,60,,,,,,,
,,,,,,,,,,,,,,,,,,,,,,,,,,,,,,,,,,,,,,,,,l,1.335999966,OL,FALSE,1,0,5,3,1,4,70,ola,Spanish,Sounds/spa_ola.mp3,11523,001,2020-06-04_15h34.41.608,TranslationElicitation_eng-sona,3.2.4,Win32,60,,,,,,,
,,,,,,,,,,,,,,,,,,,,,,,,,,,,,,,,,,,,,,,,,d,1.449999809,OLD,FALSE,1,0,5,3,1,4,70,ola,Spanish,Sounds/spa_ola.mp3,11523,001,2020-06-04_15h34.41.608,TranslationElicitation_eng-sona,3.2.4,Win32,60,,,,,,,
,,,,,,,,,,,,,,,,,,,,,,,,,,,,,,,,,,,,,,,,,a,1.78399992,OLDA,FALSE,1,0,5,3,1,4,70,ola,Spanish,Sounds/spa_ola.mp3,11523,001,2020-06-04_15h34.41.608,TranslationElicitation_eng-sona,3.2.4,Win32,60,,,,,,,
,,,,,,,,,,,,,,,,,,,,,,,,,,,,,,,,,,,,,,,,,backspace,1.983999968,OL,TRUE,1,0,5,3,1,4,70,ola,Spanish,Sounds/spa_ola.mp3,11523,001,2020-06-04_15h34.41.608,TranslationElicitation_eng-sona,3.2.4,Win32,60,,,,,,,
,,,,,,,,,,,,,,,,,,,,,,,,,,,,,,,,,,,,,,,,,backspace,2.133999825,,TRUE,1,0,5,3,1,4,70,ola,Spanish,Sounds/spa_ola.mp3,11523,001,2020-06-04_15h34.41.608,TranslationElicitation_eng-sona,3.2.4,Win32,60,,,,,,,
,,,,,,,,,,,,,,,,,,,,,,,,,,,,,,,,,,,,,,,,,a,2.217999935,A,TRUE,1,0,5,3,1,4,70,ola,Spanish,Sounds/spa_ola.mp3,11523,001,2020-06-04_15h34.41.608,TranslationElicitation_eng-sona,3.2.4,Win32,60,,,,,,,
,,,,,,,,,,,,,,,,,,,,,,,,,,,,,,,,,,,,,,,,,return,2.350999832,A,TRUE,1,0,5,3,1,4,70,ola,Spanish,Sounds/spa_ola.mp3,11523,001,2020-06-04_15h34.41.608,TranslationElicitation_eng-sona,3.2.4,Win32,60,2.350999832,,,,,,
,,,,,,,,,,,,,,,,,,,,,,,,,,,,,,,,,,,,,,,,,,,,,1,0,5,3,1,4,70,ola,Spanish,Sounds/spa_ola.mp3,11523,001,2020-06-04_15h34.41.608,TranslationElicitation_eng-sona,3.2.4,Win32,60,,,,,,,
,,,,,,,,,,,,,,,,,,,,,,,,,,,,,,,,,,,,,,,,,b,2.651000023,B,FALSE,,,,,,,10,botella,Spanish,Sounds/spa_botella.mp3,11523,001,2020-06-04_15h34.41.608,TranslationElicitation_eng-sona,3.2.4,Win32,60,,1,0,98,8,1,97
,,,,,,,,,,,,,,,,,,,,,,,,,,,,,,,,,,,,,,,,,o,2.835000038,BO,FALSE,,,,,,,10,botella,Spanish,Sounds/spa_botella.mp3,11523,001,2020-06-04_15h34.41.608,TranslationElicitation_eng-sona,3.2.4,Win32,60,,1,0,98,8,1,97
,,,,,,,,,,,,,,,,,,,,,,,,,,,,,,,,,,,,,,,,,t,3.018000126,BOT,FALSE,,,,,,,10,botella,Spanish,Sounds/spa_botella.mp3,11523,001,2020-06-04_15h34.41.608,TranslationElicitation_eng-sona,3.2.4,Win32,60,,1,0,98,8,1,97
,,,,,,,,,,,,,,,,,,,,,,,,,,,,,,,,,,,,,,,,,e,3.184999943,BOTE,FALSE,,,,,,,10,botella,Spanish,Sounds/spa_botella.mp3,11523,001,2020-06-04_15h34.41.608,TranslationElicitation_eng-sona,3.2.4,Win32,60,,1,0,98,8,1,97
,,,,,,,,,,,,,,,,,,,,,,,,,,,,,,,,,,,,,,,,,l,3.318000078,BOTEL,FALSE,,,,,,,10,botella,Spanish,Sounds/spa_botella.mp3,11523,001,2020-06-04_15h34.41.608,TranslationElicitation_eng-sona,3.2.4,Win32,60,,1,0,98,8,1,97
,,,,,,,,,,,,,,,,,,,,,,,,,,,,,,,,,,,,,,,,,l,3.485000134,BOTELL,FALSE,,,,,,,10,botella,Spanish,Sounds/spa_botella.mp3,11523,001,2020-06-04_15h34.41.608,TranslationElicitation_eng-sona,3.2.4,Win32,60,,1,0,98,8,1,97
,,,,,,,,,,,,,,,,,,,,,,,,,,,,,,,,,,,,,,,,,e,3.667999983,BOTELLE,FALSE,,,,,,,10,botella,Spanish,Sounds/spa_botella.mp3,11523,001,2020-06-04_15h34.41.608,TranslationElicitation_eng-sona,3.2.4,Win32,60,,1,0,98,8,1,97
,,,,,,,,,,,,,,,,,,,,,,,,,,,,,,,,,,,,,,,,,backspace,4.085000038,BOTEL,TRUE,,,,,,,10,botella,Spanish,Sounds/spa_botella.mp3,11523,001,2020-06-04_15h34.41.608,TranslationElicitation_eng-sona,3.2.4,Win32,60,,1,0,98,8,1,97
,,,,,,,,,,,,,,,,,,,,,,,,,,,,,,,,,,,,,,,,,a,4.184999943,BOTELA,TRUE,,,,,,,10,botella,Spanish,Sounds/spa_botella.mp3,11523,001,2020-06-04_15h34.41.608,TranslationElicitation_eng-sona,3.2.4,Win32,60,,1,0,98,8,1,97
,,,,,,,,,,,,,,,,,,,,,,,,,,,,,,,,,,,,,,,,,return,4.319000006,BOTELA,TRUE,,,,,,,10,botella,Spanish,Sounds/spa_botella.mp3,11523,001,2020-06-04_15h34.41.608,TranslationElicitation_eng-sona,3.2.4,Win32,60,4.319000006,1,0,98,8,1,97
,,,,,,,,,,,,,,,,,,,,,,,,,,,,,,,,,,,,,,,,,,,,,,,,,,,10,botella,Spanish,Sounds/spa_botella.mp3,11523,001,2020-06-04_15h34.41.608,TranslationElicitation_eng-sona,3.2.4,Win32,60,,1,0,98,8,1,97
,,,,,,,,,,,,,,,,,,,,,,,,,,,,,,,,,,,,,,,,,b,1.483999968,B,FALSE,,,,,,,12,brazo,Spanish,Sounds/spa_brazo.mp3,11523,001,2020-06-04_15h34.41.608,TranslationElicitation_eng-sona,3.2.4,Win32,60,,1,0,98,10,1,97
,,,,,,,,,,,,,,,,,,,,,,,,,,,,,,,,,,,,,,,,,return,1.834000111,B,FALSE,,,,,,,12,brazo,Spanish,Sounds/spa_brazo.mp3,11523,001,2020-06-04_15h34.41.608,TranslationElicitation_eng-sona,3.2.4,Win32,60,1.834000111,1,0,98,10,1,97
,,,,,,,,,,,,,,,,,,,,,,,,,,,,,,,,,,,,,,,,,,,,,,,,,,,12,brazo,Spanish,Sounds/spa_brazo.mp3,11523,001,2020-06-04_15h34.41.608,TranslationElicitation_eng-sona,3.2.4,Win32,60,,1,0,98,10,1,97
,,,,,,,,,,,,,,,,,,,,,,,,,,,,,,,,,,,,,,,,,p,1.483999968,P,FALSE,,,,,,,77,pantalon,Spanish,Sounds/spa_pantalon.mp3,11523,001,2020-06-04_15h34.41.608,TranslationElicitation_eng-sona,3.2.4,Win32,60,,1,0,98,72,1,97
,,,,,,,,,,,,,,,,,,,,,,,,,,,,,,,,,,,,,,,,,return,1.700999975,P,FALSE,,,,,,,77,pantalon,Spanish,Sounds/spa_pantalon.mp3,11523,001,2020-06-04_15h34.41.608,TranslationElicitation_eng-sona,3.2.4,Win32,60,1.700999975,1,0,98,72,1,97
,,,,,,,,,,,,,,,,,,,,,,,,,,,,,,,,,,,,,,,,,,,,,,,,,,,77,pantalon,Spanish,Sounds/spa_pantalon.mp3,11523,001,2020-06-04_15h34.41.608,TranslationElicitation_eng-sona,3.2.4,Win32,60,,1,0,98,72,1,97
,,,,,,,,,,,,,,,,,,,,,,,,,,,,,,,,,,,,,,,,,a,2.000999928,A,FALSE,,,,,,,2,avestruz,Spanish,Sounds/spa_avestruz.mp3,11523,001,2020-06-04_15h34.41.608,TranslationElicitation_eng-sona,3.2.4,Win32,60,,1,0,98,0,1,97
,,,,,,,,,,,,,,,,,,,,,,,,,,,,,,,,,,,,,,,,,return,2.38499999,A,FALSE,,,,,,,2,avestruz,Spanish,Sounds/spa_avestruz.mp3,11523,001,2020-06-04_15h34.41.608,TranslationElicitation_eng-sona,3.2.4,Win32,60,2.38499999,1,0,98,0,1,97
,,,,,,,,,,,,,,,,,,,,,,,,,,,,,,,,,,,,,,,,,,,,,,,,,,,2,avestruz,Spanish,Sounds/spa_avestruz.mp3,11523,001,2020-06-04_15h34.41.608,TranslationElicitation_eng-sona,3.2.4,Win32,60,,1,0,98,0,1,97
,,,,,,,,,,,,,,,,,,,,,,,,,,,,,,,,,,,,,,,,,h,1.500999928,H,FALSE,,,,,,,49,hormiga,Spanish,Sounds/spa_hormiga.mp3,11523,001,2020-06-04_15h34.41.608,TranslationElicitation_eng-sona,3.2.4,Win32,60,,1,0,98,45,1,97
,,,,,,,,,,,,,,,,,,,,,,,,,,,,,,,,,,,,,,,,,return,1.817000151,H,FALSE,,,,,,,49,hormiga,Spanish,Sounds/spa_hormiga.mp3,11523,001,2020-06-04_15h34.41.608,TranslationElicitation_eng-sona,3.2.4,Win32,60,1.817000151,1,0,98,45,1,97
,,,,,,,,,,,,,,,,,,,,,,,,,,,,,,,,,,,,,,,,,,,,,,,,,,,49,hormiga,Spanish,Sounds/spa_hormiga.mp3,11523,001,2020-06-04_15h34.41.608,TranslationElicitation_eng-sona,3.2.4,Win32,60,,1,0,98,45,1,97
