consentKey.keys,consentKey.rt,languageL1Key.keys,languageL1Key.rt,languageL2,languageL2OralKey.keys,languageL2OralKey.rt,languageL2WrittenKey.keys,languageL2WrittenKey.rt,languageL3OralKey.keys,languageL3OralKey.rt,languageL3WrittenKey.keys,languageL3WrittenKey.rt,languageCatalanOralKey.keys,languageCatalanOralKey.rt,languageCatalanWrittenKey.keys,languageCatalanWrittenKey.rt,languageCatalanTimeKey.keys,languageCatalanTimeKey.rt,languageSpanishOralKey.keys,languageSpanishOralKey.rt,languageSpanishWrittenKey.keys,languageSpanishWrittenKey.rt,languageSpanishTimeKey.keys,languageSpanishTimeKey.rt,age,demoSexKey.keys,demoSexKey.rt,demoEducationKey.keys,demoEducationKey.rt,city,demoVisionKey.keys,demoVisionKey.rt,demoLanguageKey.keys,demoLanguageKey.rt,setupLocationKey.keys,setupLocationKey.rt,setupNoiseKey.keys,setupNoiseKey.rt,instructionsKeys.keys,instructionsKeys.rt,trialOffset,keyPressTime,keyPressed,inputText,error,trialsPracticeSpanish.thisRepN,trialsPracticeSpanish.thisTrialN,trialsPracticeSpanish.thisN,trialsPracticeSpanish.thisIndex,trialsPracticeSpanish.ran,trialsPracticeSpanish.order,trial_id,word,test_language,soundfile,date,expName,psychopyVersion,OS,frameRate,participant
space,17.03800011,e,1.779999971,,,,,,,,,,1,2.886999846,1,0.724999905,1,0.80099988,1,1.023000002,1,0.625,1,0.569999933,1,f,1.36500001,1,5.270999908,O,y,1.399999857,n,3.720000029,1,3.983999968,1,0.729000092,space,42.67499995,1.460999966,1.460999966,return,,FALSE,1,0,5,2,1,4,26,chaqueta,Spanish,Sounds/spa_chaqueta.mp3,2020-05-27_11h05.18.777,TranslationElicitation_eng-sona,3.2.4,Win32,60,11523
,,,,,,,,,,,,,,,,,,,,,,,,,,,,,,,,,,,,,,,,,,,,,,1,0,5,2,1,4,26,chaqueta,Spanish,Sounds/spa_chaqueta.mp3,2020-05-27_11h05.18.777,TranslationElicitation_eng-sona,3.2.4,Win32,60,11523
,,,,,,,,,,,,,,,,,,,,,,,,,,,,,,,,,,,,,,,,,1.747999907,1.747999907,return,,FALSE,1,0,5,1,1,4,30,corona,Spanish,Sounds/spa_corona.mp3,2020-05-27_11h05.18.777,TranslationElicitation_eng-sona,3.2.4,Win32,60,11523
,,,,,,,,,,,,,,,,,,,,,,,,,,,,,,,,,,,,,,,,,,,,,,1,0,5,1,1,4,30,corona,Spanish,Sounds/spa_corona.mp3,2020-05-27_11h05.18.777,TranslationElicitation_eng-sona,3.2.4,Win32,60,11523
,,,,,,,,,,,,,,,,,,,,,,,,,,,,,,,,,,,,,,,,,1.275000095,1.275000095,return,,FALSE,1,0,5,4,1,4,96,tigre,Spanish,Sounds/spa_tigre.mp3,2020-05-27_11h05.18.777,TranslationElicitation_eng-sona,3.2.4,Win32,60,11523
,,,,,,,,,,,,,,,,,,,,,,,,,,,,,,,,,,,,,,,,,,,,,,1,0,5,4,1,4,96,tigre,Spanish,Sounds/spa_tigre.mp3,2020-05-27_11h05.18.777,TranslationElicitation_eng-sona,3.2.4,Win32,60,11523
,,,,,,,,,,,,,,,,,,,,,,,,,,,,,,,,,,,,,,,,,1.627999783,1.627999783,return,,FALSE,1,0,5,0,1,4,1,arbol,Spanish,Sounds/spa_arbol.mp3,2020-05-27_11h05.18.777,TranslationElicitation_eng-sona,3.2.4,Win32,60,11523
,,,,,,,,,,,,,,,,,,,,,,,,,,,,,,,,,,,,,,,,,,,,,,1,0,5,0,1,4,1,arbol,Spanish,Sounds/spa_arbol.mp3,2020-05-27_11h05.18.777,TranslationElicitation_eng-sona,3.2.4,Win32,60,11523
,,,,,,,,,,,,,,,,,,,,,,,,,,,,,,,,,,,,,,,,,1.371000051,1.371000051,return,,FALSE,1,0,5,3,1,4,70,ola,Spanish,Sounds/spa_ola.mp3,2020-05-27_11h05.18.777,TranslationElicitation_eng-sona,3.2.4,Win32,60,11523
,,,,,,,,,,,,,,,,,,,,,,,,,,,,,,,,,,,,,,,,,,,,,,1,0,5,3,1,4,70,ola,Spanish,Sounds/spa_ola.mp3,2020-05-27_11h05.18.777,TranslationElicitation_eng-sona,3.2.4,Win32,60,11523
