consentKey.keys,consentKey.rt,languageL1Key.keys,languageL1Key.rt,languageL2,languageL2OralKey.keys,languageL2OralKey.rt,languageL2WrittenKey.keys,languageL2WrittenKey.rt,languageL3OralKey.keys,languageL3OralKey.rt,languageL3WrittenKey.keys,languageL3WrittenKey.rt,languageCatalanOralKey.keys,languageCatalanOralKey.rt,languageCatalanWrittenKey.keys,languageCatalanWrittenKey.rt,languageCatalanTimeKey.keys,languageCatalanTimeKey.rt,languageSpanishOralKey.keys,languageSpanishOralKey.rt,languageSpanishWrittenKey.keys,languageSpanishWrittenKey.rt,languageSpanishTimeKey.keys,languageSpanishTimeKey.rt,age,demoSexKey.keys,demoSexKey.rt,demoEducationKey.keys,demoEducationKey.rt,city,demoVisionKey.keys,demoVisionKey.rt,demoLanguageKey.keys,demoLanguageKey.rt,setupLocationKey.keys,setupLocationKey.rt,setupNoiseKey.keys,setupNoiseKey.rt,instructionsKeys.keys,instructionsKeys.rt,trialOffset,keyPressTime,keyPressed,inputText,error,trialsPracticeCatalan.thisRepN,trialsPracticeCatalan.thisTrialN,trialsPracticeCatalan.thisN,trialsPracticeCatalan.thisIndex,trialsPracticeCatalan.ran,trialsPracticeCatalan.order,trial_id,word,test_language,soundfile,participant,session,date,expName,psychopyVersion,OS,frameRate,trialsCatalan.thisRepN,trialsCatalan.thisTrialN,trialsCatalan.thisN,trialsCatalan.thisIndex,trialsCatalan.ran,trialsCatalan.order
space,0.204999924,e,2.494999886,,,,,,,,,,2,0.981000185,2,0.434999943,2,0.330999851,2,0.230999947,2,0.171000004,2,0.226000071,2,f,1.462000132,1,0.779999971,1,y,2.120999813,n,1.315999985,1,1.546999931,1,0.177999973,space,1.013000011,1.656999826,1.656999826,return,,FALSE,1,0,5,0,1,4,109,arbre,Catalan,Sounds/cat_arbre.mp3,11523,001,2020-05-26_18h46.08.486,TranslationElicitation_eng-sona,3.2.4,Win32,60,,,,,,
,,,,,,,,,,,,,,,,,,,,,,,,,,,,,,,,,,,,,,,,,,,,,,1,0,5,0,1,4,109,arbre,Catalan,Sounds/cat_arbre.mp3,11523,001,2020-05-26_18h46.08.486,TranslationElicitation_eng-sona,3.2.4,Win32,60,,,,,,
,,,,,,,,,,,,,,,,,,,,,,,,,,,,,,,,,,,,,,,,,,1.210000038,n,N,FALSE,1,0,5,2,1,4,147,jaqueta,Catalan,Sounds/cat_jaqueta.mp3,11523,001,2020-05-26_18h46.08.486,TranslationElicitation_eng-sona,3.2.4,Win32,60,,,,,,
,,,,,,,,,,,,,,,,,,,,,,,,,,,,,,,,,,,,,,,,,,1.463999987,n,NN,FALSE,1,0,5,2,1,4,147,jaqueta,Catalan,Sounds/cat_jaqueta.mp3,11523,001,2020-05-26_18h46.08.486,TranslationElicitation_eng-sona,3.2.4,Win32,60,,,,,,
,,,,,,,,,,,,,,,,,,,,,,,,,,,,,,,,,,,,,,,,,1.847000122,1.847000122,return,NN,FALSE,1,0,5,2,1,4,147,jaqueta,Catalan,Sounds/cat_jaqueta.mp3,11523,001,2020-05-26_18h46.08.486,TranslationElicitation_eng-sona,3.2.4,Win32,60,,,,,,
,,,,,,,,,,,,,,,,,,,,,,,,,,,,,,,,,,,,,,,,,,,,,,1,0,5,2,1,4,147,jaqueta,Catalan,Sounds/cat_jaqueta.mp3,11523,001,2020-05-26_18h46.08.486,TranslationElicitation_eng-sona,3.2.4,Win32,60,,,,,,
,,,,,,,,,,,,,,,,,,,,,,,,,,,,,,,,,,,,,,,,,,1.81799984,g,G,FALSE,1,0,5,4,1,4,179,tigre,Catalan,Sounds/cat_tigre.mp3,11523,001,2020-05-26_18h46.08.486,TranslationElicitation_eng-sona,3.2.4,Win32,60,,,,,,
,,,,,,,,,,,,,,,,,,,,,,,,,,,,,,,,,,,,,,,,,2.326999903,2.326999903,return,G,FALSE,1,0,5,4,1,4,179,tigre,Catalan,Sounds/cat_tigre.mp3,11523,001,2020-05-26_18h46.08.486,TranslationElicitation_eng-sona,3.2.4,Win32,60,,,,,,
,,,,,,,,,,,,,,,,,,,,,,,,,,,,,,,,,,,,,,,,,,,,,,1,0,5,4,1,4,179,tigre,Catalan,Sounds/cat_tigre.mp3,11523,001,2020-05-26_18h46.08.486,TranslationElicitation_eng-sona,3.2.4,Win32,60,,,,,,
,,,,,,,,,,,,,,,,,,,,,,,,,,,,,,,,,,,,,,,,,,1.465999842,h,H,FALSE,1,0,5,1,1,4,126,corona,Catalan,Sounds/cat_corona.mp3,11523,001,2020-05-26_18h46.08.486,TranslationElicitation_eng-sona,3.2.4,Win32,60,,,,,,
,,,,,,,,,,,,,,,,,,,,,,,,,,,,,,,,,,,,,,,,,1.945999861,1.945999861,return,H,FALSE,1,0,5,1,1,4,126,corona,Catalan,Sounds/cat_corona.mp3,11523,001,2020-05-26_18h46.08.486,TranslationElicitation_eng-sona,3.2.4,Win32,60,,,,,,
,,,,,,,,,,,,,,,,,,,,,,,,,,,,,,,,,,,,,,,,,,,,,,1,0,5,1,1,4,126,corona,Catalan,Sounds/cat_corona.mp3,11523,001,2020-05-26_18h46.08.486,TranslationElicitation_eng-sona,3.2.4,Win32,60,,,,,,
,,,,,,,,,,,,,,,,,,,,,,,,,,,,,,,,,,,,,,,,,1.305999994,1.305999994,return,,FALSE,1,0,5,3,1,4,159,onada,Catalan,Sounds/cat_onada.mp3,11523,001,2020-05-26_18h46.08.486,TranslationElicitation_eng-sona,3.2.4,Win32,60,,,,,,
,,,,,,,,,,,,,,,,,,,,,,,,,,,,,,,,,,,,,,,,,,,,,,1,0,5,3,1,4,159,onada,Catalan,Sounds/cat_onada.mp3,11523,001,2020-05-26_18h46.08.486,TranslationElicitation_eng-sona,3.2.4,Win32,60,,,,,,
,,,,,,,,,,,,,,,,,,,,,,,,,,,,,,,,,,,,,,,,,,1.528000116,s,S,FALSE,,,,,,,107,amanida,Catalan,Sounds/cat_amanida.mp3,11523,001,2020-05-26_18h46.08.486,TranslationElicitation_eng-sona,3.2.4,Win32,60,1,0,81,3,1,80
,,,,,,,,,,,,,,,,,,,,,,,,,,,,,,,,,,,,,,,,,,2.037000179,space,S ,FALSE,,,,,,,107,amanida,Catalan,Sounds/cat_amanida.mp3,11523,001,2020-05-26_18h46.08.486,TranslationElicitation_eng-sona,3.2.4,Win32,60,1,0,81,3,1,80
,,,,,,,,,,,,,,,,,,,,,,,,,,,,,,,,,,,,,,,,,2.578999996,2.578999996,return,S ,FALSE,,,,,,,107,amanida,Catalan,Sounds/cat_amanida.mp3,11523,001,2020-05-26_18h46.08.486,TranslationElicitation_eng-sona,3.2.4,Win32,60,1,0,81,3,1,80
,,,,,,,,,,,,,,,,,,,,,,,,,,,,,,,,,,,,,,,,,,,,,,,,,,,,107,amanida,Catalan,Sounds/cat_amanida.mp3,11523,001,2020-05-26_18h46.08.486,TranslationElicitation_eng-sona,3.2.4,Win32,60,1,0,81,3,1,80
,,,,,,,,,,,,,,,,,,,,,,,,,,,,,,,,,,,,,,,,,1.305000067,1.305000067,return,,FALSE,,,,,,,130,entrepa,Catalan,Sounds/cat_entrepa.mp3,11523,001,2020-05-26_18h46.08.486,TranslationElicitation_eng-sona,3.2.4,Win32,60,1,0,81,24,1,80
,,,,,,,,,,,,,,,,,,,,,,,,,,,,,,,,,,,,,,,,,,,,,,,,,,,,130,entrepa,Catalan,Sounds/cat_entrepa.mp3,11523,001,2020-05-26_18h46.08.486,TranslationElicitation_eng-sona,3.2.4,Win32,60,1,0,81,24,1,80
