consentKey.keys,consentKey.rt,languageL1Key.keys,languageL1Key.rt,languageL2,languageL2OralKey.keys,languageL2OralKey.rt,languageL2WrittenKey.keys,languageL2WrittenKey.rt,languageL3OralKey.keys,languageL3OralKey.rt,languageL3WrittenKey.keys,languageL3WrittenKey.rt,languageCatalanOralKey.keys,languageCatalanOralKey.rt,languageCatalanWrittenKey.keys,languageCatalanWrittenKey.rt,languageCatalanTimeKey.keys,languageCatalanTimeKey.rt,languageSpanishOralKey.keys,languageSpanishOralKey.rt,languageSpanishWrittenKey.keys,languageSpanishWrittenKey.rt,languageSpanishTimeKey.keys,languageSpanishTimeKey.rt,age,demoSexKey.keys,demoSexKey.rt,demoEducationKey.keys,demoEducationKey.rt,city,demoVisionKey.keys,demoVisionKey.rt,demoLanguageKey.keys,demoLanguageKey.rt,setupLocationKey.keys,setupLocationKey.rt,setupNoiseKey.keys,setupNoiseKey.rt,instructionsKeys.keys,instructionsKeys.rt,trialOffset,keyPressTime,keyPressed,inputText,error,trialsPracticeSpanish.thisRepN,trialsPracticeSpanish.thisTrialN,trialsPracticeSpanish.thisN,trialsPracticeSpanish.thisIndex,trialsPracticeSpanish.ran,trialsPracticeSpanish.order,trial_id,word,test_language,soundfile,date,expName,psychopyVersion,OS,frameRate,participant,trialsSpanish.thisRepN,trialsSpanish.thisTrialN,trialsSpanish.thisN,trialsSpanish.thisIndex,trialsSpanish.ran,trialsSpanish.order
space,2.125,e,2.640000105,,,,,,,,,,1,2.174000025,1,1.065000057,1,1.468999863,1,1.263999939,1,0.780999899,1,1.299000025,1,f,2.012000084,1,2.711999893,1,y,1.867000103,y,1.600999832,1,1.911999941,1,1.059000015,space,7.773000002,1.53399992,1.53399992,return,,FALSE,1,0,5,0,1,4,1,arbol,Spanish,Sounds/spa_arbol.mp3,2020-05-27_16h41.25.138,TranslationElicitation_eng-sona,3.2.4,Win32,60,11523,,,,,,
,,,,,,,,,,,,,,,,,,,,,,,,,,,,,,,,,,,,,,,,,,,,,,1,0,5,0,1,4,1,arbol,Spanish,Sounds/spa_arbol.mp3,2020-05-27_16h41.25.138,TranslationElicitation_eng-sona,3.2.4,Win32,60,11523,,,,,,
,,,,,,,,,,,,,,,,,,,,,,,,,,,,,,,,,,,,,,,,,1.946000099,1.946000099,return,,FALSE,1,0,5,4,1,4,96,tigre,Spanish,Sounds/spa_tigre.mp3,2020-05-27_16h41.25.138,TranslationElicitation_eng-sona,3.2.4,Win32,60,11523,,,,,,
,,,,,,,,,,,,,,,,,,,,,,,,,,,,,,,,,,,,,,,,,,,,,,1,0,5,4,1,4,96,tigre,Spanish,Sounds/spa_tigre.mp3,2020-05-27_16h41.25.138,TranslationElicitation_eng-sona,3.2.4,Win32,60,11523,,,,,,
,,,,,,,,,,,,,,,,,,,,,,,,,,,,,,,,,,,,,,,,,1.978000164,1.978000164,return,,FALSE,1,0,5,1,1,4,30,corona,Spanish,Sounds/spa_corona.mp3,2020-05-27_16h41.25.138,TranslationElicitation_eng-sona,3.2.4,Win32,60,11523,,,,,,
,,,,,,,,,,,,,,,,,,,,,,,,,,,,,,,,,,,,,,,,,,,,,,1,0,5,1,1,4,30,corona,Spanish,Sounds/spa_corona.mp3,2020-05-27_16h41.25.138,TranslationElicitation_eng-sona,3.2.4,Win32,60,11523,,,,,,
,,,,,,,,,,,,,,,,,,,,,,,,,,,,,,,,,,,,,,,,,1.404000044,1.404000044,return,,FALSE,1,0,5,3,1,4,70,ola,Spanish,Sounds/spa_ola.mp3,2020-05-27_16h41.25.138,TranslationElicitation_eng-sona,3.2.4,Win32,60,11523,,,,,,
,,,,,,,,,,,,,,,,,,,,,,,,,,,,,,,,,,,,,,,,,,,,,,1,0,5,3,1,4,70,ola,Spanish,Sounds/spa_ola.mp3,2020-05-27_16h41.25.138,TranslationElicitation_eng-sona,3.2.4,Win32,60,11523,,,,,,
,,,,,,,,,,,,,,,,,,,,,,,,,,,,,,,,,,,,,,,,,3.000999928,3.000999928,return,,FALSE,1,0,5,2,1,4,26,chaqueta,Spanish,Sounds/spa_chaqueta.mp3,2020-05-27_16h41.25.138,TranslationElicitation_eng-sona,3.2.4,Win32,60,11523,,,,,,
,,,,,,,,,,,,,,,,,,,,,,,,,,,,,,,,,,,,,,,,,,,,,,1,0,5,2,1,4,26,chaqueta,Spanish,Sounds/spa_chaqueta.mp3,2020-05-27_16h41.25.138,TranslationElicitation_eng-sona,3.2.4,Win32,60,11523,,,,,,
,,,,,,,,,,,,,,,,,,,,,,,,,,,,,,,,,,,,,,,,,17.86899996,17.86899996,return,,FALSE,,,,,,,95,tenedor,Spanish,Sounds/spa_tenedor.mp3,2020-05-27_16h41.25.138,TranslationElicitation_eng-sona,3.2.4,Win32,60,11523,1,0,98,90,1,97
,,,,,,,,,,,,,,,,,,,,,,,,,,,,,,,,,,,,,,,,,,,,,,,,,,,,95,tenedor,Spanish,Sounds/spa_tenedor.mp3,2020-05-27_16h41.25.138,TranslationElicitation_eng-sona,3.2.4,Win32,60,11523,1,0,98,90,1,97
,,,,,,,,,,,,,,,,,,,,,,,,,,,,,,,,,,,,,,,,,2.360999823,2.360999823,return,,FALSE,,,,,,,67,muneca,Spanish,Sounds/spa_muneca.mp3,2020-05-27_16h41.25.138,TranslationElicitation_eng-sona,3.2.4,Win32,60,11523,1,0,98,63,1,97
,,,,,,,,,,,,,,,,,,,,,,,,,,,,,,,,,,,,,,,,,,,,,,,,,,,,67,muneca,Spanish,Sounds/spa_muneca.mp3,2020-05-27_16h41.25.138,TranslationElicitation_eng-sona,3.2.4,Win32,60,11523,1,0,98,63,1,97
,,,,,,,,,,,,,,,,,,,,,,,,,,,,,,,,,,,,,,,,,1.462999821,1.462999821,return,,FALSE,,,,,,,102,ventana,Spanish,Sounds/spa_ventana.mp3,2020-05-27_16h41.25.138,TranslationElicitation_eng-sona,3.2.4,Win32,60,11523,1,0,98,96,1,97
,,,,,,,,,,,,,,,,,,,,,,,,,,,,,,,,,,,,,,,,,,,,,,,,,,,,102,ventana,Spanish,Sounds/spa_ventana.mp3,2020-05-27_16h41.25.138,TranslationElicitation_eng-sona,3.2.4,Win32,60,11523,1,0,98,96,1,97
,,,,,,,,,,,,,,,,,,,,,,,,,,,,,,,,,,,,,,,,,1.368999958,1.368999958,return,,FALSE,,,,,,,88,plato,Spanish,Sounds/spa_plato.mp3,2020-05-27_16h41.25.138,TranslationElicitation_eng-sona,3.2.4,Win32,60,11523,1,0,98,83,1,97
,,,,,,,,,,,,,,,,,,,,,,,,,,,,,,,,,,,,,,,,,,,,,,,,,,,,88,plato,Spanish,Sounds/spa_plato.mp3,2020-05-27_16h41.25.138,TranslationElicitation_eng-sona,3.2.4,Win32,60,11523,1,0,98,83,1,97
,,,,,,,,,,,,,,,,,,,,,,,,,,,,,,,,,,,,,,,,,6.633000135,6.633000135,return,,FALSE,,,,,,,36,estrella,Spanish,Sounds/spa_estrella.mp3,2020-05-27_16h41.25.138,TranslationElicitation_eng-sona,3.2.4,Win32,60,11523,1,0,98,32,1,97
,,,,,,,,,,,,,,,,,,,,,,,,,,,,,,,,,,,,,,,,,,,,,,,,,,,,36,estrella,Spanish,Sounds/spa_estrella.mp3,2020-05-27_16h41.25.138,TranslationElicitation_eng-sona,3.2.4,Win32,60,11523,1,0,98,32,1,97
,,,,,,,,,,,,,,,,,,,,,,,,,,,,,,,,,,,,,,,,,1.5,1.5,return,,FALSE,,,,,,,64,moneda,Spanish,Sounds/spa_moneda.mp3,2020-05-27_16h41.25.138,TranslationElicitation_eng-sona,3.2.4,Win32,60,11523,1,0,98,60,1,97
,,,,,,,,,,,,,,,,,,,,,,,,,,,,,,,,,,,,,,,,,,,,,,,,,,,,64,moneda,Spanish,Sounds/spa_moneda.mp3,2020-05-27_16h41.25.138,TranslationElicitation_eng-sona,3.2.4,Win32,60,11523,1,0,98,60,1,97
,,,,,,,,,,,,,,,,,,,,,,,,,,,,,,,,,,,,,,,,,8.136999846,8.136999846,return,,FALSE,,,,,,,5,bici,Spanish,Sounds/spa_bici.mp3,2020-05-27_16h41.25.138,TranslationElicitation_eng-sona,3.2.4,Win32,60,11523,1,0,98,3,1,97
,,,,,,,,,,,,,,,,,,,,,,,,,,,,,,,,,,,,,,,,,,,,,,,,,,,,5,bici,Spanish,Sounds/spa_bici.mp3,2020-05-27_16h41.25.138,TranslationElicitation_eng-sona,3.2.4,Win32,60,11523,1,0,98,3,1,97
,,,,,,,,,,,,,,,,,,,,,,,,,,,,,,,,,,,,,,,,,1.65899992,1.65899992,return,,FALSE,,,,,,,56,libro,Spanish,Sounds/spa_libro.mp3,2020-05-27_16h41.25.138,TranslationElicitation_eng-sona,3.2.4,Win32,60,11523,1,0,98,52,1,97
,,,,,,,,,,,,,,,,,,,,,,,,,,,,,,,,,,,,,,,,,,,,,,,,,,,,56,libro,Spanish,Sounds/spa_libro.mp3,2020-05-27_16h41.25.138,TranslationElicitation_eng-sona,3.2.4,Win32,60,11523,1,0,98,52,1,97
,,,,,,,,,,,,,,,,,,,,,,,,,,,,,,,,,,,,,,,,,1.785000086,1.785000086,return,,FALSE,,,,,,,45,gorro,Spanish,Sounds/spa_gorro.mp3,2020-05-27_16h41.25.138,TranslationElicitation_eng-sona,3.2.4,Win32,60,11523,1,0,98,41,1,97
,,,,,,,,,,,,,,,,,,,,,,,,,,,,,,,,,,,,,,,,,,,,,,,,,,,,45,gorro,Spanish,Sounds/spa_gorro.mp3,2020-05-27_16h41.25.138,TranslationElicitation_eng-sona,3.2.4,Win32,60,11523,1,0,98,41,1,97
,,,,,,,,,,,,,,,,,,,,,,,,,,,,,,,,,,,,,,,,,1.243999958,1.243999958,return,,FALSE,,,,,,,84,pie,Spanish,Sounds/spa_pie.mp3,2020-05-27_16h41.25.138,TranslationElicitation_eng-sona,3.2.4,Win32,60,11523,1,0,98,79,1,97
,,,,,,,,,,,,,,,,,,,,,,,,,,,,,,,,,,,,,,,,,,,,,,,,,,,,84,pie,Spanish,Sounds/spa_pie.mp3,2020-05-27_16h41.25.138,TranslationElicitation_eng-sona,3.2.4,Win32,60,11523,1,0,98,79,1,97
,,,,,,,,,,,,,,,,,,,,,,,,,,,,,,,,,,,,,,,,,1.240999937,1.240999937,return,,FALSE,,,,,,,62,martillo,Spanish,Sounds/spa_martillo.mp3,2020-05-27_16h41.25.138,TranslationElicitation_eng-sona,3.2.4,Win32,60,11523,1,0,98,58,1,97
,,,,,,,,,,,,,,,,,,,,,,,,,,,,,,,,,,,,,,,,,,,,,,,,,,,,62,martillo,Spanish,Sounds/spa_martillo.mp3,2020-05-27_16h41.25.138,TranslationElicitation_eng-sona,3.2.4,Win32,60,11523,1,0,98,58,1,97
,,,,,,,,,,,,,,,,,,,,,,,,,,,,,,,,,,,,,,,,,1.56099987,1.56099987,return,,FALSE,,,,,,,78,pastel,Spanish,Sounds/spa_pastel.mp3,2020-05-27_16h41.25.138,TranslationElicitation_eng-sona,3.2.4,Win32,60,11523,1,0,98,73,1,97
,,,,,,,,,,,,,,,,,,,,,,,,,,,,,,,,,,,,,,,,,,,,,,,,,,,,78,pastel,Spanish,Sounds/spa_pastel.mp3,2020-05-27_16h41.25.138,TranslationElicitation_eng-sona,3.2.4,Win32,60,11523,1,0,98,73,1,97
,,,,,,,,,,,,,,,,,,,,,,,,,,,,,,,,,,,,,,,,,1.944999933,1.944999933,return,,FALSE,,,,,,,92,sandwich,Spanish,Sounds/spa_sandwich.mp3,2020-05-27_16h41.25.138,TranslationElicitation_eng-sona,3.2.4,Win32,60,11523,1,0,98,87,1,97
,,,,,,,,,,,,,,,,,,,,,,,,,,,,,,,,,,,,,,,,,,,,,,,,,,,,92,sandwich,Spanish,Sounds/spa_sandwich.mp3,2020-05-27_16h41.25.138,TranslationElicitation_eng-sona,3.2.4,Win32,60,11523,1,0,98,87,1,97
,,,,,,,,,,,,,,,,,,,,,,,,,,,,,,,,,,,,,,,,,1.68900013,1.68900013,return,,FALSE,,,,,,,35,esponja,Spanish,Sounds/spa_esponja.mp3,2020-05-27_16h41.25.138,TranslationElicitation_eng-sona,3.2.4,Win32,60,11523,1,0,98,31,1,97
,,,,,,,,,,,,,,,,,,,,,,,,,,,,,,,,,,,,,,,,,,,,,,,,,,,,35,esponja,Spanish,Sounds/spa_esponja.mp3,2020-05-27_16h41.25.138,TranslationElicitation_eng-sona,3.2.4,Win32,60,11523,1,0,98,31,1,97
,,,,,,,,,,,,,,,,,,,,,,,,,,,,,,,,,,,,,,,,,1.65899992,1.65899992,return,,FALSE,,,,,,,46,grifo,Spanish,Sounds/spa_grifo.mp3,2020-05-27_16h41.25.138,TranslationElicitation_eng-sona,3.2.4,Win32,60,11523,1,0,98,42,1,97
,,,,,,,,,,,,,,,,,,,,,,,,,,,,,,,,,,,,,,,,,,,,,,,,,,,,46,grifo,Spanish,Sounds/spa_grifo.mp3,2020-05-27_16h41.25.138,TranslationElicitation_eng-sona,3.2.4,Win32,60,11523,1,0,98,42,1,97
,,,,,,,,,,,,,,,,,,,,,,,,,,,,,,,,,,,,,,,,,1.375999928,1.375999928,return,,FALSE,,,,,,,28,cielo,Spanish,Sounds/spa_cielo.mp3,2020-05-27_16h41.25.138,TranslationElicitation_eng-sona,3.2.4,Win32,60,11523,1,0,98,25,1,97
,,,,,,,,,,,,,,,,,,,,,,,,,,,,,,,,,,,,,,,,,,,,,,,,,,,,28,cielo,Spanish,Sounds/spa_cielo.mp3,2020-05-27_16h41.25.138,TranslationElicitation_eng-sona,3.2.4,Win32,60,11523,1,0,98,25,1,97
,,,,,,,,,,,,,,,,,,,,,,,,,,,,,,,,,,,,,,,,,1.563000202,1.563000202,return,,FALSE,,,,,,,23,cerdo,Spanish,Sounds/spa_cerdo.mp3,2020-05-27_16h41.25.138,TranslationElicitation_eng-sona,3.2.4,Win32,60,11523,1,0,98,21,1,97
,,,,,,,,,,,,,,,,,,,,,,,,,,,,,,,,,,,,,,,,,,,,,,,,,,,,23,cerdo,Spanish,Sounds/spa_cerdo.mp3,2020-05-27_16h41.25.138,TranslationElicitation_eng-sona,3.2.4,Win32,60,11523,1,0,98,21,1,97
,,,,,,,,,,,,,,,,,,,,,,,,,,,,,,,,,,,,,,,,,1.305000067,1.305000067,return,,FALSE,,,,,,,61,mariposa,Spanish,Sounds/spa_mariposa.mp3,2020-05-27_16h41.25.138,TranslationElicitation_eng-sona,3.2.4,Win32,60,11523,1,0,98,57,1,97
,,,,,,,,,,,,,,,,,,,,,,,,,,,,,,,,,,,,,,,,,,,,,,,,,,,,61,mariposa,Spanish,Sounds/spa_mariposa.mp3,2020-05-27_16h41.25.138,TranslationElicitation_eng-sona,3.2.4,Win32,60,11523,1,0,98,57,1,97
,,,,,,,,,,,,,,,,,,,,,,,,,,,,,,,,,,,,,,,,,1.562000036,1.562000036,return,,FALSE,,,,,,,7,bocadillo,Spanish,Sounds/spa_bocadillo.mp3,2020-05-27_16h41.25.138,TranslationElicitation_eng-sona,3.2.4,Win32,60,11523,1,0,98,5,1,97
,,,,,,,,,,,,,,,,,,,,,,,,,,,,,,,,,,,,,,,,,,,,,,,,,,,,7,bocadillo,Spanish,Sounds/spa_bocadillo.mp3,2020-05-27_16h41.25.138,TranslationElicitation_eng-sona,3.2.4,Win32,60,11523,1,0,98,5,1,97
,,,,,,,,,,,,,,,,,,,,,,,,,,,,,,,,,,,,,,,,,1.628999949,1.628999949,return,,FALSE,,,,,,,89,pluma,Spanish,Sounds/spa_pluma.mp3,2020-05-27_16h41.25.138,TranslationElicitation_eng-sona,3.2.4,Win32,60,11523,1,0,98,84,1,97
,,,,,,,,,,,,,,,,,,,,,,,,,,,,,,,,,,,,,,,,,,,,,,,,,,,,89,pluma,Spanish,Sounds/spa_pluma.mp3,2020-05-27_16h41.25.138,TranslationElicitation_eng-sona,3.2.4,Win32,60,11523,1,0,98,84,1,97
,,,,,,,,,,,,,,,,,,,,,,,,,,,,,,,,,,,,,,,,,1.625,1.625,return,,FALSE,,,,,,,17,calcetin,Spanish,Sounds/spa_calcetin.mp3,2020-05-27_16h41.25.138,TranslationElicitation_eng-sona,3.2.4,Win32,60,11523,1,0,98,15,1,97
,,,,,,,,,,,,,,,,,,,,,,,,,,,,,,,,,,,,,,,,,,,,,,,,,,,,17,calcetin,Spanish,Sounds/spa_calcetin.mp3,2020-05-27_16h41.25.138,TranslationElicitation_eng-sona,3.2.4,Win32,60,11523,1,0,98,15,1,97
,,,,,,,,,,,,,,,,,,,,,,,,,,,,,,,,,,,,,,,,,1.657000065,1.657000065,return,,FALSE,,,,,,,57,loro,Spanish,Sounds/spa_loro.mp3,2020-05-27_16h41.25.138,TranslationElicitation_eng-sona,3.2.4,Win32,60,11523,1,0,98,53,1,97
,,,,,,,,,,,,,,,,,,,,,,,,,,,,,,,,,,,,,,,,,,,,,,,,,,,,57,loro,Spanish,Sounds/spa_loro.mp3,2020-05-27_16h41.25.138,TranslationElicitation_eng-sona,3.2.4,Win32,60,11523,1,0,98,53,1,97
,,,,,,,,,,,,,,,,,,,,,,,,,,,,,,,,,,,,,,,,,1.68900013,1.68900013,return,,FALSE,,,,,,,9,boli,Spanish,Sounds/spa_boli.mp3,2020-05-27_16h41.25.138,TranslationElicitation_eng-sona,3.2.4,Win32,60,11523,1,0,98,7,1,97
,,,,,,,,,,,,,,,,,,,,,,,,,,,,,,,,,,,,,,,,,,,,,,,,,,,,9,boli,Spanish,Sounds/spa_boli.mp3,2020-05-27_16h41.25.138,TranslationElicitation_eng-sona,3.2.4,Win32,60,11523,1,0,98,7,1,97
,,,,,,,,,,,,,,,,,,,,,,,,,,,,,,,,,,,,,,,,,1.598999977,1.598999977,return,,FALSE,,,,,,,13,buho,Spanish,Sounds/spa_buho.mp3,2020-05-27_16h41.25.138,TranslationElicitation_eng-sona,3.2.4,Win32,60,11523,1,0,98,11,1,97
,,,,,,,,,,,,,,,,,,,,,,,,,,,,,,,,,,,,,,,,,,,,,,,,,,,,13,buho,Spanish,Sounds/spa_buho.mp3,2020-05-27_16h41.25.138,TranslationElicitation_eng-sona,3.2.4,Win32,60,11523,1,0,98,11,1,97
,,,,,,,,,,,,,,,,,,,,,,,,,,,,,,,,,,,,,,,,,1.404999971,1.404999971,return,,FALSE,,,,,,,16,caja,Spanish,Sounds/spa_caja.mp3,2020-05-27_16h41.25.138,TranslationElicitation_eng-sona,3.2.4,Win32,60,11523,1,0,98,14,1,97
,,,,,,,,,,,,,,,,,,,,,,,,,,,,,,,,,,,,,,,,,,,,,,,,,,,,16,caja,Spanish,Sounds/spa_caja.mp3,2020-05-27_16h41.25.138,TranslationElicitation_eng-sona,3.2.4,Win32,60,11523,1,0,98,14,1,97
,,,,,,,,,,,,,,,,,,,,,,,,,,,,,,,,,,,,,,,,,1.531000137,1.531000137,return,,FALSE,,,,,,,69,nariz,Spanish,Sounds/spa_nariz.mp3,2020-05-27_16h41.25.138,TranslationElicitation_eng-sona,3.2.4,Win32,60,11523,1,0,98,65,1,97
,,,,,,,,,,,,,,,,,,,,,,,,,,,,,,,,,,,,,,,,,,,,,,,,,,,,69,nariz,Spanish,Sounds/spa_nariz.mp3,2020-05-27_16h41.25.138,TranslationElicitation_eng-sona,3.2.4,Win32,60,11523,1,0,98,65,1,97
,,,,,,,,,,,,,,,,,,,,,,,,,,,,,,,,,,,,,,,,,1.144000053,1.144000053,return,,FALSE,,,,,,,74,pajaro,Spanish,Sounds/spa_pajaro.mp3,2020-05-27_16h41.25.138,TranslationElicitation_eng-sona,3.2.4,Win32,60,11523,1,0,98,69,1,97
,,,,,,,,,,,,,,,,,,,,,,,,,,,,,,,,,,,,,,,,,,,,,,,,,,,,74,pajaro,Spanish,Sounds/spa_pajaro.mp3,2020-05-27_16h41.25.138,TranslationElicitation_eng-sona,3.2.4,Win32,60,11523,1,0,98,69,1,97
,,,,,,,,,,,,,,,,,,,,,,,,,,,,,,,,,,,,,,,,,1.528000116,1.528000116,return,,FALSE,,,,,,,37,flor,Spanish,Sounds/spa_flor.mp3,2020-05-27_16h41.25.138,TranslationElicitation_eng-sona,3.2.4,Win32,60,11523,1,0,98,33,1,97
,,,,,,,,,,,,,,,,,,,,,,,,,,,,,,,,,,,,,,,,,,,,,,,,,,,,37,flor,Spanish,Sounds/spa_flor.mp3,2020-05-27_16h41.25.138,TranslationElicitation_eng-sona,3.2.4,Win32,60,11523,1,0,98,33,1,97
,,,,,,,,,,,,,,,,,,,,,,,,,,,,,,,,,,,,,,,,,1.240999937,1.240999937,return,,FALSE,,,,,,,72,osito,Spanish,Sounds/spa_osito.mp3,2020-05-27_16h41.25.138,TranslationElicitation_eng-sona,3.2.4,Win32,60,11523,1,0,98,67,1,97
,,,,,,,,,,,,,,,,,,,,,,,,,,,,,,,,,,,,,,,,,,,,,,,,,,,,72,osito,Spanish,Sounds/spa_osito.mp3,2020-05-27_16h41.25.138,TranslationElicitation_eng-sona,3.2.4,Win32,60,11523,1,0,98,67,1,97
,,,,,,,,,,,,,,,,,,,,,,,,,,,,,,,,,,,,,,,,,1.304999828,1.304999828,return,,FALSE,,,,,,,25,cesta,Spanish,Sounds/spa_cesta.mp3,2020-05-27_16h41.25.138,TranslationElicitation_eng-sona,3.2.4,Win32,60,11523,1,0,98,23,1,97
,,,,,,,,,,,,,,,,,,,,,,,,,,,,,,,,,,,,,,,,,,,,,,,,,,,,25,cesta,Spanish,Sounds/spa_cesta.mp3,2020-05-27_16h41.25.138,TranslationElicitation_eng-sona,3.2.4,Win32,60,11523,1,0,98,23,1,97
,,,,,,,,,,,,,,,,,,,,,,,,,,,,,,,,,,,,,,,,,1.527999878,1.527999878,return,,FALSE,,,,,,,60,manzana,Spanish,Sounds/spa_manzana.mp3,2020-05-27_16h41.25.138,TranslationElicitation_eng-sona,3.2.4,Win32,60,11523,1,0,98,56,1,97
,,,,,,,,,,,,,,,,,,,,,,,,,,,,,,,,,,,,,,,,,,,,,,,,,,,,60,manzana,Spanish,Sounds/spa_manzana.mp3,2020-05-27_16h41.25.138,TranslationElicitation_eng-sona,3.2.4,Win32,60,11523,1,0,98,56,1,97
,,,,,,,,,,,,,,,,,,,,,,,,,,,,,,,,,,,,,,,,,1.755999804,1.755999804,return,,FALSE,,,,,,,6,boca,Spanish,Sounds/spa_boca.mp3,2020-05-27_16h41.25.138,TranslationElicitation_eng-sona,3.2.4,Win32,60,11523,1,0,98,4,1,97
,,,,,,,,,,,,,,,,,,,,,,,,,,,,,,,,,,,,,,,,,,,,,,,,,,,,6,boca,Spanish,Sounds/spa_boca.mp3,2020-05-27_16h41.25.138,TranslationElicitation_eng-sona,3.2.4,Win32,60,11523,1,0,98,4,1,97
,,,,,,,,,,,,,,,,,,,,,,,,,,,,,,,,,,,,,,,,,1.787999868,1.787999868,return,,FALSE,,,,,,,55,leon,Spanish,Sounds/spa_leon.mp3,2020-05-27_16h41.25.138,TranslationElicitation_eng-sona,3.2.4,Win32,60,11523,1,0,98,51,1,97
,,,,,,,,,,,,,,,,,,,,,,,,,,,,,,,,,,,,,,,,,,,,,,,,,,,,55,leon,Spanish,Sounds/spa_leon.mp3,2020-05-27_16h41.25.138,TranslationElicitation_eng-sona,3.2.4,Win32,60,11523,1,0,98,51,1,97
,,,,,,,,,,,,,,,,,,,,,,,,,,,,,,,,,,,,,,,,,1.373000145,1.373000145,return,,FALSE,,,,,,,41,gallina,Spanish,Sounds/spa_gallina.mp3,2020-05-27_16h41.25.138,TranslationElicitation_eng-sona,3.2.4,Win32,60,11523,1,0,98,37,1,97
,,,,,,,,,,,,,,,,,,,,,,,,,,,,,,,,,,,,,,,,,,,,,,,,,,,,41,gallina,Spanish,Sounds/spa_gallina.mp3,2020-05-27_16h41.25.138,TranslationElicitation_eng-sona,3.2.4,Win32,60,11523,1,0,98,37,1,97
,,,,,,,,,,,,,,,,,,,,,,,,,,,,,,,,,,,,,,,,,1.620000124,1.620000124,return,,FALSE,,,,,,,20,caracol,Spanish,Sounds/spa_caracol.mp3,2020-05-27_16h41.25.138,TranslationElicitation_eng-sona,3.2.4,Win32,60,11523,1,0,98,18,1,97
,,,,,,,,,,,,,,,,,,,,,,,,,,,,,,,,,,,,,,,,,,,,,,,,,,,,20,caracol,Spanish,Sounds/spa_caracol.mp3,2020-05-27_16h41.25.138,TranslationElicitation_eng-sona,3.2.4,Win32,60,11523,1,0,98,18,1,97
,,,,,,,,,,,,,,,,,,,,,,,,,,,,,,,,,,,,,,,,,1.625999928,1.625999928,return,,FALSE,,,,,,,50,jirafa,Spanish,Sounds/spa_jirafa.mp3,2020-05-27_16h41.25.138,TranslationElicitation_eng-sona,3.2.4,Win32,60,11523,1,0,98,46,1,97
,,,,,,,,,,,,,,,,,,,,,,,,,,,,,,,,,,,,,,,,,,,,,,,,,,,,50,jirafa,Spanish,Sounds/spa_jirafa.mp3,2020-05-27_16h41.25.138,TranslationElicitation_eng-sona,3.2.4,Win32,60,11523,1,0,98,46,1,97
,,,,,,,,,,,,,,,,,,,,,,,,,,,,,,,,,,,,,,,,,1.684000015,1.684000015,return,,FALSE,,,,,,,54,lengua,Spanish,Sounds/spa_lengua.mp3,2020-05-27_16h41.25.138,TranslationElicitation_eng-sona,3.2.4,Win32,60,11523,1,0,98,50,1,97
,,,,,,,,,,,,,,,,,,,,,,,,,,,,,,,,,,,,,,,,,,,,,,,,,,,,54,lengua,Spanish,Sounds/spa_lengua.mp3,2020-05-27_16h41.25.138,TranslationElicitation_eng-sona,3.2.4,Win32,60,11523,1,0,98,50,1,97
,,,,,,,,,,,,,,,,,,,,,,,,,,,,,,,,,,,,,,,,,1.911000013,1.911000013,return,,FALSE,,,,,,,12,brazo,Spanish,Sounds/spa_brazo.mp3,2020-05-27_16h41.25.138,TranslationElicitation_eng-sona,3.2.4,Win32,60,11523,1,0,98,10,1,97
,,,,,,,,,,,,,,,,,,,,,,,,,,,,,,,,,,,,,,,,,,,,,,,,,,,,12,brazo,Spanish,Sounds/spa_brazo.mp3,2020-05-27_16h41.25.138,TranslationElicitation_eng-sona,3.2.4,Win32,60,11523,1,0,98,10,1,97
,,,,,,,,,,,,,,,,,,,,,,,,,,,,,,,,,,,,,,,,,1.434999943,1.434999943,return,,FALSE,,,,,,,34,ensalada,Spanish,Sounds/spa_ensalada.mp3,2020-05-27_16h41.25.138,TranslationElicitation_eng-sona,3.2.4,Win32,60,11523,1,0,98,30,1,97
,,,,,,,,,,,,,,,,,,,,,,,,,,,,,,,,,,,,,,,,,,,,,,,,,,,,34,ensalada,Spanish,Sounds/spa_ensalada.mp3,2020-05-27_16h41.25.138,TranslationElicitation_eng-sona,3.2.4,Win32,60,11523,1,0,98,30,1,97
,,,,,,,,,,,,,,,,,,,,,,,,,,,,,,,,,,,,,,,,,1.562999964,1.562999964,return,,FALSE,,,,,,,100,toro,Spanish,Sounds/spa_toro.mp3,2020-05-27_16h41.25.138,TranslationElicitation_eng-sona,3.2.4,Win32,60,11523,1,0,98,94,1,97
,,,,,,,,,,,,,,,,,,,,,,,,,,,,,,,,,,,,,,,,,,,,,,,,,,,,100,toro,Spanish,Sounds/spa_toro.mp3,2020-05-27_16h41.25.138,TranslationElicitation_eng-sona,3.2.4,Win32,60,11523,1,0,98,94,1,97
,,,,,,,,,,,,,,,,,,,,,,,,,,,,,,,,,,,,,,,,,1.56099987,1.56099987,return,,FALSE,,,,,,,38,frambuesa,Spanish,Sounds/spa_frambuesa.mp3,2020-05-27_16h41.25.138,TranslationElicitation_eng-sona,3.2.4,Win32,60,11523,1,0,98,34,1,97
,,,,,,,,,,,,,,,,,,,,,,,,,,,,,,,,,,,,,,,,,,,,,,,,,,,,38,frambuesa,Spanish,Sounds/spa_frambuesa.mp3,2020-05-27_16h41.25.138,TranslationElicitation_eng-sona,3.2.4,Win32,60,11523,1,0,98,34,1,97
,,,,,,,,,,,,,,,,,,,,,,,,,,,,,,,,,,,,,,,,,1.785000086,1.785000086,return,,FALSE,,,,,,,11,boton,Spanish,Sounds/spa_boton.mp3,2020-05-27_16h41.25.138,TranslationElicitation_eng-sona,3.2.4,Win32,60,11523,1,0,98,9,1,97
,,,,,,,,,,,,,,,,,,,,,,,,,,,,,,,,,,,,,,,,,,,,,,,,,,,,11,boton,Spanish,Sounds/spa_boton.mp3,2020-05-27_16h41.25.138,TranslationElicitation_eng-sona,3.2.4,Win32,60,11523,1,0,98,9,1,97
,,,,,,,,,,,,,,,,,,,,,,,,,,,,,,,,,,,,,,,,,1.625999928,1.625999928,return,,FALSE,,,,,,,68,naranja,Spanish,Sounds/spa_naranja.mp3,2020-05-27_16h41.25.138,TranslationElicitation_eng-sona,3.2.4,Win32,60,11523,1,0,98,64,1,97
,,,,,,,,,,,,,,,,,,,,,,,,,,,,,,,,,,,,,,,,,,,,,,,,,,,,68,naranja,Spanish,Sounds/spa_naranja.mp3,2020-05-27_16h41.25.138,TranslationElicitation_eng-sona,3.2.4,Win32,60,11523,1,0,98,64,1,97
,,,,,,,,,,,,,,,,,,,,,,,,,,,,,,,,,,,,,,,,,1.559999943,1.559999943,return,,FALSE,,,,,,,44,gorrion,Spanish,Sounds/spa_gorrion.mp3,2020-05-27_16h41.25.138,TranslationElicitation_eng-sona,3.2.4,Win32,60,11523,1,0,98,40,1,97
,,,,,,,,,,,,,,,,,,,,,,,,,,,,,,,,,,,,,,,,,,,,,,,,,,,,44,gorrion,Spanish,Sounds/spa_gorrion.mp3,2020-05-27_16h41.25.138,TranslationElicitation_eng-sona,3.2.4,Win32,60,11523,1,0,98,40,1,97
,,,,,,,,,,,,,,,,,,,,,,,,,,,,,,,,,,,,,,,,,1.657999992,1.657999992,return,,FALSE,,,,,,,79,patata,Spanish,Sounds/spa_patata.mp3,2020-05-27_16h41.25.138,TranslationElicitation_eng-sona,3.2.4,Win32,60,11523,1,0,98,74,1,97
,,,,,,,,,,,,,,,,,,,,,,,,,,,,,,,,,,,,,,,,,,,,,,,,,,,,79,patata,Spanish,Sounds/spa_patata.mp3,2020-05-27_16h41.25.138,TranslationElicitation_eng-sona,3.2.4,Win32,60,11523,1,0,98,74,1,97
,,,,,,,,,,,,,,,,,,,,,,,,,,,,,,,,,,,,,,,,,1.724999905,1.724999905,return,,FALSE,,,,,,,76,panal,Spanish,Sounds/spa_panal.mp3,2020-05-27_16h41.25.138,TranslationElicitation_eng-sona,3.2.4,Win32,60,11523,1,0,98,71,1,97
,,,,,,,,,,,,,,,,,,,,,,,,,,,,,,,,,,,,,,,,,,,,,,,,,,,,76,panal,Spanish,Sounds/spa_panal.mp3,2020-05-27_16h41.25.138,TranslationElicitation_eng-sona,3.2.4,Win32,60,11523,1,0,98,71,1,97
,,,,,,,,,,,,,,,,,,,,,,,,,,,,,,,,,,,,,,,,,1.467000008,1.467000008,return,,FALSE,,,,,,,31,cubo,Spanish,Sounds/spa_cubo.mp3,2020-05-27_16h41.25.138,TranslationElicitation_eng-sona,3.2.4,Win32,60,11523,1,0,98,27,1,97
,,,,,,,,,,,,,,,,,,,,,,,,,,,,,,,,,,,,,,,,,,,,,,,,,,,,31,cubo,Spanish,Sounds/spa_cubo.mp3,2020-05-27_16h41.25.138,TranslationElicitation_eng-sona,3.2.4,Win32,60,11523,1,0,98,27,1,97
,,,,,,,,,,,,,,,,,,,,,,,,,,,,,,,,,,,,,,,,,1.660000086,1.660000086,return,,FALSE,,,,,,,27,chocolate,Spanish,Sounds/spa_chocolate.mp3,2020-05-27_16h41.25.138,TranslationElicitation_eng-sona,3.2.4,Win32,60,11523,1,0,98,24,1,97
,,,,,,,,,,,,,,,,,,,,,,,,,,,,,,,,,,,,,,,,,,,,,,,,,,,,27,chocolate,Spanish,Sounds/spa_chocolate.mp3,2020-05-27_16h41.25.138,TranslationElicitation_eng-sona,3.2.4,Win32,60,11523,1,0,98,24,1,97
,,,,,,,,,,,,,,,,,,,,,,,,,,,,,,,,,,,,,,,,,1.403000116,1.403000116,return,,FALSE,,,,,,,98,tobogan,Spanish,Sounds/spa_tobogan.mp3,2020-05-27_16h41.25.138,TranslationElicitation_eng-sona,3.2.4,Win32,60,11523,1,0,98,92,1,97
,,,,,,,,,,,,,,,,,,,,,,,,,,,,,,,,,,,,,,,,,,,,,,,,,,,,98,tobogan,Spanish,Sounds/spa_tobogan.mp3,2020-05-27_16h41.25.138,TranslationElicitation_eng-sona,3.2.4,Win32,60,11523,1,0,98,92,1,97
,,,,,,,,,,,,,,,,,,,,,,,,,,,,,,,,,,,,,,,,,1.465999842,1.465999842,return,,FALSE,,,,,,,32,cuchara,Spanish,Sounds/spa_cuchara.mp3,2020-05-27_16h41.25.138,TranslationElicitation_eng-sona,3.2.4,Win32,60,11523,1,0,98,28,1,97
,,,,,,,,,,,,,,,,,,,,,,,,,,,,,,,,,,,,,,,,,,,,,,,,,,,,32,cuchara,Spanish,Sounds/spa_cuchara.mp3,2020-05-27_16h41.25.138,TranslationElicitation_eng-sona,3.2.4,Win32,60,11523,1,0,98,28,1,97
,,,,,,,,,,,,,,,,,,,,,,,,,,,,,,,,,,,,,,,,,1.846999884,1.846999884,return,,FALSE,,,,,,,4,biberon,Spanish,Sounds/spa_biberon.mp3,2020-05-27_16h41.25.138,TranslationElicitation_eng-sona,3.2.4,Win32,60,11523,1,0,98,2,1,97
,,,,,,,,,,,,,,,,,,,,,,,,,,,,,,,,,,,,,,,,,,,,,,,,,,,,4,biberon,Spanish,Sounds/spa_biberon.mp3,2020-05-27_16h41.25.138,TranslationElicitation_eng-sona,3.2.4,Win32,60,11523,1,0,98,2,1,97
,,,,,,,,,,,,,,,,,,,,,,,,,,,,,,,,,,,,,,,,,1.816999912,1.816999912,return,,FALSE,,,,,,,58,luna,Spanish,Sounds/spa_luna.mp3,2020-05-27_16h41.25.138,TranslationElicitation_eng-sona,3.2.4,Win32,60,11523,1,0,98,54,1,97
,,,,,,,,,,,,,,,,,,,,,,,,,,,,,,,,,,,,,,,,,,,,,,,,,,,,58,luna,Spanish,Sounds/spa_luna.mp3,2020-05-27_16h41.25.138,TranslationElicitation_eng-sona,3.2.4,Win32,60,11523,1,0,98,54,1,97
,,,,,,,,,,,,,,,,,,,,,,,,,,,,,,,,,,,,,,,,,1.559000015,1.559000015,return,,FALSE,,,,,,,97,tijeras,Spanish,Sounds/spa_tijeras.mp3,2020-05-27_16h41.25.138,TranslationElicitation_eng-sona,3.2.4,Win32,60,11523,1,0,98,91,1,97
,,,,,,,,,,,,,,,,,,,,,,,,,,,,,,,,,,,,,,,,,,,,,,,,,,,,97,tijeras,Spanish,Sounds/spa_tijeras.mp3,2020-05-27_16h41.25.138,TranslationElicitation_eng-sona,3.2.4,Win32,60,11523,1,0,98,91,1,97
,,,,,,,,,,,,,,,,,,,,,,,,,,,,,,,,,,,,,,,,,1.499000072,1.499000072,return,,FALSE,,,,,,,2,avestruz,Spanish,Sounds/spa_avestruz.mp3,2020-05-27_16h41.25.138,TranslationElicitation_eng-sona,3.2.4,Win32,60,11523,1,0,98,0,1,97
,,,,,,,,,,,,,,,,,,,,,,,,,,,,,,,,,,,,,,,,,,,,,,,,,,,,2,avestruz,Spanish,Sounds/spa_avestruz.mp3,2020-05-27_16h41.25.138,TranslationElicitation_eng-sona,3.2.4,Win32,60,11523,1,0,98,0,1,97
,,,,,,,,,,,,,,,,,,,,,,,,,,,,,,,,,,,,,,,,,1.627999783,1.627999783,return,,FALSE,,,,,,,94,tambor,Spanish,Sounds/spa_tambor.mp3,2020-05-27_16h41.25.138,TranslationElicitation_eng-sona,3.2.4,Win32,60,11523,1,0,98,89,1,97
,,,,,,,,,,,,,,,,,,,,,,,,,,,,,,,,,,,,,,,,,,,,,,,,,,,,94,tambor,Spanish,Sounds/spa_tambor.mp3,2020-05-27_16h41.25.138,TranslationElicitation_eng-sona,3.2.4,Win32,60,11523,1,0,98,89,1,97
,,,,,,,,,,,,,,,,,,,,,,,,,,,,,,,,,,,,,,,,,1.531000137,1.531000137,return,,FALSE,,,,,,,33,dedo,Spanish,Sounds/spa_dedo.mp3,2020-05-27_16h41.25.138,TranslationElicitation_eng-sona,3.2.4,Win32,60,11523,1,0,98,29,1,97
,,,,,,,,,,,,,,,,,,,,,,,,,,,,,,,,,,,,,,,,,,,,,,,,,,,,33,dedo,Spanish,Sounds/spa_dedo.mp3,2020-05-27_16h41.25.138,TranslationElicitation_eng-sona,3.2.4,Win32,60,11523,1,0,98,29,1,97
,,,,,,,,,,,,,,,,,,,,,,,,,,,,,,,,,,,,,,,,,1.654999971,1.654999971,return,,FALSE,,,,,,,66,moto,Spanish,Sounds/spa_moto.mp3,2020-05-27_16h41.25.138,TranslationElicitation_eng-sona,3.2.4,Win32,60,11523,1,0,98,62,1,97
,,,,,,,,,,,,,,,,,,,,,,,,,,,,,,,,,,,,,,,,,,,,,,,,,,,,66,moto,Spanish,Sounds/spa_moto.mp3,2020-05-27_16h41.25.138,TranslationElicitation_eng-sona,3.2.4,Win32,60,11523,1,0,98,62,1,97
,,,,,,,,,,,,,,,,,,,,,,,,,,,,,,,,,,,,,,,,,1.720000029,1.720000029,return,,FALSE,,,,,,,73,oveja,Spanish,Sounds/spa_oveja.mp3,2020-05-27_16h41.25.138,TranslationElicitation_eng-sona,3.2.4,Win32,60,11523,1,0,98,68,1,97
,,,,,,,,,,,,,,,,,,,,,,,,,,,,,,,,,,,,,,,,,,,,,,,,,,,,73,oveja,Spanish,Sounds/spa_oveja.mp3,2020-05-27_16h41.25.138,TranslationElicitation_eng-sona,3.2.4,Win32,60,11523,1,0,98,68,1,97
,,,,,,,,,,,,,,,,,,,,,,,,,,,,,,,,,,,,,,,,,1.244999886,1.244999886,return,,FALSE,,,,,,,82,perro,Spanish,Sounds/spa_perro.mp3,2020-05-27_16h41.25.138,TranslationElicitation_eng-sona,3.2.4,Win32,60,11523,1,0,98,77,1,97
,,,,,,,,,,,,,,,,,,,,,,,,,,,,,,,,,,,,,,,,,,,,,,,,,,,,82,perro,Spanish,Sounds/spa_perro.mp3,2020-05-27_16h41.25.138,TranslationElicitation_eng-sona,3.2.4,Win32,60,11523,1,0,98,77,1,97
,,,,,,,,,,,,,,,,,,,,,,,,,,,,,,,,,,,,,,,,,1.532000065,1.532000065,return,,FALSE,,,,,,,86,pingüino,Spanish,Sounds/spa_pinguino.mp3,2020-05-27_16h41.25.138,TranslationElicitation_eng-sona,3.2.4,Win32,60,11523,1,0,98,81,1,97
,,,,,,,,,,,,,,,,,,,,,,,,,,,,,,,,,,,,,,,,,,,,,,,,,,,,86,pingüino,Spanish,Sounds/spa_pinguino.mp3,2020-05-27_16h41.25.138,TranslationElicitation_eng-sona,3.2.4,Win32,60,11523,1,0,98,81,1,97
,,,,,,,,,,,,,,,,,,,,,,,,,,,,,,,,,,,,,,,,,1.562999964,1.562999964,return,,FALSE,,,,,,,18,camisa,Spanish,Sounds/spa_camisa.mp3,2020-05-27_16h41.25.138,TranslationElicitation_eng-sona,3.2.4,Win32,60,11523,1,0,98,16,1,97
,,,,,,,,,,,,,,,,,,,,,,,,,,,,,,,,,,,,,,,,,,,,,,,,,,,,18,camisa,Spanish,Sounds/spa_camisa.mp3,2020-05-27_16h41.25.138,TranslationElicitation_eng-sona,3.2.4,Win32,60,11523,1,0,98,16,1,97
,,,,,,,,,,,,,,,,,,,,,,,,,,,,,,,,,,,,,,,,,1.717999935,1.717999935,return,,FALSE,,,,,,,10,botella,Spanish,Sounds/spa_botella.mp3,2020-05-27_16h41.25.138,TranslationElicitation_eng-sona,3.2.4,Win32,60,11523,1,0,98,8,1,97
,,,,,,,,,,,,,,,,,,,,,,,,,,,,,,,,,,,,,,,,,,,,,,,,,,,,10,botella,Spanish,Sounds/spa_botella.mp3,2020-05-27_16h41.25.138,TranslationElicitation_eng-sona,3.2.4,Win32,60,11523,1,0,98,8,1,97
,,,,,,,,,,,,,,,,,,,,,,,,,,,,,,,,,,,,,,,,,1.597000122,1.597000122,return,,FALSE,,,,,,,21,cebra,Spanish,Sounds/spa_cebra.mp3,2020-05-27_16h41.25.138,TranslationElicitation_eng-sona,3.2.4,Win32,60,11523,1,0,98,19,1,97
,,,,,,,,,,,,,,,,,,,,,,,,,,,,,,,,,,,,,,,,,,,,,,,,,,,,21,cebra,Spanish,Sounds/spa_cebra.mp3,2020-05-27_16h41.25.138,TranslationElicitation_eng-sona,3.2.4,Win32,60,11523,1,0,98,19,1,97
,,,,,,,,,,,,,,,,,,,,,,,,,,,,,,,,,,,,,,,,,1.437000036,1.437000036,return,,FALSE,,,,,,,15,caballo,Spanish,Sounds/spa_caballo.mp3,2020-05-27_16h41.25.138,TranslationElicitation_eng-sona,3.2.4,Win32,60,11523,1,0,98,13,1,97
,,,,,,,,,,,,,,,,,,,,,,,,,,,,,,,,,,,,,,,,,,,,,,,,,,,,15,caballo,Spanish,Sounds/spa_caballo.mp3,2020-05-27_16h41.25.138,TranslationElicitation_eng-sona,3.2.4,Win32,60,11523,1,0,98,13,1,97
,,,,,,,,,,,,,,,,,,,,,,,,,,,,,,,,,,,,,,,,,1.911999941,1.911999941,return,,FALSE,,,,,,,90,pollo,Spanish,Sounds/spa_pollo.mp3,2020-05-27_16h41.25.138,TranslationElicitation_eng-sona,3.2.4,Win32,60,11523,1,0,98,85,1,97
,,,,,,,,,,,,,,,,,,,,,,,,,,,,,,,,,,,,,,,,,,,,,,,,,,,,90,pollo,Spanish,Sounds/spa_pollo.mp3,2020-05-27_16h41.25.138,TranslationElicitation_eng-sona,3.2.4,Win32,60,11523,1,0,98,85,1,97
,,,,,,,,,,,,,,,,,,,,,,,,,,,,,,,,,,,,,,,,,1.747999907,1.747999907,return,,FALSE,,,,,,,85,pierna,Spanish,Sounds/spa_pierna.mp3,2020-05-27_16h41.25.138,TranslationElicitation_eng-sona,3.2.4,Win32,60,11523,1,0,98,80,1,97
,,,,,,,,,,,,,,,,,,,,,,,,,,,,,,,,,,,,,,,,,,,,,,,,,,,,85,pierna,Spanish,Sounds/spa_pierna.mp3,2020-05-27_16h41.25.138,TranslationElicitation_eng-sona,3.2.4,Win32,60,11523,1,0,98,80,1,97
,,,,,,,,,,,,,,,,,,,,,,,,,,,,,,,,,,,,,,,,,1.880999804,1.880999804,return,,FALSE,,,,,,,101,tren,Spanish,Sounds/spa_tren.mp3,2020-05-27_16h41.25.138,TranslationElicitation_eng-sona,3.2.4,Win32,60,11523,1,0,98,95,1,97
,,,,,,,,,,,,,,,,,,,,,,,,,,,,,,,,,,,,,,,,,,,,,,,,,,,,101,tren,Spanish,Sounds/spa_tren.mp3,2020-05-27_16h41.25.138,TranslationElicitation_eng-sona,3.2.4,Win32,60,11523,1,0,98,95,1,97
,,,,,,,,,,,,,,,,,,,,,,,,,,,,,,,,,,,,,,,,,1.687999964,1.687999964,return,,FALSE,,,,,,,43,globo,Spanish,Sounds/spa_globo.mp3,2020-05-27_16h41.25.138,TranslationElicitation_eng-sona,3.2.4,Win32,60,11523,1,0,98,39,1,97
,,,,,,,,,,,,,,,,,,,,,,,,,,,,,,,,,,,,,,,,,,,,,,,,,,,,43,globo,Spanish,Sounds/spa_globo.mp3,2020-05-27_16h41.25.138,TranslationElicitation_eng-sona,3.2.4,Win32,60,11523,1,0,98,39,1,97
,,,,,,,,,,,,,,,,,,,,,,,,,,,,,,,,,,,,,,,,,1.753999949,1.753999949,return,,FALSE,,,,,,,3,barco,Spanish,Sounds/spa_barco.mp3,2020-05-27_16h41.25.138,TranslationElicitation_eng-sona,3.2.4,Win32,60,11523,1,0,98,1,1,97
,,,,,,,,,,,,,,,,,,,,,,,,,,,,,,,,,,,,,,,,,,,,,,,,,,,,3,barco,Spanish,Sounds/spa_barco.mp3,2020-05-27_16h41.25.138,TranslationElicitation_eng-sona,3.2.4,Win32,60,11523,1,0,98,1,1,97
,,,,,,,,,,,,,,,,,,,,,,,,,,,,,,,,,,,,,,,,,1.750999928,1.750999928,return,,FALSE,,,,,,,93,sol,Spanish,Sounds/spa_sol.mp3,2020-05-27_16h41.25.138,TranslationElicitation_eng-sona,3.2.4,Win32,60,11523,1,0,98,88,1,97
,,,,,,,,,,,,,,,,,,,,,,,,,,,,,,,,,,,,,,,,,,,,,,,,,,,,93,sol,Spanish,Sounds/spa_sol.mp3,2020-05-27_16h41.25.138,TranslationElicitation_eng-sona,3.2.4,Win32,60,11523,1,0,98,88,1,97
,,,,,,,,,,,,,,,,,,,,,,,,,,,,,,,,,,,,,,,,,1.555999994,1.555999994,return,,FALSE,,,,,,,83,pez,Spanish,Sounds/spa_pez.mp3,2020-05-27_16h41.25.138,TranslationElicitation_eng-sona,3.2.4,Win32,60,11523,1,0,98,78,1,97
,,,,,,,,,,,,,,,,,,,,,,,,,,,,,,,,,,,,,,,,,,,,,,,,,,,,83,pez,Spanish,Sounds/spa_pez.mp3,2020-05-27_16h41.25.138,TranslationElicitation_eng-sona,3.2.4,Win32,60,11523,1,0,98,78,1,97
,,,,,,,,,,,,,,,,,,,,,,,,,,,,,,,,,,,,,,,,,1.910999775,1.910999775,return,,FALSE,,,,,,,39,gafas,Spanish,Sounds/spa_gafas.mp3,2020-05-27_16h41.25.138,TranslationElicitation_eng-sona,3.2.4,Win32,60,11523,1,0,98,35,1,97
,,,,,,,,,,,,,,,,,,,,,,,,,,,,,,,,,,,,,,,,,,,,,,,,,,,,39,gafas,Spanish,Sounds/spa_gafas.mp3,2020-05-27_16h41.25.138,TranslationElicitation_eng-sona,3.2.4,Win32,60,11523,1,0,98,35,1,97
,,,,,,,,,,,,,,,,,,,,,,,,,,,,,,,,,,,,,,,,,1.720999956,1.720999956,return,,FALSE,,,,,,,99,tomate,Spanish,Sounds/spa_tomate.mp3,2020-05-27_16h41.25.138,TranslationElicitation_eng-sona,3.2.4,Win32,60,11523,1,0,98,93,1,97
,,,,,,,,,,,,,,,,,,,,,,,,,,,,,,,,,,,,,,,,,,,,,,,,,,,,99,tomate,Spanish,Sounds/spa_tomate.mp3,2020-05-27_16h41.25.138,TranslationElicitation_eng-sona,3.2.4,Win32,60,11523,1,0,98,93,1,97
,,,,,,,,,,,,,,,,,,,,,,,,,,,,,,,,,,,,,,,,,1.721000195,1.721000195,return,,FALSE,,,,,,,22,cepillo,Spanish,Sounds/spa_cepillo.mp3,2020-05-27_16h41.25.138,TranslationElicitation_eng-sona,3.2.4,Win32,60,11523,1,0,98,20,1,97
,,,,,,,,,,,,,,,,,,,,,,,,,,,,,,,,,,,,,,,,,,,,,,,,,,,,22,cepillo,Spanish,Sounds/spa_cepillo.mp3,2020-05-27_16h41.25.138,TranslationElicitation_eng-sona,3.2.4,Win32,60,11523,1,0,98,20,1,97
,,,,,,,,,,,,,,,,,,,,,,,,,,,,,,,,,,,,,,,,,1.495000124,1.495000124,return,,FALSE,,,,,,,81,pelota,Spanish,Sounds/spa_pelota.mp3,2020-05-27_16h41.25.138,TranslationElicitation_eng-sona,3.2.4,Win32,60,11523,1,0,98,76,1,97
,,,,,,,,,,,,,,,,,,,,,,,,,,,,,,,,,,,,,,,,,,,,,,,,,,,,81,pelota,Spanish,Sounds/spa_pelota.mp3,2020-05-27_16h41.25.138,TranslationElicitation_eng-sona,3.2.4,Win32,60,11523,1,0,98,76,1,97
,,,,,,,,,,,,,,,,,,,,,,,,,,,,,,,,,,,,,,,,,1.657999992,1.657999992,return,,FALSE,,,,,,,77,pantalon,Spanish,Sounds/spa_pantalon.mp3,2020-05-27_16h41.25.138,TranslationElicitation_eng-sona,3.2.4,Win32,60,11523,1,0,98,72,1,97
,,,,,,,,,,,,,,,,,,,,,,,,,,,,,,,,,,,,,,,,,,,,,,,,,,,,77,pantalon,Spanish,Sounds/spa_pantalon.mp3,2020-05-27_16h41.25.138,TranslationElicitation_eng-sona,3.2.4,Win32,60,11523,1,0,98,72,1,97
,,,,,,,,,,,,,,,,,,,,,,,,,,,,,,,,,,,,,,,,,1.592000008,1.592000008,return,,FALSE,,,,,,,63,mesa,Spanish,Sounds/spa_mesa.mp3,2020-05-27_16h41.25.138,TranslationElicitation_eng-sona,3.2.4,Win32,60,11523,1,0,98,59,1,97
,,,,,,,,,,,,,,,,,,,,,,,,,,,,,,,,,,,,,,,,,,,,,,,,,,,,63,mesa,Spanish,Sounds/spa_mesa.mp3,2020-05-27_16h41.25.138,TranslationElicitation_eng-sona,3.2.4,Win32,60,11523,1,0,98,59,1,97
,,,,,,,,,,,,,,,,,,,,,,,,,,,,,,,,,,,,,,,,,1.213999987,1.213999987,return,,FALSE,,,,,,,48,gusano,Spanish,Sounds/spa_gusano.mp3,2020-05-27_16h41.25.138,TranslationElicitation_eng-sona,3.2.4,Win32,60,11523,1,0,98,44,1,97
,,,,,,,,,,,,,,,,,,,,,,,,,,,,,,,,,,,,,,,,,,,,,,,,,,,,48,gusano,Spanish,Sounds/spa_gusano.mp3,2020-05-27_16h41.25.138,TranslationElicitation_eng-sona,3.2.4,Win32,60,11523,1,0,98,44,1,97
,,,,,,,,,,,,,,,,,,,,,,,,,,,,,,,,,,,,,,,,,1.881999969,1.881999969,return,,FALSE,,,,,,,80,pato,Spanish,Sounds/spa_pato.mp3,2020-05-27_16h41.25.138,TranslationElicitation_eng-sona,3.2.4,Win32,60,11523,1,0,98,75,1,97
,,,,,,,,,,,,,,,,,,,,,,,,,,,,,,,,,,,,,,,,,,,,,,,,,,,,80,pato,Spanish,Sounds/spa_pato.mp3,2020-05-27_16h41.25.138,TranslationElicitation_eng-sona,3.2.4,Win32,60,11523,1,0,98,75,1,97
,,,,,,,,,,,,,,,,,,,,,,,,,,,,,,,,,,,,,,,,,1.275000095,1.275000095,return,,FALSE,,,,,,,47,guitarra,Spanish,Sounds/spa_guitarra.mp3,2020-05-27_16h41.25.138,TranslationElicitation_eng-sona,3.2.4,Win32,60,11523,1,0,98,43,1,97
,,,,,,,,,,,,,,,,,,,,,,,,,,,,,,,,,,,,,,,,,,,,,,,,,,,,47,guitarra,Spanish,Sounds/spa_guitarra.mp3,2020-05-27_16h41.25.138,TranslationElicitation_eng-sona,3.2.4,Win32,60,11523,1,0,98,43,1,97
,,,,,,,,,,,,,,,,,,,,,,,,,,,,,,,,,,,,,,,,,1.815999985,1.815999985,return,,FALSE,,,,,,,59,mano,Spanish,Sounds/spa_mano.mp3,2020-05-27_16h41.25.138,TranslationElicitation_eng-sona,3.2.4,Win32,60,11523,1,0,98,55,1,97
,,,,,,,,,,,,,,,,,,,,,,,,,,,,,,,,,,,,,,,,,,,,,,,,,,,,59,mano,Spanish,Sounds/spa_mano.mp3,2020-05-27_16h41.25.138,TranslationElicitation_eng-sona,3.2.4,Win32,60,11523,1,0,98,55,1,97
,,,,,,,,,,,,,,,,,,,,,,,,,,,,,,,,,,,,,,,,,1.529000044,1.529000044,return,,FALSE,,,,,,,71,ombligo,Spanish,Sounds/spa_ombligo.mp3,2020-05-27_16h41.25.138,TranslationElicitation_eng-sona,3.2.4,Win32,60,11523,1,0,98,66,1,97
,,,,,,,,,,,,,,,,,,,,,,,,,,,,,,,,,,,,,,,,,,,,,,,,,,,,71,ombligo,Spanish,Sounds/spa_ombligo.mp3,2020-05-27_16h41.25.138,TranslationElicitation_eng-sona,3.2.4,Win32,60,11523,1,0,98,66,1,97
,,,,,,,,,,,,,,,,,,,,,,,,,,,,,,,,,,,,,,,,,3.31400013,3.31400013,return,,FALSE,,,,,,,14,burro,Spanish,Sounds/spa_burro.mp3,2020-05-27_16h41.25.138,TranslationElicitation_eng-sona,3.2.4,Win32,60,11523,1,0,98,12,1,97
,,,,,,,,,,,,,,,,,,,,,,,,,,,,,,,,,,,,,,,,,,,,,,,,,,,,14,burro,Spanish,Sounds/spa_burro.mp3,2020-05-27_16h41.25.138,TranslationElicitation_eng-sona,3.2.4,Win32,60,11523,1,0,98,12,1,97
,,,,,,,,,,,,,,,,,,,,,,,,,,,,,,,,,,,,,,,,,2.071999788,2.071999788,return,,FALSE,,,,,,,8,bol,Spanish,Sounds/spa_bol.mp3,2020-05-27_16h41.25.138,TranslationElicitation_eng-sona,3.2.4,Win32,60,11523,1,0,98,6,1,97
,,,,,,,,,,,,,,,,,,,,,,,,,,,,,,,,,,,,,,,,,,,,,,,,,,,,8,bol,Spanish,Sounds/spa_bol.mp3,2020-05-27_16h41.25.138,TranslationElicitation_eng-sona,3.2.4,Win32,60,11523,1,0,98,6,1,97
,,,,,,,,,,,,,,,,,,,,,,,,,,,,,,,,,,,,,,,,,1.494999886,1.494999886,return,,FALSE,,,,,,,24,cereza,Spanish,Sounds/spa_cereza.mp3,2020-05-27_16h41.25.138,TranslationElicitation_eng-sona,3.2.4,Win32,60,11523,1,0,98,22,1,97
,,,,,,,,,,,,,,,,,,,,,,,,,,,,,,,,,,,,,,,,,,,,,,,,,,,,24,cereza,Spanish,Sounds/spa_cereza.mp3,2020-05-27_16h41.25.138,TranslationElicitation_eng-sona,3.2.4,Win32,60,11523,1,0,98,22,1,97
,,,,,,,,,,,,,,,,,,,,,,,,,,,,,,,,,,,,,,,,,2.519999981,2.519999981,return,,FALSE,,,,,,,87,platano,Spanish,Sounds/spa_platano.mp3,2020-05-27_16h41.25.138,TranslationElicitation_eng-sona,3.2.4,Win32,60,11523,1,0,98,82,1,97
,,,,,,,,,,,,,,,,,,,,,,,,,,,,,,,,,,,,,,,,,,,,,,,,,,,,87,platano,Spanish,Sounds/spa_platano.mp3,2020-05-27_16h41.25.138,TranslationElicitation_eng-sona,3.2.4,Win32,60,11523,1,0,98,82,1,97
,,,,,,,,,,,,,,,,,,,,,,,,,,,,,,,,,,,,,,,,,1.308000088,1.308000088,return,,FALSE,,,,,,,91,puerta,Spanish,Sounds/spa_puerta.mp3,2020-05-27_16h41.25.138,TranslationElicitation_eng-sona,3.2.4,Win32,60,11523,1,0,98,86,1,97
,,,,,,,,,,,,,,,,,,,,,,,,,,,,,,,,,,,,,,,,,,,,,,,,,,,,91,puerta,Spanish,Sounds/spa_puerta.mp3,2020-05-27_16h41.25.138,TranslationElicitation_eng-sona,3.2.4,Win32,60,11523,1,0,98,86,1,97
,,,,,,,,,,,,,,,,,,,,,,,,,,,,,,,,,,,,,,,,,1.084000111,1.084000111,return,,FALSE,,,,,,,75,pan,Spanish,Sounds/spa_pan.mp3,2020-05-27_16h41.25.138,TranslationElicitation_eng-sona,3.2.4,Win32,60,11523,1,0,98,70,1,97
,,,,,,,,,,,,,,,,,,,,,,,,,,,,,,,,,,,,,,,,,,,,,,,,,,,,75,pan,Spanish,Sounds/spa_pan.mp3,2020-05-27_16h41.25.138,TranslationElicitation_eng-sona,3.2.4,Win32,60,11523,1,0,98,70,1,97
,,,,,,,,,,,,,,,,,,,,,,,,,,,,,,,,,,,,,,,,,1.308000088,1.308000088,return,,FALSE,,,,,,,51,ladrillo,Spanish,Sounds/spa_ladrillo.mp3,2020-05-27_16h41.25.138,TranslationElicitation_eng-sona,3.2.4,Win32,60,11523,1,0,98,47,1,97
,,,,,,,,,,,,,,,,,,,,,,,,,,,,,,,,,,,,,,,,,,,,,,,,,,,,51,ladrillo,Spanish,Sounds/spa_ladrillo.mp3,2020-05-27_16h41.25.138,TranslationElicitation_eng-sona,3.2.4,Win32,60,11523,1,0,98,47,1,97
,,,,,,,,,,,,,,,,,,,,,,,,,,,,,,,,,,,,,,,,,1.531000137,1.531000137,return,,FALSE,,,,,,,103,zanahoria,Spanish,Sounds/spa_zanahoria.mp3,2020-05-27_16h41.25.138,TranslationElicitation_eng-sona,3.2.4,Win32,60,11523,1,0,98,97,1,97
,,,,,,,,,,,,,,,,,,,,,,,,,,,,,,,,,,,,,,,,,,,,,,,,,,,,103,zanahoria,Spanish,Sounds/spa_zanahoria.mp3,2020-05-27_16h41.25.138,TranslationElicitation_eng-sona,3.2.4,Win32,60,11523,1,0,98,97,1,97
,,,,,,,,,,,,,,,,,,,,,,,,,,,,,,,,,,,,,,,,,3.34800005,3.34800005,return,,FALSE,,,,,,,65,mono,Spanish,Sounds/spa_mono.mp3,2020-05-27_16h41.25.138,TranslationElicitation_eng-sona,3.2.4,Win32,60,11523,1,0,98,61,1,97
,,,,,,,,,,,,,,,,,,,,,,,,,,,,,,,,,,,,,,,,,,,,,,,,,,,,65,mono,Spanish,Sounds/spa_mono.mp3,2020-05-27_16h41.25.138,TranslationElicitation_eng-sona,3.2.4,Win32,60,11523,1,0,98,61,1,97
,,,,,,,,,,,,,,,,,,,,,,,,,,,,,,,,,,,,,,,,,2.42200017,2.42200017,return,,FALSE,,,,,,,40,galleta,Spanish,Sounds/spa_galleta.mp3,2020-05-27_16h41.25.138,TranslationElicitation_eng-sona,3.2.4,Win32,60,11523,1,0,98,36,1,97
,,,,,,,,,,,,,,,,,,,,,,,,,,,,,,,,,,,,,,,,,,,,,,,,,,,,40,galleta,Spanish,Sounds/spa_galleta.mp3,2020-05-27_16h41.25.138,TranslationElicitation_eng-sona,3.2.4,Win32,60,11523,1,0,98,36,1,97
,,,,,,,,,,,,,,,,,,,,,,,,,,,,,,,,,,,,,,,,,1.786000013,1.786000013,return,,FALSE,,,,,,,53,leche,Spanish,Sounds/spa_leche.mp3,2020-05-27_16h41.25.138,TranslationElicitation_eng-sona,3.2.4,Win32,60,11523,1,0,98,49,1,97
,,,,,,,,,,,,,,,,,,,,,,,,,,,,,,,,,,,,,,,,,,,,,,,,,,,,53,leche,Spanish,Sounds/spa_leche.mp3,2020-05-27_16h41.25.138,TranslationElicitation_eng-sona,3.2.4,Win32,60,11523,1,0,98,49,1,97
,,,,,,,,,,,,,,,,,,,,,,,,,,,,,,,,,,,,,,,,,1.244000196,1.244000196,return,,FALSE,,,,,,,19,camiseta,Spanish,Sounds/spa_camiseta.mp3,2020-05-27_16h41.25.138,TranslationElicitation_eng-sona,3.2.4,Win32,60,11523,1,0,98,17,1,97
,,,,,,,,,,,,,,,,,,,,,,,,,,,,,,,,,,,,,,,,,,,,,,,,,,,,19,camiseta,Spanish,Sounds/spa_camiseta.mp3,2020-05-27_16h41.25.138,TranslationElicitation_eng-sona,3.2.4,Win32,60,11523,1,0,98,17,1,97
,,,,,,,,,,,,,,,,,,,,,,,,,,,,,,,,,,,,,,,,,1.917000055,1.917000055,return,,FALSE,,,,,,,42,gato,Spanish,Sounds/spa_gato.mp3,2020-05-27_16h41.25.138,TranslationElicitation_eng-sona,3.2.4,Win32,60,11523,1,0,98,38,1,97
,,,,,,,,,,,,,,,,,,,,,,,,,,,,,,,,,,,,,,,,,,,,,,,,,,,,42,gato,Spanish,Sounds/spa_gato.mp3,2020-05-27_16h41.25.138,TranslationElicitation_eng-sona,3.2.4,Win32,60,11523,1,0,98,38,1,97
,,,,,,,,,,,,,,,,,,,,,,,,,,,,,,,,,,,,,,,,,1.630000114,1.630000114,return,,FALSE,,,,,,,29,coche,Spanish,Sounds/spa_coche.mp3,2020-05-27_16h41.25.138,TranslationElicitation_eng-sona,3.2.4,Win32,60,11523,1,0,98,26,1,97
,,,,,,,,,,,,,,,,,,,,,,,,,,,,,,,,,,,,,,,,,,,,,,,,,,,,29,coche,Spanish,Sounds/spa_coche.mp3,2020-05-27_16h41.25.138,TranslationElicitation_eng-sona,3.2.4,Win32,60,11523,1,0,98,26,1,97
,,,,,,,,,,,,,,,,,,,,,,,,,,,,,,,,,,,,,,,,,1.657999992,1.657999992,return,,FALSE,,,,,,,49,hormiga,Spanish,Sounds/spa_hormiga.mp3,2020-05-27_16h41.25.138,TranslationElicitation_eng-sona,3.2.4,Win32,60,11523,1,0,98,45,1,97
,,,,,,,,,,,,,,,,,,,,,,,,,,,,,,,,,,,,,,,,,,,,,,,,,,,,49,hormiga,Spanish,Sounds/spa_hormiga.mp3,2020-05-27_16h41.25.138,TranslationElicitation_eng-sona,3.2.4,Win32,60,11523,1,0,98,45,1,97
,,,,,,,,,,,,,,,,,,,,,,,,,,,,,,,,,,,,,,,,,1.884000063,1.884000063,return,,FALSE,,,,,,,52,lapiz,Spanish,Sounds/spa_lapiz.mp3,2020-05-27_16h41.25.138,TranslationElicitation_eng-sona,3.2.4,Win32,60,11523,1,0,98,48,1,97
,,,,,,,,,,,,,,,,,,,,,,,,,,,,,,,,,,,,,,,,,,,,,,,,,,,,52,lapiz,Spanish,Sounds/spa_lapiz.mp3,2020-05-27_16h41.25.138,TranslationElicitation_eng-sona,3.2.4,Win32,60,11523,1,0,98,48,1,97
