consentKey.keys,consentKey.rt,languageL1Key.keys,languageL1Key.rt,languageL2,languageL2OralKey.keys,languageL2OralKey.rt,languageL2WrittenKey.keys,languageL2WrittenKey.rt,languageL3OralKey.keys,languageL3OralKey.rt,languageL3WrittenKey.keys,languageL3WrittenKey.rt,languageCatalanOralKey.keys,languageCatalanOralKey.rt,languageCatalanWrittenKey.keys,languageCatalanWrittenKey.rt,languageCatalanTimeKey.keys,languageCatalanTimeKey.rt,languageSpanishOralKey.keys,languageSpanishOralKey.rt,languageSpanishWrittenKey.keys,languageSpanishWrittenKey.rt,languageSpanishTimeKey.keys,languageSpanishTimeKey.rt,age,demoSexKey.keys,demoSexKey.rt,demoEducationKey.keys,demoEducationKey.rt,city,demoVisionKey.keys,demoVisionKey.rt,demoLanguageKey.keys,demoLanguageKey.rt,setupLocationKey.keys,setupLocationKey.rt,setupNoiseKey.keys,setupNoiseKey.rt,instructionsKeys.keys,instructionsKeys.rt,trialOffset,keyPressTime,keyPressed,inputText,error,trialsPracticeCatalan.thisRepN,trialsPracticeCatalan.thisTrialN,trialsPracticeCatalan.thisN,trialsPracticeCatalan.thisIndex,trialsPracticeCatalan.ran,trialsPracticeCatalan.order,trial_id,word,test_language,soundfile,participant,session,date,expName,psychopyVersion,OS,frameRate,trialsCatalan.thisRepN,trialsCatalan.thisTrialN,trialsCatalan.thisN,trialsCatalan.thisIndex,trialsCatalan.ran,trialsCatalan.order
space,0.547999859,e,1.680000067,,,,,,,,,,2,2.260999918,2,0.590000153,2,0.311000109,2,0.813000202,2,0.60800004,2,0.443000078,2,f,1.838999987,1,1.103000164,OX,y,1.625,n,1.032000065,1,1.142999887,1,0.203000069,space,1.198000193,1.620999813,1.620999813,return,,FALSE,1,0,5,2,1,4,147,jaqueta,Catalan,Sounds/cat_jaqueta.mp3,11523,001,2020-05-26_18h58.17.034,TranslationElicitation_eng-sona,3.2.4,Win32,60,,,,,,
,,,,,,,,,,,,,,,,,,,,,,,,,,,,,,,,,,,,,,,,,,,,,,1,0,5,2,1,4,147,jaqueta,Catalan,Sounds/cat_jaqueta.mp3,11523,001,2020-05-26_18h58.17.034,TranslationElicitation_eng-sona,3.2.4,Win32,60,,,,,,
,,,,,,,,,,,,,,,,,,,,,,,,,,,,,,,,,,,,,,,,,1.525000095,1.525000095,return,,FALSE,1,0,5,4,1,4,179,tigre,Catalan,Sounds/cat_tigre.mp3,11523,001,2020-05-26_18h58.17.034,TranslationElicitation_eng-sona,3.2.4,Win32,60,,,,,,
,,,,,,,,,,,,,,,,,,,,,,,,,,,,,,,,,,,,,,,,,,,,,,1,0,5,4,1,4,179,tigre,Catalan,Sounds/cat_tigre.mp3,11523,001,2020-05-26_18h58.17.034,TranslationElicitation_eng-sona,3.2.4,Win32,60,,,,,,
,,,,,,,,,,,,,,,,,,,,,,,,,,,,,,,,,,,,,,,,,1.305999994,1.305999994,return,,FALSE,1,0,5,1,1,4,126,corona,Catalan,Sounds/cat_corona.mp3,11523,001,2020-05-26_18h58.17.034,TranslationElicitation_eng-sona,3.2.4,Win32,60,,,,,,
,,,,,,,,,,,,,,,,,,,,,,,,,,,,,,,,,,,,,,,,,,,,,,1,0,5,1,1,4,126,corona,Catalan,Sounds/cat_corona.mp3,11523,001,2020-05-26_18h58.17.034,TranslationElicitation_eng-sona,3.2.4,Win32,60,,,,,,
,,,,,,,,,,,,,,,,,,,,,,,,,,,,,,,,,,,,,,,,,1.018999815,1.018999815,return,,FALSE,1,0,5,3,1,4,159,onada,Catalan,Sounds/cat_onada.mp3,11523,001,2020-05-26_18h58.17.034,TranslationElicitation_eng-sona,3.2.4,Win32,60,,,,,,
,,,,,,,,,,,,,,,,,,,,,,,,,,,,,,,,,,,,,,,,,,,,,,1,0,5,3,1,4,159,onada,Catalan,Sounds/cat_onada.mp3,11523,001,2020-05-26_18h58.17.034,TranslationElicitation_eng-sona,3.2.4,Win32,60,,,,,,
,,,,,,,,,,,,,,,,,,,,,,,,,,,,,,,,,,,,,,,,,1.68900013,1.68900013,return,,FALSE,1,0,5,0,1,4,109,arbre,Catalan,Sounds/cat_arbre.mp3,11523,001,2020-05-26_18h58.17.034,TranslationElicitation_eng-sona,3.2.4,Win32,60,,,,,,
,,,,,,,,,,,,,,,,,,,,,,,,,,,,,,,,,,,,,,,,,,,,,,1,0,5,0,1,4,109,arbre,Catalan,Sounds/cat_arbre.mp3,11523,001,2020-05-26_18h58.17.034,TranslationElicitation_eng-sona,3.2.4,Win32,60,,,,,,
,,,,,,,,,,,,,,,,,,,,,,,,,,,,,,,,,,,,,,,,,1.369000196,1.369000196,return,,FALSE,,,,,,,181,tobogan,Catalan,Sounds/cat_tobogan.mp3,11523,001,2020-05-26_18h58.17.034,TranslationElicitation_eng-sona,3.2.4,Win32,60,1,0,81,72,1,80
,,,,,,,,,,,,,,,,,,,,,,,,,,,,,,,,,,,,,,,,,,,,,,,,,,,,181,tobogan,Catalan,Sounds/cat_tobogan.mp3,11523,001,2020-05-26_18h58.17.034,TranslationElicitation_eng-sona,3.2.4,Win32,60,1,0,81,72,1,80
,,,,,,,,,,,,,,,,,,,,,,,,,,,,,,,,,,,,,,,,,1.371999979,1.371999979,return,,FALSE,,,,,,,156,moto,Catalan,Sounds/cat_moto.mp3,11523,001,2020-05-26_18h58.17.034,TranslationElicitation_eng-sona,3.2.4,Win32,60,1,0,81,49,1,80
,,,,,,,,,,,,,,,,,,,,,,,,,,,,,,,,,,,,,,,,,,,,,,,,,,,,156,moto,Catalan,Sounds/cat_moto.mp3,11523,001,2020-05-26_18h58.17.034,TranslationElicitation_eng-sona,3.2.4,Win32,60,1,0,81,49,1,80
,,,,,,,,,,,,,,,,,,,,,,,,,,,,,,,,,,,,,,,,,1.596999884,1.596999884,return,,FALSE,,,,,,,175,raspall,Catalan,Sounds/cat_raspall.mp3,11523,001,2020-05-26_18h58.17.034,TranslationElicitation_eng-sona,3.2.4,Win32,60,1,0,81,67,1,80
,,,,,,,,,,,,,,,,,,,,,,,,,,,,,,,,,,,,,,,,,,,,,,,,,,,,175,raspall,Catalan,Sounds/cat_raspall.mp3,11523,001,2020-05-26_18h58.17.034,TranslationElicitation_eng-sona,3.2.4,Win32,60,1,0,81,67,1,80
,,,,,,,,,,,,,,,,,,,,,,,,,,,,,,,,,,,,,,,,,3.314999819,3.314999819,return,,FALSE,,,,,,,189,zebra,Catalan,Sounds/cat_zebra.mp3,11523,001,2020-05-26_18h58.17.034,TranslationElicitation_eng-sona,3.2.4,Win32,60,1,0,81,80,1,80
,,,,,,,,,,,,,,,,,,,,,,,,,,,,,,,,,,,,,,,,,,,,,,,,,,,,189,zebra,Catalan,Sounds/cat_zebra.mp3,11523,001,2020-05-26_18h58.17.034,TranslationElicitation_eng-sona,3.2.4,Win32,60,1,0,81,80,1,80
,,,,,,,,,,,,,,,,,,,,,,,,,,,,,,,,,,,,,,,,,2.391000032,2.391000032,return,,FALSE,,,,,,,149,llibre,Catalan,Sounds/cat_llibre.mp3,11523,001,2020-05-26_18h58.17.034,TranslationElicitation_eng-sona,3.2.4,Win32,60,1,0,81,42,1,80
,,,,,,,,,,,,,,,,,,,,,,,,,,,,,,,,,,,,,,,,,,,,,,,,,,,,149,llibre,Catalan,Sounds/cat_llibre.mp3,11523,001,2020-05-26_18h58.17.034,TranslationElicitation_eng-sona,3.2.4,Win32,60,1,0,81,42,1,80
,,,,,,,,,,,,,,,,,,,,,,,,,,,,,,,,,,,,,,,,,4.329999924,4.329999924,return,,FALSE,,,,,,,112,bici,Catalan,Sounds/cat_bici.mp3,11523,001,2020-05-26_18h58.17.034,TranslationElicitation_eng-sona,3.2.4,Win32,60,1,0,81,7,1,80
,,,,,,,,,,,,,,,,,,,,,,,,,,,,,,,,,,,,,,,,,,,,,,,,,,,,112,bici,Catalan,Sounds/cat_bici.mp3,11523,001,2020-05-26_18h58.17.034,TranslationElicitation_eng-sona,3.2.4,Win32,60,1,0,81,7,1,80
,,,,,,,,,,,,,,,,,,,,,,,,,,,,,,,,,,,,,,,,,1.621999979,1.621999979,return,,FALSE,,,,,,,162,pa,Catalan,Sounds/cat_pa.mp3,11523,001,2020-05-26_18h58.17.034,TranslationElicitation_eng-sona,3.2.4,Win32,60,1,0,81,54,1,80
,,,,,,,,,,,,,,,,,,,,,,,,,,,,,,,,,,,,,,,,,,,,,,,,,,,,162,pa,Catalan,Sounds/cat_pa.mp3,11523,001,2020-05-26_18h58.17.034,TranslationElicitation_eng-sona,3.2.4,Win32,60,1,0,81,54,1,80
,,,,,,,,,,,,,,,,,,,,,,,,,,,,,,,,,,,,,,,,,5.731999874,5.731999874,return,,FALSE,,,,,,,121,camisa,Catalan,Sounds/cat_camisa.mp3,11523,001,2020-05-26_18h58.17.034,TranslationElicitation_eng-sona,3.2.4,Win32,60,1,0,81,16,1,80
,,,,,,,,,,,,,,,,,,,,,,,,,,,,,,,,,,,,,,,,,,,,,,,,,,,,121,camisa,Catalan,Sounds/cat_camisa.mp3,11523,001,2020-05-26_18h58.17.034,TranslationElicitation_eng-sona,3.2.4,Win32,60,1,0,81,16,1,80
,,,,,,,,,,,,,,,,,,,,,,,,,,,,,,,,,,,,,,,,,1.816999912,1.816999912,return,,FALSE,,,,,,,128,cuc,Catalan,Sounds/cat_cuc.mp3,11523,001,2020-05-26_18h58.17.034,TranslationElicitation_eng-sona,3.2.4,Win32,60,1,0,81,22,1,80
,,,,,,,,,,,,,,,,,,,,,,,,,,,,,,,,,,,,,,,,,,,,,,,,,,,,128,cuc,Catalan,Sounds/cat_cuc.mp3,11523,001,2020-05-26_18h58.17.034,TranslationElicitation_eng-sona,3.2.4,Win32,60,1,0,81,22,1,80
,,,,,,,,,,,,,,,,,,,,,,,,,,,,,,,,,,,,,,,,,1.881999969,1.881999969,return,,FALSE,,,,,,,136,forquilla,Catalan,Sounds/cat_forquilla.mp3,11523,001,2020-05-26_18h58.17.034,TranslationElicitation_eng-sona,3.2.4,Win32,60,1,0,81,30,1,80
,,,,,,,,,,,,,,,,,,,,,,,,,,,,,,,,,,,,,,,,,,,,,,,,,,,,136,forquilla,Catalan,Sounds/cat_forquilla.mp3,11523,001,2020-05-26_18h58.17.034,TranslationElicitation_eng-sona,3.2.4,Win32,60,1,0,81,30,1,80
,,,,,,,,,,,,,,,,,,,,,,,,,,,,,,,,,,,,,,,,,3.736000061,3.736000061,return,,FALSE,,,,,,,161,ovella,Catalan,Sounds/cat_ovella.mp3,11523,001,2020-05-26_18h58.17.034,TranslationElicitation_eng-sona,3.2.4,Win32,60,1,0,81,53,1,80
,,,,,,,,,,,,,,,,,,,,,,,,,,,,,,,,,,,,,,,,,,,,,,,,,,,,161,ovella,Catalan,Sounds/cat_ovella.mp3,11523,001,2020-05-26_18h58.17.034,TranslationElicitation_eng-sona,3.2.4,Win32,60,1,0,81,53,1,80
,,,,,,,,,,,,,,,,,,,,,,,,,,,,,,,,,,,,,,,,,1.627000093,1.627000093,return,,FALSE,,,,,,,173,porc,Catalan,Sounds/cat_porc.mp3,11523,001,2020-05-26_18h58.17.034,TranslationElicitation_eng-sona,3.2.4,Win32,60,1,0,81,65,1,80
,,,,,,,,,,,,,,,,,,,,,,,,,,,,,,,,,,,,,,,,,,,,,,,,,,,,173,porc,Catalan,Sounds/cat_porc.mp3,11523,001,2020-05-26_18h58.17.034,TranslationElicitation_eng-sona,3.2.4,Win32,60,1,0,81,65,1,80
,,,,,,,,,,,,,,,,,,,,,,,,,,,,,,,,,,,,,,,,,1.625,1.625,return,,FALSE,,,,,,,152,ma,Catalan,Sounds/cat_ma.mp3,11523,001,2020-05-26_18h58.17.034,TranslationElicitation_eng-sona,3.2.4,Win32,60,1,0,81,45,1,80
,,,,,,,,,,,,,,,,,,,,,,,,,,,,,,,,,,,,,,,,,,,,,,,,,,,,152,ma,Catalan,Sounds/cat_ma.mp3,11523,001,2020-05-26_18h58.17.034,TranslationElicitation_eng-sona,3.2.4,Win32,60,1,0,81,45,1,80
,,,,,,,,,,,,,,,,,,,,,,,,,,,,,,,,,,,,,,,,,1.146000147,1.146000147,return,,FALSE,,,,,,,130,entrepa,Catalan,Sounds/cat_entrepa.mp3,11523,001,2020-05-26_18h58.17.034,TranslationElicitation_eng-sona,3.2.4,Win32,60,1,0,81,24,1,80
,,,,,,,,,,,,,,,,,,,,,,,,,,,,,,,,,,,,,,,,,,,,,,,,,,,,130,entrepa,Catalan,Sounds/cat_entrepa.mp3,11523,001,2020-05-26_18h58.17.034,TranslationElicitation_eng-sona,3.2.4,Win32,60,1,0,81,24,1,80
,,,,,,,,,,,,,,,,,,,,,,,,,,,,,,,,,,,,,,,,,1.654000044,1.654000044,return,,FALSE,,,,,,,169,plat,Catalan,Sounds/cat_plat.mp3,11523,001,2020-05-26_18h58.17.034,TranslationElicitation_eng-sona,3.2.4,Win32,60,1,0,81,61,1,80
,,,,,,,,,,,,,,,,,,,,,,,,,,,,,,,,,,,,,,,,,,,,,,,,,,,,169,plat,Catalan,Sounds/cat_plat.mp3,11523,001,2020-05-26_18h58.17.034,TranslationElicitation_eng-sona,3.2.4,Win32,60,1,0,81,61,1,80
,,,,,,,,,,,,,,,,,,,,,,,,,,,,,,,,,,,,,,,,,1.627000093,1.627000093,return,,FALSE,,,,,,,168,planta,Catalan,Sounds/cat_planta.mp3,11523,001,2020-05-26_18h58.17.034,TranslationElicitation_eng-sona,3.2.4,Win32,60,1,0,81,60,1,80
,,,,,,,,,,,,,,,,,,,,,,,,,,,,,,,,,,,,,,,,,,,,,,,,,,,,168,planta,Catalan,Sounds/cat_planta.mp3,11523,001,2020-05-26_18h58.17.034,TranslationElicitation_eng-sona,3.2.4,Win32,60,1,0,81,60,1,80
,,,,,,,,,,,,,,,,,,,,,,,,,,,,,,,,,,,,,,,,,1.498000145,1.498000145,return,,FALSE,,,,,,,106,aixeta,Catalan,Sounds/cat_aixeta.mp3,11523,001,2020-05-26_18h58.17.034,TranslationElicitation_eng-sona,3.2.4,Win32,60,1,0,81,2,1,80
,,,,,,,,,,,,,,,,,,,,,,,,,,,,,,,,,,,,,,,,,,,,,,,,,,,,106,aixeta,Catalan,Sounds/cat_aixeta.mp3,11523,001,2020-05-26_18h58.17.034,TranslationElicitation_eng-sona,3.2.4,Win32,60,1,0,81,2,1,80
,,,,,,,,,,,,,,,,,,,,,,,,,,,,,,,,,,,,,,,,,1.690000057,1.690000057,return,,FALSE,,,,,,,170,ploma,Catalan,Sounds/cat_ploma.mp3,11523,001,2020-05-26_18h58.17.034,TranslationElicitation_eng-sona,3.2.4,Win32,60,1,0,81,62,1,80
,,,,,,,,,,,,,,,,,,,,,,,,,,,,,,,,,,,,,,,,,,,,,,,,,,,,170,ploma,Catalan,Sounds/cat_ploma.mp3,11523,001,2020-05-26_18h58.17.034,TranslationElicitation_eng-sona,3.2.4,Win32,60,1,0,81,62,1,80
,,,,,,,,,,,,,,,,,,,,,,,,,,,,,,,,,,,,,,,,,1.406999826,1.406999826,return,,FALSE,,,,,,,120,cama,Catalan,Sounds/cat_cama.mp3,11523,001,2020-05-26_18h58.17.034,TranslationElicitation_eng-sona,3.2.4,Win32,60,1,0,81,15,1,80
,,,,,,,,,,,,,,,,,,,,,,,,,,,,,,,,,,,,,,,,,,,,,,,,,,,,120,cama,Catalan,Sounds/cat_cama.mp3,11523,001,2020-05-26_18h58.17.034,TranslationElicitation_eng-sona,3.2.4,Win32,60,1,0,81,15,1,80
,,,,,,,,,,,,,,,,,,,,,,,,,,,,,,,,,,,,,,,,,1.490999937,1.490999937,return,,FALSE,,,,,,,134,flor,Catalan,Sounds/cat_flor.mp3,11523,001,2020-05-26_18h58.17.034,TranslationElicitation_eng-sona,3.2.4,Win32,60,1,0,81,28,1,80
,,,,,,,,,,,,,,,,,,,,,,,,,,,,,,,,,,,,,,,,,,,,,,,,,,,,134,flor,Catalan,Sounds/cat_flor.mp3,11523,001,2020-05-26_18h58.17.034,TranslationElicitation_eng-sona,3.2.4,Win32,60,1,0,81,28,1,80
,,,,,,,,,,,,,,,,,,,,,,,,,,,,,,,,,,,,,,,,,1.368000031,1.368000031,return,,FALSE,,,,,,,180,tisores,Catalan,Sounds/cat_tisores.mp3,11523,001,2020-05-26_18h58.17.034,TranslationElicitation_eng-sona,3.2.4,Win32,60,1,0,81,71,1,80
,,,,,,,,,,,,,,,,,,,,,,,,,,,,,,,,,,,,,,,,,,,,,,,,,,,,180,tisores,Catalan,Sounds/cat_tisores.mp3,11523,001,2020-05-26_18h58.17.034,TranslationElicitation_eng-sona,3.2.4,Win32,60,1,0,81,71,1,80
,,,,,,,,,,,,,,,,,,,,,,,,,,,,,,,,,,,,,,,,,1.562999964,1.562999964,return,,FALSE,,,,,,,146,guitarra,Catalan,Sounds/cat_guitarra.mp3,11523,001,2020-05-26_18h58.17.034,TranslationElicitation_eng-sona,3.2.4,Win32,60,1,0,81,40,1,80
,,,,,,,,,,,,,,,,,,,,,,,,,,,,,,,,,,,,,,,,,,,,,,,,,,,,146,guitarra,Catalan,Sounds/cat_guitarra.mp3,11523,001,2020-05-26_18h58.17.034,TranslationElicitation_eng-sona,3.2.4,Win32,60,1,0,81,40,1,80
,,,,,,,,,,,,,,,,,,,,,,,,,,,,,,,,,,,,,,,,,1.943000078,1.943000078,return,,FALSE,,,,,,,143,globus,Catalan,Sounds/cat_globus.mp3,11523,001,2020-05-26_18h58.17.034,TranslationElicitation_eng-sona,3.2.4,Win32,60,1,0,81,37,1,80
,,,,,,,,,,,,,,,,,,,,,,,,,,,,,,,,,,,,,,,,,,,,,,,,,,,,143,globus,Catalan,Sounds/cat_globus.mp3,11523,001,2020-05-26_18h58.17.034,TranslationElicitation_eng-sona,3.2.4,Win32,60,1,0,81,37,1,80
,,,,,,,,,,,,,,,,,,,,,,,,,,,,,,,,,,,,,,,,,1.691999912,1.691999912,return,,FALSE,,,,,,,110,berenar,Catalan,Sounds/cat_berenar.mp3,11523,001,2020-05-26_18h58.17.034,TranslationElicitation_eng-sona,3.2.4,Win32,60,1,0,81,5,1,80
,,,,,,,,,,,,,,,,,,,,,,,,,,,,,,,,,,,,,,,,,,,,,,,,,,,,110,berenar,Catalan,Sounds/cat_berenar.mp3,11523,001,2020-05-26_18h58.17.034,TranslationElicitation_eng-sona,3.2.4,Win32,60,1,0,81,5,1,80
,,,,,,,,,,,,,,,,,,,,,,,,,,,,,,,,,,,,,,,,,1.565000057,1.565000057,return,,FALSE,,,,,,,124,cirera,Catalan,Sounds/cat_cirera.mp3,11523,001,2020-05-26_18h58.17.034,TranslationElicitation_eng-sona,3.2.4,Win32,60,1,0,81,19,1,80
,,,,,,,,,,,,,,,,,,,,,,,,,,,,,,,,,,,,,,,,,,,,,,,,,,,,124,cirera,Catalan,Sounds/cat_cirera.mp3,11523,001,2020-05-26_18h58.17.034,TranslationElicitation_eng-sona,3.2.4,Win32,60,1,0,81,19,1,80
,,,,,,,,,,,,,,,,,,,,,,,,,,,,,,,,,,,,,,,,,1.75,1.75,return,,FALSE,,,,,,,166,peu,Catalan,Sounds/cat_peu.mp3,11523,001,2020-05-26_18h58.17.034,TranslationElicitation_eng-sona,3.2.4,Win32,60,1,0,81,58,1,80
,,,,,,,,,,,,,,,,,,,,,,,,,,,,,,,,,,,,,,,,,,,,,,,,,,,,166,peu,Catalan,Sounds/cat_peu.mp3,11523,001,2020-05-26_18h58.17.034,TranslationElicitation_eng-sona,3.2.4,Win32,60,1,0,81,58,1,80
,,,,,,,,,,,,,,,,,,,,,,,,,,,,,,,,,,,,,,,,,1.816999912,1.816999912,return,,FALSE,,,,,,,144,gorra,Catalan,Sounds/cat_gorra.mp3,11523,001,2020-05-26_18h58.17.034,TranslationElicitation_eng-sona,3.2.4,Win32,60,1,0,81,38,1,80
,,,,,,,,,,,,,,,,,,,,,,,,,,,,,,,,,,,,,,,,,,,,,,,,,,,,144,gorra,Catalan,Sounds/cat_gorra.mp3,11523,001,2020-05-26_18h58.17.034,TranslationElicitation_eng-sona,3.2.4,Win32,60,1,0,81,38,1,80
,,,,,,,,,,,,,,,,,,,,,,,,,,,,,,,,,,,,,,,,,4.241999865,4.241999865,return,,FALSE,,,,,,,174,porta,Catalan,Sounds/cat_porta.mp3,11523,001,2020-05-26_18h58.17.034,TranslationElicitation_eng-sona,3.2.4,Win32,60,1,0,81,66,1,80
,,,,,,,,,,,,,,,,,,,,,,,,,,,,,,,,,,,,,,,,,,,,,,,,,,,,174,porta,Catalan,Sounds/cat_porta.mp3,11523,001,2020-05-26_18h58.17.034,TranslationElicitation_eng-sona,3.2.4,Win32,60,1,0,81,66,1,80
,,,,,,,,,,,,,,,,,,,,,,,,,,,,,,,,,,,,,,,,,1.559999943,1.559999943,return,,FALSE,,,,,,,122,casa,Catalan,Sounds/cat_casa.mp3,11523,001,2020-05-26_18h58.17.034,TranslationElicitation_eng-sona,3.2.4,Win32,60,1,0,81,17,1,80
,,,,,,,,,,,,,,,,,,,,,,,,,,,,,,,,,,,,,,,,,,,,,,,,,,,,122,casa,Catalan,Sounds/cat_casa.mp3,11523,001,2020-05-26_18h58.17.034,TranslationElicitation_eng-sona,3.2.4,Win32,60,1,0,81,17,1,80
,,,,,,,,,,,,,,,,,,,,,,,,,,,,,,,,,,,,,,,,,4.082999945,4.082999945,return,,FALSE,,,,,,,172,poma,Catalan,Sounds/cat_poma.mp3,11523,001,2020-05-26_18h58.17.034,TranslationElicitation_eng-sona,3.2.4,Win32,60,1,0,81,64,1,80
,,,,,,,,,,,,,,,,,,,,,,,,,,,,,,,,,,,,,,,,,,,,,,,,,,,,172,poma,Catalan,Sounds/cat_poma.mp3,11523,001,2020-05-26_18h58.17.034,TranslationElicitation_eng-sona,3.2.4,Win32,60,1,0,81,64,1,80
,,,,,,,,,,,,,,,,,,,,,,,,,,,,,,,,,,,,,,,,,3.789999962,3.789999962,return,,FALSE,,,,,,,164,patata,Catalan,Sounds/cat_patata.mp3,11523,001,2020-05-26_18h58.17.034,TranslationElicitation_eng-sona,3.2.4,Win32,60,1,0,81,56,1,80
,,,,,,,,,,,,,,,,,,,,,,,,,,,,,,,,,,,,,,,,,,,,,,,,,,,,164,patata,Catalan,Sounds/cat_patata.mp3,11523,001,2020-05-26_18h58.17.034,TranslationElicitation_eng-sona,3.2.4,Win32,60,1,0,81,56,1,80
,,,,,,,,,,,,,,,,,,,,,,,,,,,,,,,,,,,,,,,,,1.686000109,1.686000109,return,,FALSE,,,,,,,111,bibero,Catalan,Sounds/cat_bibero.mp3,11523,001,2020-05-26_18h58.17.034,TranslationElicitation_eng-sona,3.2.4,Win32,60,1,0,81,6,1,80
,,,,,,,,,,,,,,,,,,,,,,,,,,,,,,,,,,,,,,,,,,,,,,,,,,,,111,bibero,Catalan,Sounds/cat_bibero.mp3,11523,001,2020-05-26_18h58.17.034,TranslationElicitation_eng-sona,3.2.4,Win32,60,1,0,81,6,1,80
,,,,,,,,,,,,,,,,,,,,,,,,,,,,,,,,,,,,,,,,,2.134000063,2.134000063,return,,FALSE,,,,,,,163,papallona,Catalan,Sounds/cat_papallona.mp3,11523,001,2020-05-26_18h58.17.034,TranslationElicitation_eng-sona,3.2.4,Win32,60,1,0,81,55,1,80
,,,,,,,,,,,,,,,,,,,,,,,,,,,,,,,,,,,,,,,,,,,,,,,,,,,,163,papallona,Catalan,Sounds/cat_papallona.mp3,11523,001,2020-05-26_18h58.17.034,TranslationElicitation_eng-sona,3.2.4,Win32,60,1,0,81,55,1,80
,,,,,,,,,,,,,,,,,,,,,,,,,,,,,,,,,,,,,,,,,1.784000158,1.784000158,return,,FALSE,,,,,,,113,boca,Catalan,Sounds/cat_boca.mp3,11523,001,2020-05-26_18h58.17.034,TranslationElicitation_eng-sona,3.2.4,Win32,60,1,0,81,8,1,80
,,,,,,,,,,,,,,,,,,,,,,,,,,,,,,,,,,,,,,,,,,,,,,,,,,,,113,boca,Catalan,Sounds/cat_boca.mp3,11523,001,2020-05-26_18h58.17.034,TranslationElicitation_eng-sona,3.2.4,Win32,60,1,0,81,8,1,80
,,,,,,,,,,,,,,,,,,,,,,,,,,,,,,,,,,,,,,,,,1.593000174,1.593000174,return,,FALSE,,,,,,,142,girafa,Catalan,Sounds/cat_girafa.mp3,11523,001,2020-05-26_18h58.17.034,TranslationElicitation_eng-sona,3.2.4,Win32,60,1,0,81,36,1,80
,,,,,,,,,,,,,,,,,,,,,,,,,,,,,,,,,,,,,,,,,,,,,,,,,,,,142,girafa,Catalan,Sounds/cat_girafa.mp3,11523,001,2020-05-26_18h58.17.034,TranslationElicitation_eng-sona,3.2.4,Win32,60,1,0,81,36,1,80
,,,,,,,,,,,,,,,,,,,,,,,,,,,,,,,,,,,,,,,,,1.907999992,1.907999992,return,,FALSE,,,,,,,135,formiga,Catalan,Sounds/cat_formiga.mp3,11523,001,2020-05-26_18h58.17.034,TranslationElicitation_eng-sona,3.2.4,Win32,60,1,0,81,29,1,80
,,,,,,,,,,,,,,,,,,,,,,,,,,,,,,,,,,,,,,,,,,,,,,,,,,,,135,formiga,Catalan,Sounds/cat_formiga.mp3,11523,001,2020-05-26_18h58.17.034,TranslationElicitation_eng-sona,3.2.4,Win32,60,1,0,81,29,1,80
,,,,,,,,,,,,,,,,,,,,,,,,,,,,,,,,,,,,,,,,,1.946000099,1.946000099,return,,FALSE,,,,,,,187,vaixell,Catalan,Sounds/cat_vaixell.mp3,11523,001,2020-05-26_18h58.17.034,TranslationElicitation_eng-sona,3.2.4,Win32,60,1,0,81,78,1,80
,,,,,,,,,,,,,,,,,,,,,,,,,,,,,,,,,,,,,,,,,,,,,,,,,,,,187,vaixell,Catalan,Sounds/cat_vaixell.mp3,11523,001,2020-05-26_18h58.17.034,TranslationElicitation_eng-sona,3.2.4,Win32,60,1,0,81,78,1,80
,,,,,,,,,,,,,,,,,,,,,,,,,,,,,,,,,,,,,,,,,1.557999849,1.557999849,return,,FALSE,,,,,,,107,amanida,Catalan,Sounds/cat_amanida.mp3,11523,001,2020-05-26_18h58.17.034,TranslationElicitation_eng-sona,3.2.4,Win32,60,1,0,81,3,1,80
,,,,,,,,,,,,,,,,,,,,,,,,,,,,,,,,,,,,,,,,,,,,,,,,,,,,107,amanida,Catalan,Sounds/cat_amanida.mp3,11523,001,2020-05-26_18h58.17.034,TranslationElicitation_eng-sona,3.2.4,Win32,60,1,0,81,3,1,80
,,,,,,,,,,,,,,,,,,,,,,,,,,,,,,,,,,,,,,,,,1.909999847,1.909999847,return,,FALSE,,,,,,,150,lloro,Catalan,Sounds/cat_lloro.mp3,11523,001,2020-05-26_18h58.17.034,TranslationElicitation_eng-sona,3.2.4,Win32,60,1,0,81,43,1,80
,,,,,,,,,,,,,,,,,,,,,,,,,,,,,,,,,,,,,,,,,,,,,,,,,,,,150,lloro,Catalan,Sounds/cat_lloro.mp3,11523,001,2020-05-26_18h58.17.034,TranslationElicitation_eng-sona,3.2.4,Win32,60,1,0,81,43,1,80
,,,,,,,,,,,,,,,,,,,,,,,,,,,,,,,,,,,,,,,,,1.907000065,1.907000065,return,,FALSE,,,,,,,177,sol,Catalan,Sounds/cat_sol.mp3,11523,001,2020-05-26_18h58.17.034,TranslationElicitation_eng-sona,3.2.4,Win32,60,1,0,81,69,1,80
,,,,,,,,,,,,,,,,,,,,,,,,,,,,,,,,,,,,,,,,,,,,,,,,,,,,177,sol,Catalan,Sounds/cat_sol.mp3,11523,001,2020-05-26_18h58.17.034,TranslationElicitation_eng-sona,3.2.4,Win32,60,1,0,81,69,1,80
,,,,,,,,,,,,,,,,,,,,,,,,,,,,,,,,,,,,,,,,,1.780999899,1.780999899,return,,FALSE,,,,,,,183,tren,Catalan,Sounds/cat_tren.mp3,11523,001,2020-05-26_18h58.17.034,TranslationElicitation_eng-sona,3.2.4,Win32,60,1,0,81,74,1,80
,,,,,,,,,,,,,,,,,,,,,,,,,,,,,,,,,,,,,,,,,,,,,,,,,,,,183,tren,Catalan,Sounds/cat_tren.mp3,11523,001,2020-05-26_18h58.17.034,TranslationElicitation_eng-sona,3.2.4,Win32,60,1,0,81,74,1,80
,,,,,,,,,,,,,,,,,,,,,,,,,,,,,,,,,,,,,,,,,1.590000153,1.590000153,return,,FALSE,,,,,,,139,galleda,Catalan,Sounds/cat_galleda.mp3,11523,001,2020-05-26_18h58.17.034,TranslationElicitation_eng-sona,3.2.4,Win32,60,1,0,81,33,1,80
,,,,,,,,,,,,,,,,,,,,,,,,,,,,,,,,,,,,,,,,,,,,,,,,,,,,139,galleda,Catalan,Sounds/cat_galleda.mp3,11523,001,2020-05-26_18h58.17.034,TranslationElicitation_eng-sona,3.2.4,Win32,60,1,0,81,33,1,80
,,,,,,,,,,,,,,,,,,,,,,,,,,,,,,,,,,,,,,,,,1.881999969,1.881999969,return,,FALSE,,,,,,,125,colom,Catalan,Sounds/cat_colom.mp3,11523,001,2020-05-26_18h58.17.034,TranslationElicitation_eng-sona,3.2.4,Win32,60,1,0,81,20,1,80
,,,,,,,,,,,,,,,,,,,,,,,,,,,,,,,,,,,,,,,,,,,,,,,,,,,,125,colom,Catalan,Sounds/cat_colom.mp3,11523,001,2020-05-26_18h58.17.034,TranslationElicitation_eng-sona,3.2.4,Win32,60,1,0,81,20,1,80
,,,,,,,,,,,,,,,,,,,,,,,,,,,,,,,,,,,,,,,,,1.756000042,1.756000042,return,,FALSE,,,,,,,137,fulla,Catalan,Sounds/cat_fulla.mp3,11523,001,2020-05-26_18h58.17.034,TranslationElicitation_eng-sona,3.2.4,Win32,60,1,0,81,31,1,80
,,,,,,,,,,,,,,,,,,,,,,,,,,,,,,,,,,,,,,,,,,,,,,,,,,,,137,fulla,Catalan,Sounds/cat_fulla.mp3,11523,001,2020-05-26_18h58.17.034,TranslationElicitation_eng-sona,3.2.4,Win32,60,1,0,81,31,1,80
,,,,,,,,,,,,,,,,,,,,,,,,,,,,,,,,,,,,,,,,,1.562000036,1.562000036,return,,FALSE,,,,,,,119,caixa,Catalan,Sounds/cat_caixa.mp3,11523,001,2020-05-26_18h58.17.034,TranslationElicitation_eng-sona,3.2.4,Win32,60,1,0,81,14,1,80
,,,,,,,,,,,,,,,,,,,,,,,,,,,,,,,,,,,,,,,,,,,,,,,,,,,,119,caixa,Catalan,Sounds/cat_caixa.mp3,11523,001,2020-05-26_18h58.17.034,TranslationElicitation_eng-sona,3.2.4,Win32,60,1,0,81,14,1,80
,,,,,,,,,,,,,,,,,,,,,,,,,,,,,,,,,,,,,,,,,1.370000124,1.370000124,return,,FALSE,,,,,,,178,taronja,Catalan,Sounds/cat_taronja.mp3,11523,001,2020-05-26_18h58.17.034,TranslationElicitation_eng-sona,3.2.4,Win32,60,1,0,81,70,1,80
,,,,,,,,,,,,,,,,,,,,,,,,,,,,,,,,,,,,,,,,,,,,,,,,,,,,178,taronja,Catalan,Sounds/cat_taronja.mp3,11523,001,2020-05-26_18h58.17.034,TranslationElicitation_eng-sona,3.2.4,Win32,60,1,0,81,70,1,80
,,,,,,,,,,,,,,,,,,,,,,,,,,,,,,,,,,,,,,,,,1.40199995,1.40199995,return,,FALSE,,,,,,,155,moneda,Catalan,Sounds/cat_moneda.mp3,11523,001,2020-05-26_18h58.17.034,TranslationElicitation_eng-sona,3.2.4,Win32,60,1,0,81,48,1,80
,,,,,,,,,,,,,,,,,,,,,,,,,,,,,,,,,,,,,,,,,,,,,,,,,,,,155,moneda,Catalan,Sounds/cat_moneda.mp3,11523,001,2020-05-26_18h58.17.034,TranslationElicitation_eng-sona,3.2.4,Win32,60,1,0,81,48,1,80
,,,,,,,,,,,,,,,,,,,,,,,,,,,,,,,,,,,,,,,,,1.398000002,1.398000002,return,,FALSE,,,,,,,182,tomaquet,Catalan,Sounds/cat_tomaquet.mp3,11523,001,2020-05-26_18h58.17.034,TranslationElicitation_eng-sona,3.2.4,Win32,60,1,0,81,73,1,80
,,,,,,,,,,,,,,,,,,,,,,,,,,,,,,,,,,,,,,,,,,,,,,,,,,,,182,tomaquet,Catalan,Sounds/cat_tomaquet.mp3,11523,001,2020-05-26_18h58.17.034,TranslationElicitation_eng-sona,3.2.4,Win32,60,1,0,81,73,1,80
,,,,,,,,,,,,,,,,,,,,,,,,,,,,,,,,,,,,,,,,,1.719000101,1.719000101,return,,FALSE,,,,,,,105,aigua,Catalan,Sounds/cat_aigua.mp3,11523,001,2020-05-26_18h58.17.034,TranslationElicitation_eng-sona,3.2.4,Win32,60,1,0,81,1,1,80
,,,,,,,,,,,,,,,,,,,,,,,,,,,,,,,,,,,,,,,,,,,,,,,,,,,,105,aigua,Catalan,Sounds/cat_aigua.mp3,11523,001,2020-05-26_18h58.17.034,TranslationElicitation_eng-sona,3.2.4,Win32,60,1,0,81,1,1,80
,,,,,,,,,,,,,,,,,,,,,,,,,,,,,,,,,,,,,,,,,1.721999884,1.721999884,return,,FALSE,,,,,,,160,orella,Catalan,Sounds/cat_orella.mp3,11523,001,2020-05-26_18h58.17.034,TranslationElicitation_eng-sona,3.2.4,Win32,60,1,0,81,52,1,80
,,,,,,,,,,,,,,,,,,,,,,,,,,,,,,,,,,,,,,,,,,,,,,,,,,,,160,orella,Catalan,Sounds/cat_orella.mp3,11523,001,2020-05-26_18h58.17.034,TranslationElicitation_eng-sona,3.2.4,Win32,60,1,0,81,52,1,80
,,,,,,,,,,,,,,,,,,,,,,,,,,,,,,,,,,,,,,,,,2.292000055,2.292000055,return,,FALSE,,,,,,,158,nas,Catalan,Sounds/cat_nas.mp3,11523,001,2020-05-26_18h58.17.034,TranslationElicitation_eng-sona,3.2.4,Win32,60,1,0,81,51,1,80
,,,,,,,,,,,,,,,,,,,,,,,,,,,,,,,,,,,,,,,,,,,,,,,,,,,,158,nas,Catalan,Sounds/cat_nas.mp3,11523,001,2020-05-26_18h58.17.034,TranslationElicitation_eng-sona,3.2.4,Win32,60,1,0,81,51,1,80
,,,,,,,,,,,,,,,,,,,,,,,,,,,,,,,,,,,,,,,,,2.039999962,2.039999962,return,,FALSE,,,,,,,123,cavall,Catalan,Sounds/cat_cavall.mp3,11523,001,2020-05-26_18h58.17.034,TranslationElicitation_eng-sona,3.2.4,Win32,60,1,0,81,18,1,80
,,,,,,,,,,,,,,,,,,,,,,,,,,,,,,,,,,,,,,,,,,,,,,,,,,,,123,cavall,Catalan,Sounds/cat_cavall.mp3,11523,001,2020-05-26_18h58.17.034,TranslationElicitation_eng-sona,3.2.4,Win32,60,1,0,81,18,1,80
,,,,,,,,,,,,,,,,,,,,,,,,,,,,,,,,,,,,,,,,,1.976000071,1.976000071,return,,FALSE,,,,,,,116,bolquer,Catalan,Sounds/cat_bolquer.mp3,11523,001,2020-05-26_18h58.17.034,TranslationElicitation_eng-sona,3.2.4,Win32,60,1,0,81,11,1,80
,,,,,,,,,,,,,,,,,,,,,,,,,,,,,,,,,,,,,,,,,,,,,,,,,,,,116,bolquer,Catalan,Sounds/cat_bolquer.mp3,11523,001,2020-05-26_18h58.17.034,TranslationElicitation_eng-sona,3.2.4,Win32,60,1,0,81,11,1,80
,,,,,,,,,,,,,,,,,,,,,,,,,,,,,,,,,,,,,,,,,2.009000063,2.009000063,return,,FALSE,,,,,,,104,abella,Catalan,Sounds/cat_abella.mp3,11523,001,2020-05-26_18h58.17.034,TranslationElicitation_eng-sona,3.2.4,Win32,60,1,0,81,0,1,80
,,,,,,,,,,,,,,,,,,,,,,,,,,,,,,,,,,,,,,,,,,,,,,,,,,,,104,abella,Catalan,Sounds/cat_abella.mp3,11523,001,2020-05-26_18h58.17.034,TranslationElicitation_eng-sona,3.2.4,Win32,60,1,0,81,0,1,80
,,,,,,,,,,,,,,,,,,,,,,,,,,,,,,,,,,,,,,,,,1.786000013,1.786000013,return,,FALSE,,,,,,,153,mico,Catalan,Sounds/cat_mico.mp3,11523,001,2020-05-26_18h58.17.034,TranslationElicitation_eng-sona,3.2.4,Win32,60,1,0,81,46,1,80
,,,,,,,,,,,,,,,,,,,,,,,,,,,,,,,,,,,,,,,,,,,,,,,,,,,,153,mico,Catalan,Sounds/cat_mico.mp3,11523,001,2020-05-26_18h58.17.034,TranslationElicitation_eng-sona,3.2.4,Win32,60,1,0,81,46,1,80
,,,,,,,,,,,,,,,,,,,,,,,,,,,,,,,,,,,,,,,,,2.03399992,2.03399992,return,,FALSE,,,,,,,108,ampolla,Catalan,Sounds/cat_ampolla.mp3,11523,001,2020-05-26_18h58.17.034,TranslationElicitation_eng-sona,3.2.4,Win32,60,1,0,81,4,1,80
,,,,,,,,,,,,,,,,,,,,,,,,,,,,,,,,,,,,,,,,,,,,,,,,,,,,108,ampolla,Catalan,Sounds/cat_ampolla.mp3,11523,001,2020-05-26_18h58.17.034,TranslationElicitation_eng-sona,3.2.4,Win32,60,1,0,81,4,1,80
,,,,,,,,,,,,,,,,,,,,,,,,,,,,,,,,,,,,,,,,,2.102999926,2.102999926,return,,FALSE,,,,,,,171,pollastre,Catalan,Sounds/cat_pollastre.mp3,11523,001,2020-05-26_18h58.17.034,TranslationElicitation_eng-sona,3.2.4,Win32,60,1,0,81,63,1,80
,,,,,,,,,,,,,,,,,,,,,,,,,,,,,,,,,,,,,,,,,,,,,,,,,,,,171,pollastre,Catalan,Sounds/cat_pollastre.mp3,11523,001,2020-05-26_18h58.17.034,TranslationElicitation_eng-sona,3.2.4,Win32,60,1,0,81,63,1,80
,,,,,,,,,,,,,,,,,,,,,,,,,,,,,,,,,,,,,,,,,2.071000099,2.071000099,return,,FALSE,,,,,,,165,pernil,Catalan,Sounds/cat_pernil.mp3,11523,001,2020-05-26_18h58.17.034,TranslationElicitation_eng-sona,3.2.4,Win32,60,1,0,81,57,1,80
,,,,,,,,,,,,,,,,,,,,,,,,,,,,,,,,,,,,,,,,,,,,,,,,,,,,165,pernil,Catalan,Sounds/cat_pernil.mp3,11523,001,2020-05-26_18h58.17.034,TranslationElicitation_eng-sona,3.2.4,Win32,60,1,0,81,57,1,80
,,,,,,,,,,,,,,,,,,,,,,,,,,,,,,,,,,,,,,,,,1.720999956,1.720999956,return,,FALSE,,,,,,,188,xocolata,Catalan,Sounds/cat_xocolata.mp3,11523,001,2020-05-26_18h58.17.034,TranslationElicitation_eng-sona,3.2.4,Win32,60,1,0,81,79,1,80
,,,,,,,,,,,,,,,,,,,,,,,,,,,,,,,,,,,,,,,,,,,,,,,,,,,,188,xocolata,Catalan,Sounds/cat_xocolata.mp3,11523,001,2020-05-26_18h58.17.034,TranslationElicitation_eng-sona,3.2.4,Win32,60,1,0,81,79,1,80
,,,,,,,,,,,,,,,,,,,,,,,,,,,,,,,,,,,,,,,,,1.656000137,1.656000137,return,,FALSE,,,,,,,118,bou,Catalan,Sounds/cat_bou.mp3,11523,001,2020-05-26_18h58.17.034,TranslationElicitation_eng-sona,3.2.4,Win32,60,1,0,81,13,1,80
,,,,,,,,,,,,,,,,,,,,,,,,,,,,,,,,,,,,,,,,,,,,,,,,,,,,118,bou,Catalan,Sounds/cat_bou.mp3,11523,001,2020-05-26_18h58.17.034,TranslationElicitation_eng-sona,3.2.4,Win32,60,1,0,81,13,1,80
,,,,,,,,,,,,,,,,,,,,,,,,,,,,,,,,,,,,,,,,,1.690999985,1.690999985,return,,FALSE,,,,,,,145,got,Catalan,Sounds/cat_got.mp3,11523,001,2020-05-26_18h58.17.034,TranslationElicitation_eng-sona,3.2.4,Win32,60,1,0,81,39,1,80
,,,,,,,,,,,,,,,,,,,,,,,,,,,,,,,,,,,,,,,,,,,,,,,,,,,,145,got,Catalan,Sounds/cat_got.mp3,11523,001,2020-05-26_18h58.17.034,TranslationElicitation_eng-sona,3.2.4,Win32,60,1,0,81,39,1,80
,,,,,,,,,,,,,,,,,,,,,,,,,,,,,,,,,,,,,,,,,1.496000051,1.496000051,return,,FALSE,,,,,,,176,samarreta,Catalan,Sounds/cat_samarreta.mp3,11523,001,2020-05-26_18h58.17.034,TranslationElicitation_eng-sona,3.2.4,Win32,60,1,0,81,68,1,80
,,,,,,,,,,,,,,,,,,,,,,,,,,,,,,,,,,,,,,,,,,,,,,,,,,,,176,samarreta,Catalan,Sounds/cat_samarreta.mp3,11523,001,2020-05-26_18h58.17.034,TranslationElicitation_eng-sona,3.2.4,Win32,60,1,0,81,68,1,80
,,,,,,,,,,,,,,,,,,,,,,,,,,,,,,,,,,,,,,,,,1.944000006,1.944000006,return,,FALSE,,,,,,,157,mussol,Catalan,Sounds/cat_mussol.mp3,11523,001,2020-05-26_18h58.17.034,TranslationElicitation_eng-sona,3.2.4,Win32,60,1,0,81,50,1,80
,,,,,,,,,,,,,,,,,,,,,,,,,,,,,,,,,,,,,,,,,,,,,,,,,,,,157,mussol,Catalan,Sounds/cat_mussol.mp3,11523,001,2020-05-26_18h58.17.034,TranslationElicitation_eng-sona,3.2.4,Win32,60,1,0,81,50,1,80
,,,,,,,,,,,,,,,,,,,,,,,,,,,,,,,,,,,,,,,,,1.621999979,1.621999979,return,,FALSE,,,,,,,138,galeta,Catalan,Sounds/cat_galeta.mp3,11523,001,2020-05-26_18h58.17.034,TranslationElicitation_eng-sona,3.2.4,Win32,60,1,0,81,32,1,80
,,,,,,,,,,,,,,,,,,,,,,,,,,,,,,,,,,,,,,,,,,,,,,,,,,,,138,galeta,Catalan,Sounds/cat_galeta.mp3,11523,001,2020-05-26_18h58.17.034,TranslationElicitation_eng-sona,3.2.4,Win32,60,1,0,81,32,1,80
,,,,,,,,,,,,,,,,,,,,,,,,,,,,,,,,,,,,,,,,,2.036999941,2.036999941,return,,FALSE,,,,,,,141,gerd,Catalan,Sounds/cat_gerd.mp3,11523,001,2020-05-26_18h58.17.034,TranslationElicitation_eng-sona,3.2.4,Win32,60,1,0,81,35,1,80
,,,,,,,,,,,,,,,,,,,,,,,,,,,,,,,,,,,,,,,,,,,,,,,,,,,,141,gerd,Catalan,Sounds/cat_gerd.mp3,11523,001,2020-05-26_18h58.17.034,TranslationElicitation_eng-sona,3.2.4,Win32,60,1,0,81,35,1,80
,,,,,,,,,,,,,,,,,,,,,,,,,,,,,,,,,,,,,,,,,1.881000042,1.881000042,return,,FALSE,,,,,,,132,estrella,Catalan,Sounds/cat_estrella.mp3,11523,001,2020-05-26_18h58.17.034,TranslationElicitation_eng-sona,3.2.4,Win32,60,1,0,81,26,1,80
,,,,,,,,,,,,,,,,,,,,,,,,,,,,,,,,,,,,,,,,,,,,,,,,,,,,132,estrella,Catalan,Sounds/cat_estrella.mp3,11523,001,2020-05-26_18h58.17.034,TranslationElicitation_eng-sona,3.2.4,Win32,60,1,0,81,26,1,80
,,,,,,,,,,,,,,,,,,,,,,,,,,,,,,,,,,,,,,,,,1.851999998,1.851999998,return,,FALSE,,,,,,,133,estruc,Catalan,Sounds/cat_estruc.mp3,11523,001,2020-05-26_18h58.17.034,TranslationElicitation_eng-sona,3.2.4,Win32,60,1,0,81,27,1,80
,,,,,,,,,,,,,,,,,,,,,,,,,,,,,,,,,,,,,,,,,,,,,,,,,,,,133,estruc,Catalan,Sounds/cat_estruc.mp3,11523,001,2020-05-26_18h58.17.034,TranslationElicitation_eng-sona,3.2.4,Win32,60,1,0,81,27,1,80
,,,,,,,,,,,,,,,,,,,,,,,,,,,,,,,,,,,,,,,,,1.659000158,1.659000158,return,,FALSE,,,,,,,140,gat,Catalan,Sounds/cat_gat.mp3,11523,001,2020-05-26_18h58.17.034,TranslationElicitation_eng-sona,3.2.4,Win32,60,1,0,81,34,1,80
,,,,,,,,,,,,,,,,,,,,,,,,,,,,,,,,,,,,,,,,,,,,,,,,,,,,140,gat,Catalan,Sounds/cat_gat.mp3,11523,001,2020-05-26_18h58.17.034,TranslationElicitation_eng-sona,3.2.4,Win32,60,1,0,81,34,1,80
,,,,,,,,,,,,,,,,,,,,,,,,,,,,,,,,,,,,,,,,,1.782000065,1.782000065,return,,FALSE,,,,,,,117,boto,Catalan,Sounds/cat_boto.mp3,11523,001,2020-05-26_18h58.17.034,TranslationElicitation_eng-sona,3.2.4,Win32,60,1,0,81,12,1,80
,,,,,,,,,,,,,,,,,,,,,,,,,,,,,,,,,,,,,,,,,,,,,,,,,,,,117,boto,Catalan,Sounds/cat_boto.mp3,11523,001,2020-05-26_18h58.17.034,TranslationElicitation_eng-sona,3.2.4,Win32,60,1,0,81,12,1,80
,,,,,,,,,,,,,,,,,,,,,,,,,,,,,,,,,,,,,,,,,1.914000034,1.914000034,return,,FALSE,,,,,,,115,bolet,Catalan,Sounds/cat_bolet.mp3,11523,001,2020-05-26_18h58.17.034,TranslationElicitation_eng-sona,3.2.4,Win32,60,1,0,81,10,1,80
,,,,,,,,,,,,,,,,,,,,,,,,,,,,,,,,,,,,,,,,,,,,,,,,,,,,115,bolet,Catalan,Sounds/cat_bolet.mp3,11523,001,2020-05-26_18h58.17.034,TranslationElicitation_eng-sona,3.2.4,Win32,60,1,0,81,10,1,80
,,,,,,,,,,,,,,,,,,,,,,,,,,,,,,,,,,,,,,,,,1.657999992,1.657999992,return,,FALSE,,,,,,,184,ull,Catalan,Sounds/cat_ull.mp3,11523,001,2020-05-26_18h58.17.034,TranslationElicitation_eng-sona,3.2.4,Win32,60,1,0,81,75,1,80
,,,,,,,,,,,,,,,,,,,,,,,,,,,,,,,,,,,,,,,,,,,,,,,,,,,,184,ull,Catalan,Sounds/cat_ull.mp3,11523,001,2020-05-26_18h58.17.034,TranslationElicitation_eng-sona,3.2.4,Win32,60,1,0,81,75,1,80
,,,,,,,,,,,,,,,,,,,,,,,,,,,,,,,,,,,,,,,,,1.529999971,1.529999971,return,,FALSE,,,,,,,131,esponja,Catalan,Sounds/cat_esponja.mp3,11523,001,2020-05-26_18h58.17.034,TranslationElicitation_eng-sona,3.2.4,Win32,60,1,0,81,25,1,80
,,,,,,,,,,,,,,,,,,,,,,,,,,,,,,,,,,,,,,,,,,,,,,,,,,,,131,esponja,Catalan,Sounds/cat_esponja.mp3,11523,001,2020-05-26_18h58.17.034,TranslationElicitation_eng-sona,3.2.4,Win32,60,1,0,81,25,1,80
,,,,,,,,,,,,,,,,,,,,,,,,,,,,,,,,,,,,,,,,,1.622999907,1.622999907,return,,FALSE,,,,,,,154,mirall,Catalan,Sounds/cat_mirall.mp3,11523,001,2020-05-26_18h58.17.034,TranslationElicitation_eng-sona,3.2.4,Win32,60,1,0,81,47,1,80
,,,,,,,,,,,,,,,,,,,,,,,,,,,,,,,,,,,,,,,,,,,,,,,,,,,,154,mirall,Catalan,Sounds/cat_mirall.mp3,11523,001,2020-05-26_18h58.17.034,TranslationElicitation_eng-sona,3.2.4,Win32,60,1,0,81,47,1,80
,,,,,,,,,,,,,,,,,,,,,,,,,,,,,,,,,,,,,,,,,1.625,1.625,return,,FALSE,,,,,,,185,ulleres,Catalan,Sounds/cat_ulleres.mp3,11523,001,2020-05-26_18h58.17.034,TranslationElicitation_eng-sona,3.2.4,Win32,60,1,0,81,76,1,80
,,,,,,,,,,,,,,,,,,,,,,,,,,,,,,,,,,,,,,,,,,,,,,,,,,,,185,ulleres,Catalan,Sounds/cat_ulleres.mp3,11523,001,2020-05-26_18h58.17.034,TranslationElicitation_eng-sona,3.2.4,Win32,60,1,0,81,76,1,80
,,,,,,,,,,,,,,,,,,,,,,,,,,,,,,,,,,,,,,,,,1.911000013,1.911000013,return,,FALSE,,,,,,,129,dit,Catalan,Sounds/cat_dit.mp3,11523,001,2020-05-26_18h58.17.034,TranslationElicitation_eng-sona,3.2.4,Win32,60,1,0,81,23,1,80
,,,,,,,,,,,,,,,,,,,,,,,,,,,,,,,,,,,,,,,,,,,,,,,,,,,,129,dit,Catalan,Sounds/cat_dit.mp3,11523,001,2020-05-26_18h58.17.034,TranslationElicitation_eng-sona,3.2.4,Win32,60,1,0,81,23,1,80
,,,,,,,,,,,,,,,,,,,,,,,,,,,,,,,,,,,,,,,,,1.90899992,1.90899992,return,,FALSE,,,,,,,186,ungla,Catalan,Sounds/cat_ungla.mp3,11523,001,2020-05-26_18h58.17.034,TranslationElicitation_eng-sona,3.2.4,Win32,60,1,0,81,77,1,80
,,,,,,,,,,,,,,,,,,,,,,,,,,,,,,,,,,,,,,,,,,,,,,,,,,,,186,ungla,Catalan,Sounds/cat_ungla.mp3,11523,001,2020-05-26_18h58.17.034,TranslationElicitation_eng-sona,3.2.4,Win32,60,1,0,81,77,1,80
,,,,,,,,,,,,,,,,,,,,,,,,,,,,,,,,,,,,,,,,,1.56099987,1.56099987,return,,FALSE,,,,,,,127,cotxe,Catalan,Sounds/cat_cotxe.mp3,11523,001,2020-05-26_18h58.17.034,TranslationElicitation_eng-sona,3.2.4,Win32,60,1,0,81,21,1,80
,,,,,,,,,,,,,,,,,,,,,,,,,,,,,,,,,,,,,,,,,,,,,,,,,,,,127,cotxe,Catalan,Sounds/cat_cotxe.mp3,11523,001,2020-05-26_18h58.17.034,TranslationElicitation_eng-sona,3.2.4,Win32,60,1,0,81,21,1,80
,,,,,,,,,,,,,,,,,,,,,,,,,,,,,,,,,,,,,,,,,1.914999962,1.914999962,return,,FALSE,,,,,,,151,lluna,Catalan,Sounds/cat_lluna.mp3,11523,001,2020-05-26_18h58.17.034,TranslationElicitation_eng-sona,3.2.4,Win32,60,1,0,81,44,1,80
,,,,,,,,,,,,,,,,,,,,,,,,,,,,,,,,,,,,,,,,,,,,,,,,,,,,151,lluna,Catalan,Sounds/cat_lluna.mp3,11523,001,2020-05-26_18h58.17.034,TranslationElicitation_eng-sona,3.2.4,Win32,60,1,0,81,44,1,80
,,,,,,,,,,,,,,,,,,,,,,,,,,,,,,,,,,,,,,,,,1.846999884,1.846999884,return,,FALSE,,,,,,,167,pingui,Catalan,Sounds/cat_pingui.mp3,11523,001,2020-05-26_18h58.17.034,TranslationElicitation_eng-sona,3.2.4,Win32,60,1,0,81,59,1,80
,,,,,,,,,,,,,,,,,,,,,,,,,,,,,,,,,,,,,,,,,,,,,,,,,,,,167,pingui,Catalan,Sounds/cat_pingui.mp3,11523,001,2020-05-26_18h58.17.034,TranslationElicitation_eng-sona,3.2.4,Win32,60,1,0,81,59,1,80
,,,,,,,,,,,,,,,,,,,,,,,,,,,,,,,,,,,,,,,,,1.78399992,1.78399992,return,,FALSE,,,,,,,114,bol,Catalan,Sounds/cat_bol.mp3,11523,001,2020-05-26_18h58.17.034,TranslationElicitation_eng-sona,3.2.4,Win32,60,1,0,81,9,1,80
,,,,,,,,,,,,,,,,,,,,,,,,,,,,,,,,,,,,,,,,,,,,,,,,,,,,114,bol,Catalan,Sounds/cat_bol.mp3,11523,001,2020-05-26_18h58.17.034,TranslationElicitation_eng-sona,3.2.4,Win32,60,1,0,81,9,1,80
,,,,,,,,,,,,,,,,,,,,,,,,,,,,,,,,,,,,,,,,,2.007999897,2.007999897,return,,FALSE,,,,,,,148,lleo,Catalan,Sounds/cat_lleo.mp3,11523,001,2020-05-26_18h58.17.034,TranslationElicitation_eng-sona,3.2.4,Win32,60,1,0,81,41,1,80
,,,,,,,,,,,,,,,,,,,,,,,,,,,,,,,,,,,,,,,,,,,,,,,,,,,,148,lleo,Catalan,Sounds/cat_lleo.mp3,11523,001,2020-05-26_18h58.17.034,TranslationElicitation_eng-sona,3.2.4,Win32,60,1,0,81,41,1,80
