participant,trial_id,test_language,word,language_native,input_text,typing_onset,typing_offset
23251,104,Catalan,abella,English,,,
23251,105,Catalan,aigua,English,unicorn,3.932999849,4.965999842
23251,106,Catalan,aixeta,English,cat,7.05099988,7.299999952
23251,107,Catalan,amanida,English,animal,12.63899994,13.19899988
23251,108,Catalan,ampolla,English,,,
23251,109,Catalan,arbre,English,,,
23251,110,Catalan,berenar,English,,,
23251,111,Catalan,bibero,English,library,3.131999969,4.382999897
23251,112,Catalan,bici,English,bees,2.349999905,4.400000095
23251,113,Catalan,boca,English,,,
23251,114,Catalan,bol,English,ball,6,6.650000095
23251,115,Catalan,bolet,English,ball,7.882999897,8.248999834
23251,116,Catalan,bolquer,English,,,
23251,117,Catalan,boto,English,,,
23251,118,Catalan,bou,English,,,
23251,119,Catalan,caixa,English,cash,1.917000055,2.450000048
23251,120,Catalan,cama,English,camera,1.798000097,3.26699996
23251,121,Catalan,camisa,English,camel,1.849999905,2.28399992
23251,122,Catalan,casa,English,car,1.948999882,2.282999992
23251,123,Catalan,cavall,English,,,
23251,124,Catalan,cirera,English,snake,3.016000032,3.549999952
23251,125,Catalan,colom,English,,,
23251,126,Catalan,corona,English,c,5.848999977,18.04999995
23251,127,Catalan,cotxe,English,,,
23251,128,Catalan,cuc,English,cook,4.833000183,5.683000088
23251,129,Catalan,dit,English,,,
23251,130,Catalan,entrepa,English,,,
23251,131,Catalan,esponja,English,sponge,2.633000135,3.317000151
23251,132,Catalan,estrella,English,ostrich,5.53399992,9.5
23251,133,Catalan,estruc,English,s,6.865999937,8.403000116
23251,134,Catalan,flor,English,flower,3.399999857,3.882999897
23251,135,Catalan,formiga,English,,,
23251,136,Catalan,forquilla,English,,,
23251,137,Catalan,fulla,English,escape,30.68599987,32.10099983
23251,138,Catalan,galeta,English,cake,3.899999857,4.199999809
23251,139,Catalan,galleda,English,,,
23251,140,Catalan,gat,English,gate,4.667000055,10.31700015
23251,141,Catalan,gerd,English,j,4.567000151,4.733999968
23251,142,Catalan,girafa,English,giraffe,1.799999952,4.166999817
23251,143,Catalan,globus,English,globe,2.867000103,10.4000001
23251,144,Catalan,gorra,English,,,
23251,145,Catalan,got,English,goat,2.867000103,8.133000135
23251,146,Catalan,guitarra,English,guitar,1.5,3.566999912
23251,147,Catalan,jaqueta,English,jacket,12.20099998,13.30100012
23251,148,Catalan,lleo,English,,,
23251,149,Catalan,llibre,English,,,
23251,150,Catalan,lloro,English,,,
23251,151,Catalan,lluna,English,moon,2.100000143,2.584000111
23251,152,Catalan,ma,English,my,3.615999937,3.86500001
23251,153,Catalan,mico,English,mouse,3.516000032,4.067000151
23251,154,Catalan,mirall,English,,,
23251,155,Catalan,moneda,English,moon,5.367000103,5.849999905
23251,156,Catalan,moto,English,,,
23251,157,Catalan,mussol,English,,,
23251,158,Catalan,nas,English,wet,2.666000128,3.032999992
23251,159,Catalan,onada,English,,,
23251,160,Catalan,orella,English,,,
23251,161,Catalan,ovella,English,,,
23251,162,Catalan,pa,English,,,
23251,163,Catalan,papallona,English,parrot,4.26699996,5.23300004
23251,164,Catalan,patata,English,potatoe,2.400000095,3.683000088
23251,165,Catalan,pernil,English,horse,20.05700016,21.95099998
23251,166,Catalan,peu,English,,,
23251,167,Catalan,pingui,English,penguin,1.700000048,3.333999872
23251,168,Catalan,planta,English,plant,2.266000032,2.69900012
23251,169,Catalan,plat,English,plant,2.149999857,2.708999872
23251,170,Catalan,ploma,English,pretty,19.33399987,20.55099988
23251,171,Catalan,pollastre,English,chicken,5.499000072,6.769999981
23251,172,Catalan,poma,English,,,
23251,173,Catalan,porc,English,pig,5.80099988,6.665999889
23251,174,Catalan,porta,English,door,7.682999849,8.099999905
23251,175,Catalan,raspall,English,,,
23251,176,Catalan,samarreta,English,,,
23251,177,Catalan,sol,English,soul,3.733999968,4.80099988
23251,178,Catalan,taronja,English,spider,5.299000025,6.21600008
23251,180,Catalan,tisores,English,,,
23251,181,Catalan,tobogan,English,toucan,9.756000042,10.41599989
23251,182,Catalan,tomaquet,English,tomato,1.467000008,2.267999887
23251,183,Catalan,tren,English,fence,6.175000191,6.684000015
23251,184,Catalan,ull,English,owl,2.266000032,2.467000008
23251,185,Catalan,ulleres,English,glasses,4.199999809,5.082000017
23251,186,Catalan,ungla,English,,,
23251,187,Catalan,vaixell,English,present,2.884000063,3.933000088
23251,188,Catalan,xocolata,English,chocolate,1.467999935,3.93599987
23251,189,Catalan,zebra,English,zebra,1.800000191,2.633000135
37584,104,Catalan,abella,Spanish,abeja,1.16700005531311,1.70000004768372
37584,105,Catalan,aigua,Spanish,agua,3.23100018501282,4.13400006294251
37584,106,Catalan,aixeta,Spanish,acento,7.33500003814697,8.04999995231628
37584,107,Catalan,amanida,Spanish,amanecer,4.94600009918213,5.95000004768372
37584,108,Catalan,ampolla,Spanish,ampolla,1.51799988746643,2.34299993515015
37584,109,Catalan,arbre,Spanish,arbol,3.45000004768372,8.5
37584,110,Catalan,berenar,Spanish,granada,7.73399996757507,8.61800003051758
37584,111,Catalan,bibero,Spanish,biberon,1.93200016021729,3.31800007820129
37584,112,Catalan,bici,Spanish,bicicleta,1.69900012016296,5
37584,113,Catalan,boca,Spanish,boca,1.76500010490417,2.43500018119812
37584,114,Catalan,bol,Spanish,pelota,2.23400020599365,4.28500008583069
37584,115,Catalan,bolet,Spanish,querer,2.14900016784668,3.9210000038147
37584,116,Catalan,bolquer,Spanish,volcar,1.71700000762939,5.53999996185303
37584,117,Catalan,boto,Spanish,butaca,3.51699995994568,4.98799991607666
37584,118,Catalan,bou,Spanish,pelota,1.7649998664856,2.5460000038147
37584,119,Catalan,caixa,Spanish,casa,1.62400007247925,2.16700005531311
37584,120,Catalan,cama,Spanish,cama,1.45000004768372,1.81599998474121
37584,121,Catalan,camisa,Spanish,camisa,1.31599998474121,2.1159999370575
37584,122,Catalan,casa,Spanish,casa,1.54999995231628,2.01500010490417
37584,123,Catalan,cavall,Spanish,caballo,2.86600017547607,5.21600008010864
37584,124,Catalan,cirera,Spanish,sirena,1.45000004768372,3.65000009536743
37584,125,Catalan,colom,Spanish,culot,4.1159999370575,7.16799998283386
37584,126,Catalan,corona,Spanish,corona,1.28200006484985,2.06699991226196
37584,127,Catalan,cotxe,Spanish,coche,1.18200016021729,3.44800019264221
37584,128,Catalan,cuc,Spanish,cuello,5.69099998474121,6.56599998474121
37584,129,Catalan,dit,Spanish,dia,3.34999990463257,3.56599998474121
37584,130,Catalan,entrepa,Spanish,panaderia,1.81700015068054,5.41000008583069
37584,131,Catalan,esponja,Spanish,esponja,1.56799983978271,2.61800003051758
37584,132,Catalan,estrella,Spanish,estrella,1.3510000705719,2.51699995994568
37584,133,Catalan,estruc,Spanish,avestruz,1.64999985694885,5.03499984741211
37584,134,Catalan,flor,Spanish,flor,1.1489999294281,1.69899988174438
37584,135,Catalan,formiga,Spanish,hormiga,1.98399996757507,3.35199999809265
37584,136,Catalan,forquilla,Spanish,hoquilla,1.66700005531311,10.7349998950958
37584,137,Catalan,fulla,Spanish,rina,4.11700010299683,8.41900014877319
37584,138,Catalan,galeta,Spanish,playa,1.56699991226196,2.0699999332428
37584,139,Catalan,galleda,Spanish,galleta,1.28099989891052,2.60099983215332
37584,140,Catalan,gat,Spanish,gato,1.78299999237061,3.14999985694885
37584,141,Catalan,gerd,Spanish,mujer,4.76599979400635,6.03299999237061
37584,142,Catalan,girafa,Spanish,girafa,1.93300008773804,3.76600003242493
37584,143,Catalan,globus,Spanish,globo,1.6489999294281,4.51699995994568
37584,144,Catalan,gorra,Spanish,gorra,1.48300004005432,2.53299999237061
37584,145,Catalan,got,Spanish,gol,9.36699986457825,9.79999995231628
37584,146,Catalan,guitarra,Spanish,guitarra,1.20000004768372,5.2020001411438
37584,147,Catalan,jaqueta,Spanish,chaqueta,3.91799998283386,6.76799988746643
37584,148,Catalan,lleo,Spanish,sillon,10.5,11.6000001430511
37584,149,Catalan,llibre,Spanish,libro,1.45000004768372,6.70099997520447
37584,150,Catalan,lloro,Spanish,loro,6.31599998474121,6.83300018310547
37584,151,Catalan,lluna,Spanish,luna,5.3989999294281,6.46500015258789
37584,152,Catalan,ma,Spanish,mar,2.01699995994568,2.33299994468689
37584,153,Catalan,mico,Spanish,amigo,16.5799999237061,17.1299998760223
37584,154,Catalan,mirall,Spanish,mirar,2.18299984931946,2.93799996376038
37584,155,Catalan,moneda,Spanish,mono,1.64800000190735,2.3510000705719
37584,156,Catalan,moto,Spanish,moto,1.48399996757507,1.88400006294251
37584,157,Catalan,mussol,Spanish,raton,4.53400015830994,5.30000019073486
37584,158,Catalan,nas,Spanish,nariz,1.81800007820129,2.43300008773804
37584,159,Catalan,onada,Spanish,helado,2.08299994468689,5.25099992752075
37584,160,Catalan,orella,Spanish,oreja,1.43300008773804,2.11600017547607
37584,161,Catalan,ovella,Spanish,oveja,1.28299999237061,2.6159999370575
37584,162,Catalan,pa,Spanish,pan,1.69899988174438,1.94899988174438
37584,163,Catalan,papallona,Spanish,papaya,2,6.93299984931946
37584,164,Catalan,patata,Spanish,patata,1.48399996757507,2.10000014305115
37584,165,Catalan,pernil,Spanish,panaderia,4.09800004959106,5.4689998626709
37584,166,Catalan,peu,Spanish,pez,3.06900000572205,3.382000207901
37584,167,Catalan,pingui,Spanish,pinguino,1.73300004005432,4.76699995994568
37584,168,Catalan,planta,Spanish,planta,2.13299989700317,3.48300004005432
37584,169,Catalan,plat,Spanish,leche,2.33400011062622,3.06599998474121
37584,170,Catalan,ploma,Spanish,plomo,1.84999990463257,2.79999995231628
37584,171,Catalan,pollastre,Spanish,pollo,2.16700005531311,2.79999995231628
37584,172,Catalan,poma,Spanish,hombre,1.46700000762939,4.71599984169006
37584,173,Catalan,porc,Spanish,puerta,1.76699995994568,4.04999995231628
37584,174,Catalan,porta,Spanish,puerta,1.3659999370575,2.33299994468689
37584,175,Catalan,raspall,Spanish,respaldo,1.88400006294251,2.98399996757507
37584,176,Catalan,samarreta,Spanish,agarrar,6.49000000953674,7.65100002288818
37584,177,Catalan,sol,Spanish,sol,1.73300004005432,3.16600012779236
37584,178,Catalan,taronja,Spanish,tren,2.28299999237061,8.08299994468689
37584,180,Catalan,tisores,Spanish,descuento,4.01699995994568,14.7160000801086
37584,181,Catalan,tobogan,Spanish,tobogan,1.25,2.45000004768372
37584,182,Catalan,tomaquet,Spanish,tomate,1.48300004005432,3.28299999237061
37584,183,Catalan,tren,Spanish,tren,1.55099987983704,1.96699976921082
37584,184,Catalan,ull,Spanish,buho,2.6010000705719,3.25
37584,185,Catalan,ulleres,Spanish,,0,0
37584,187,Catalan,vaixell,Spanish,gacela,10.7850000858307,11.6840000152588
37584,188,Catalan,xocolata,Spanish,chocolate,1.23499989509583,2.89999985694885
37584,189,Catalan,zebra,Spanish,cebra,1.75,2.98399996757507
41427,104,Catalan,abella,English,stars,7.36500001,8.375999928
41427,105,Catalan,aigua,English,water,5.857000113,6.49000001
41427,106,Catalan,aixeta,English,bread,2.302000046,3.092999935
41427,107,Catalan,amanida,English,,,
41427,108,Catalan,ampolla,English,grapefruit,7.652999878,14.81200004
41427,109,Catalan,arbre,English,arbor,3.469000101,4.771000147
41427,110,Catalan,berenar,English,,,
41427,111,Catalan,bibero,English,beaver,5.020999908,6.514999866
41427,112,Catalan,bici,English,biscuit,5.382999897,6.50999999
41427,113,Catalan,boca,English,pork,7.674999952,8.73300004
41427,114,Catalan,bol,English,bowl,5.829999924,6.681999922
41427,115,Catalan,bolet,English,bullet,2.954999924,3.907999992
41427,116,Catalan,bolquer,English,bulk,4.792999983,7.65199995
41427,117,Catalan,boto,English,boot,5.241999865,6.681999922
41427,118,Catalan,bou,English,bow,3.690000057,4.050000191
41427,119,Catalan,caixa,English,cash,2.639000177,4.627000093
41427,120,Catalan,cama,English,calm,3.55099988,4.06099987
41427,121,Catalan,camisa,English,blouse,4.197000027,5.164999962
41427,122,Catalan,casa,English,house,1.866000175,2.437000036
41427,123,Catalan,cavall,English,group,3.630000114,4.082000017
41427,124,Catalan,cirera,English,siren,5.57799983,6.479999781
41427,125,Catalan,colom,English,cucumber,3.254000187,6.217000008
41427,126,Catalan,corona,English,corona,2.054999828,3.343999863
41427,127,Catalan,cotxe,English,cot,4.805999994,6.50999999
41427,128,Catalan,cuc,English,cook,2.518999815,3.252999783
41427,129,Catalan,dit,English,dead,2.974999905,3.839999914
41427,130,Catalan,entrepa,English,,,
41427,131,Catalan,esponja,English,sponge,3.39199996,7.867000103
41427,132,Catalan,estrella,English,pasta,5.444999933,7.08100009
41427,133,Catalan,estruc,English,pasta,9.839999914,11.19199991
41427,134,Catalan,flor,English,flower,3.023000002,7.301000118
41427,135,Catalan,formiga,English,make,5.614000082,6.030999899
41427,136,Catalan,forquilla,English,fork,4.875999928,5.411999941
41427,137,Catalan,fulla,English,flowere,10.20099998,11.16100001
41427,138,Catalan,galeta,English,jelly,10.57200003,11.78999996
41427,139,Catalan,galleda,English,,,
41427,140,Catalan,gat,English,god,3.092000008,3.664000034
41427,141,Catalan,gerd,English,jar,3.411999941,3.778999805
41427,142,Catalan,girafa,English,giraffe,1.505000114,3.496999979
41427,143,Catalan,globus,English,globules,5.695999861,7.767999887
41427,144,Catalan,gorra,English,goat,11.02900004,11.50099993
41427,145,Catalan,got,English,god,2.207000017,2.774999857
41427,146,Catalan,guitarra,English,guitar,1.287000179,2.157999992
41427,147,Catalan,jaqueta,English,jacket,1.425000191,2.358999968
41427,148,Catalan,lleo,English,,,
41427,149,Catalan,llibre,English,beaver,3.076999903,4.145999908
41427,150,Catalan,lloro,English,wall,5.947000027,6.463000059
41427,151,Catalan,lluna,English,moon,2.305000067,3.305000067
41427,152,Catalan,ma,English,,,
41427,153,Catalan,mico,English,floor,5.27699995,6.545000076
41427,154,Catalan,mirall,English,,,
41427,155,Catalan,moneda,English,vanilla,2.121000051,3.441000223
41427,156,Catalan,moto,English,death,2.529000044,3.348999977
41427,157,Catalan,mussol,English,muscle,2.961999893,4.225999832
41427,158,Catalan,nas,English,nose,3.725000143,4.485000134
41427,159,Catalan,onada,English,banana,1.661000013,3.524000168
41427,160,Catalan,orella,English,,,
41427,161,Catalan,ovella,English,,,
41427,162,Catalan,pa,English,foot,8.233999968,8.819999933
41427,163,Catalan,papallona,English,grapefruit,2.404000044,5.897000074
41427,164,Catalan,patata,English,potato,1.395999908,3.273999929
41427,165,Catalan,pernil,English,bread,3.541999817,4.476999998
41427,166,Catalan,peu,English,pear,7.208999872,9.309000015
41427,167,Catalan,pingui,English,penguin,2.371999979,3.85800004
41427,168,Catalan,planta,English,plant,3.664999962,4.674999952
41427,169,Catalan,plat,English,plate,4.08100009,5.500999928
41427,170,Catalan,ploma,English,plum,2.051000118,3.575000048
41427,171,Catalan,pollastre,English,,,
41427,172,Catalan,poma,English,apple,2.019999981,3.121999979
41427,173,Catalan,porc,English,pork,2.370000124,4.256000042
41427,174,Catalan,porta,English,carry,1.986999989,2.809000015
41427,175,Catalan,raspall,English,,,
41427,176,Catalan,samarreta,English,biscuit,9.868999958,13.86199999
41427,177,Catalan,sol,English,sun,2.555999994,3.031000137
41427,178,Catalan,taronja,English,strange,2.679000139,8.836000204
41427,180,Catalan,tisores,English,treasure,3.366000175,4.50999999
41427,181,Catalan,tobogan,English,,,
41427,182,Catalan,tomaquet,English,tomato,1.405999899,5.380999804
41427,183,Catalan,tren,English,train,6.999000072,7.680999994
41427,184,Catalan,ull,English,,,
41427,185,Catalan,ulleres,English,,,
41427,186,Catalan,ungla,English,angle,9.416999817,10.00399995
41427,187,Catalan,vaixell,English,bread,3.573000193,4.31400013
41427,188,Catalan,xocolata,English,chocolate,1.518000126,5.128000021
41427,189,Catalan,zebra,English,zebra,1.906000137,6.93200016
49866,2,Spanish,avestruz,English,milkshake,11.47200012,13.11600018
49866,3,Spanish,barco,English,bark,5.451999903,9.073999882
49866,4,Spanish,biberon,English,children,10.90199995,12.08299994
49866,5,Spanish,bici,English,self,33.93400002,34.421
49866,6,Spanish,boca,English,bread,5.25,5.76699996
49866,7,Spanish,bocadillo,English,sandwich,1.917000055,8.629000187
49866,8,Spanish,bol,English,ball,12.73399997,13.66499996
49866,9,Spanish,boli,English,beach,5.700999975,6.457000017
49866,10,Spanish,botella,English,bodega,2.599999905,3.582000017
49866,11,Spanish,boton,English,bat,2.76699996,3.299000025
49866,12,Spanish,brazo,English,ranch,4.684000015,11.41000009
49866,13,Spanish,buho,English,bowl,3.066999912,4.698999882
49866,14,Spanish,burro,English,donkey,2.000999928,2.631999969
49866,15,Spanish,caballo,English,yellow,4.762000084,5.704999924
49866,16,Spanish,caja,English,cow,2.700999975,7.5
49866,17,Spanish,calcetin,English,calculate,4.701999903,7.19900012
49866,18,Spanish,camisa,English,canvas,5.642999887,6.698999882
49866,19,Spanish,camiseta,English,camisole,1.517000198,2.46600008
49866,20,Spanish,caracol,English,supermarket,4.76699996,7.424999952
49866,21,Spanish,cebra,English,drink,4.559000015,6.26699996
49866,22,Spanish,cepillo,English,february,4.036000013,5.720000029
49866,23,Spanish,cerdo,English,thermometer,20.85599995,23.15100002
49866,24,Spanish,cereza,English,beer,1.933000088,2.384000063
49866,25,Spanish,cesta,English,nap,18.43099999,18.73099995
49866,27,Spanish,chocolate,English,chocolate,1.273000002,5.167999983
49866,28,Spanish,cielo,English,bake,8.739000082,9.365999937
49866,29,Spanish,coche,English,coach,3.851000071,4.765000105
49866,30,Spanish,corona,English,corona,1.595999956,2.663000107
49866,31,Spanish,cubo,English,guacamole,3.717999935,6.076999903
49866,32,Spanish,cuchara,English,pork,3.717000008,4.266000032
49866,33,Spanish,dedo,English,shower,3.460000038,4.171000004
49866,34,Spanish,ensalada,English,salad,1.45600009,2.717999935
49866,35,Spanish,esponja,English,espresso,6.39199996,7.667999983
49866,36,Spanish,estrella,English,australia,4.983999968,7.399999857
49866,37,Spanish,flor,English,floor,1.565000057,2.265000105
49866,38,Spanish,frambuesa,English,strawberry,2.949999809,7.500999928
49866,39,Spanish,gafas,English,homes,4.77699995,6.133000135
49866,40,Spanish,galleta,English,cattle,5.449999809,6.30099988
49866,41,Spanish,gallina,English,hyena,13.36600018,14.96700001
49866,42,Spanish,gato,English,house,4.644999981,5.236999989
49866,43,Spanish,globo,English,logo,2.607000113,4.650000095
49866,44,Spanish,gorrion,English,grains,7.463999987,8.154999971
49866,45,Spanish,gorro,English,goat,13.40600014,13.86599994
49866,46,Spanish,grifo,English,grief,4.33100009,4.947999954
49866,47,Spanish,guitarra,English,guitar,1.401000023,4.861000061
49866,48,Spanish,gusano,English,bus station,4.852999926,6.907999992
49866,49,Spanish,hormiga,English,watch,5.500999928,8.089999914
49866,50,Spanish,jirafa,English,,,
49866,51,Spanish,ladrillo,English,lavatory,2.546999931,6.643000126
49866,52,Spanish,lapiz,English,latte,3.059999943,8.926999807
49866,53,Spanish,leche,English,milk,1.557999849,2.141000032
49866,54,Spanish,lengua,English,language,2.919000149,3.967000008
49866,55,Spanish,leon,English,sunday,6.666999817,7.467999935
49866,56,Spanish,libro,English,book,3.292999983,7.845000029
49866,57,Spanish,loro,English,lottery,6.166999817,7.477999926
49866,58,Spanish,luna,English,moon,2.149999857,2.700000048
49866,59,Spanish,mano,English,month,2.616999865,4.568000078
49866,60,Spanish,manzana,English,bandana,4.217000008,6.067000151
49866,61,Spanish,mariposa,English,marriage,5.14199996,7.776000023
49866,62,Spanish,martillo,English,martini,2.577000141,3.851000071
49866,63,Spanish,mesa,English,maths,2.941999912,3.5
49866,64,Spanish,moneda,English,money,3.186000109,3.718000174
49866,65,Spanish,mono,English,month,5.616000175,7.81400013
49866,66,Spanish,moto,English,meat,2.741999865,3.233999968
49866,67,Spanish,muneca,English,beef,18.98500013,19.46700001
49866,68,Spanish,naranja,English,orange,1.690000057,2.328999996
49866,69,Spanish,nariz,English,right,4.328999996,4.795000076
49866,71,Spanish,ombligo,English,omelette,3.24000001,5.011000156
49866,72,Spanish,osito,English,small,3.234999895,3.938999891
49866,73,Spanish,oveja,English,obey,3.838000059,4.309999943
49866,74,Spanish,pajaro,English,baguette,3.916000128,5.727999926
49866,75,Spanish,pan,English,bread,2.042000055,2.799999952
49866,76,Spanish,panal,English,pants,20.76999998,21.38600016
49866,77,Spanish,pantalon,English,trousers,3.131999969,4.427000046
49866,78,Spanish,pastel,English,pastel,1.616999865,2.822000027
49866,79,Spanish,patata,English,potato,1.96600008,2.683000088
49866,80,Spanish,pato,English,patio,3.951999903,4.42599988
49866,81,Spanish,pelota,English,pillow,1.964999914,2.893999815
49866,82,Spanish,perro,English,but,2.051999807,2.30099988
49866,83,Spanish,pez,English,bear,1.96600008,2.350000143
49866,84,Spanish,pie,English,bath,2.368999958,7.631000042
49866,85,Spanish,pierna,English,pear,1.801000118,2.335000038
49866,87,Spanish,platano,English,banana,2.875999928,3.451999903
49866,88,Spanish,plato,English,plate,1.717000008,2.401000023
49866,89,Spanish,pluma,English,loofa,4.932999849,7.638999939
49866,90,Spanish,pollo,English,chicken,2.516000032,3.315999985
49866,91,Spanish,puerta,English,castle,5.526000023,12.55800009
49866,92,Spanish,sandwich,English,sandwich,1.582999945,2.80099988
49866,93,Spanish,sol,English,sun,2.461000204,2.73300004
49866,94,Spanish,tambor,English,tumble,3.039000034,4.536000013
49866,95,Spanish,tenedor,English,inside,6.695000172,8.367000103
49866,97,Spanish,tijeras,English,scissor,35.23399997,37.0309999
49866,98,Spanish,tobogan,English,tobacco,2.903999805,4.023000002
49866,99,Spanish,tomate,English,tomato,1.61500001,2.685000181
49866,100,Spanish,toro,English,bull,4.471999884,5.148999929
49866,101,Spanish,tren,English,train,4.370000124,4.900000095
49866,102,Spanish,ventana,English,tent,2.035000086,5.782000065
49866,103,Spanish,zanahoria,English,sunrise,3.125,4.823999882
52204,104,Catalan,abella,Spanish,abeja,1.31699991226196,1.95099997520447
52204,105,Catalan,aigua,Spanish,agua,3.46700000762939,3.86699986457825
52204,106,Catalan,aixeta,Spanish,maceta,2.23299980163574,3.36699986457825
52204,107,Catalan,amanida,Spanish,la mano,2.06699991226196,8.48399996757507
52204,108,Catalan,ampolla,Spanish,ampolla,1.16599988937378,2.55099987983704
52204,109,Catalan,arbre,Spanish,arbra,5.73300004005432,6.66899991035461
52204,110,Catalan,berenar,Spanish,brazos,2.6509997844696,7.10199999809265
52204,111,Catalan,bibero,Spanish,viva,2.55100011825562,2.80100011825562
52204,112,Catalan,bici,Spanish,bici,1.65000009536743,4.15100002288818
52204,113,Catalan,boca,Spanish,boca,1.29900002479553,3.56700015068054
52204,114,Catalan,bol,Spanish,bol,2.95000004768372,23.8370001316071
52204,115,Catalan,bolet,Spanish,ramo,2.98399996757507,3.46799993515015
52204,116,Catalan,bolquer,Spanish,volcan,2.13400006294251,4.83400011062622
52204,117,Catalan,boto,Spanish,boton,1.78299999237061,2.96700000762939
52204,118,Catalan,bou,Spanish,vosotros,2.85000014305115,3.56800007820129
52204,119,Catalan,caixa,Spanish,casa,1.31700015068054,1.73399996757507
52204,120,Catalan,cama,Spanish,cama,1.40100002288818,46.0989999771118
52204,121,Catalan,camisa,Spanish,camisa,1.06699991226196,2.54999995231628
52204,122,Catalan,casa,Spanish,casa,1.21599984169006,2.46599984169006
52204,123,Catalan,cavall,Spanish,caballo,1.94999980926514,3.94999980926514
52204,124,Catalan,cirera,Spanish,sirena,1.83399987220764,2.43599987030029
52204,125,Catalan,colom,Spanish,culo,4.08400011062622,4.7170000076294
52204,126,Catalan,corona,Spanish,corona,1.28399991989136,3.23299980163574
52204,127,Catalan,cotxe,Spanish,coche,1.11700010299683,3.81800007820129
52204,128,Catalan,cuc,Spanish,cocinar,5.88499999046326,10.1850001811981
52204,129,Catalan,dit,Spanish,decir,2.31700015068054,9.16799998283386
52204,130,Catalan,entrepa,Spanish,atrapar,2.18399977684021,3.08399987220764
52204,131,Catalan,esponja,Spanish,esponja,1.53299999237061,4.90100002288818
52204,132,Catalan,estrella,Spanish,estrella,1.26699995994568,2.36700010299683
52204,133,Catalan,estruc,Spanish,avestruz,1.63300013542175,2.81700015068054
52204,134,Catalan,flor,Spanish,flor,0,2.33399987220764
52204,135,Catalan,formiga,Spanish,hormiga,1.25200009346008,2.73399996757507
52204,136,Catalan,forquilla,Spanish,tenedor,2.01699995994568,2.75
52204,137,Catalan,fulla,Spanish,hoja,1.5,1.96600008010864
52204,138,Catalan,galeta,Spanish,galleta,1.44999980926514,3.09699988365173
52204,139,Catalan,galleda,Spanish,galleta,1.24900007247925,2.19900012016296
52204,140,Catalan,gat,Spanish,gato,1.56800007820129,2.1010000705719
52204,141,Catalan,gerd,Spanish,mujer,2.50099992752075,3.82999992370605
52204,142,Catalan,girafa,Spanish,girafa,1.15000009536743,2.76800012588501
52204,143,Catalan,globus,Spanish,globos,1.65000009536743,3.73400020599365
52204,144,Catalan,gorra,Spanish,gorra,0,3.45000004768372
52204,145,Catalan,got,Spanish,dios,4.05200004577637,5.00099992752075
52204,146,Catalan,guitarra,Spanish,guitarra,1.132000207901,2.83300018310547
52204,147,Catalan,jaqueta,Spanish,chaqueta,1.56699991226196,3.45099997520447
52204,148,Catalan,lleo,Spanish,la o,3.43400001525879,5.76699995994568
52204,149,Catalan,llibre,Spanish,libro,1.54900002479553,4.5
52204,150,Catalan,lloro,Spanish,loro,1.54999995231628,2.04999995231628
52204,151,Catalan,lluna,Spanish,luna,1.64999985694885,2.88399982452393
52204,152,Catalan,ma,Spanish,mar,1.48399996757507,1.73399996757507
52204,153,Catalan,mico,Spanish,amigo,1.46700000762939,3.56699991226196
52204,154,Catalan,mirall,Spanish,mirar,2.76600003242493,3.29999995231628
52204,155,Catalan,moneda,Spanish,moneda,1.06599998474121,1.70000004768372
52204,156,Catalan,moto,Spanish,moto,1.58300018310547,4.25
52204,157,Catalan,mussol,Spanish,museo,6.63399982452393,8.10199999809265
52204,158,Catalan,nas,Spanish,nosotros,2.30099987983704,3.16799998283386
52204,159,Catalan,onada,Spanish,un hada,2.46599984169006,3.79999995231628
52204,160,Catalan,orella,Spanish,oreja,1.18300008773804,2.50099992752075
52204,161,Catalan,ovella,Spanish,ovejas,1.54999995231628,2.66700005531311
52204,162,Catalan,pa,Spanish,papa,2.13300013542175,3.11700010299683
52204,163,Catalan,papallona,Spanish,papayona,5.65100002288818,10.2690000534058
52204,164,Catalan,patata,Spanish,patata,1.09999990463257,1.64999985694885
52204,165,Catalan,pernil,Spanish,perejil,1.8529999256134,3.06099987030029
52204,166,Catalan,peu,Spanish,perro,1.50099992752075,2.56799983978272
52204,167,Catalan,pingui,Spanish,pinguino,1.6159999370575,12.1189999580383
52204,168,Catalan,planta,Spanish,planta,2.36700010299683,3.15000009536743
52204,169,Catalan,plat,Spanish,plato,1.79999995231628,2.38399982452393
52204,170,Catalan,ploma,Spanish,paloma,3.25,4.63400006294251
52204,171,Catalan,pollastre,Spanish,pollo,5.66799998283386,10.3020000457764
52204,172,Catalan,poma,Spanish,pomada,3.50100016593933,5.9520001411438
52204,173,Catalan,porc,Spanish,cerdo,2.15100002288818,2.68400001525879
52204,174,Catalan,porta,Spanish,puerta,1.36700010299683,2.25100016593933
52204,175,Catalan,raspall,Spanish,rascar,3.3659999370575,8.16700005531311
52204,176,Catalan,samarreta,Spanish,sabado,3.58400011062622,6.58500003814697
52204,177,Catalan,sol,Spanish,sol,1.50099992752075,1.76699995994568
52204,178,Catalan,taronja,Spanish,trenza,5.30099987983704,12.335000038147
52204,180,Catalan,tisores,Spanish,tijeras,4.23399996757507,5.05099987983704
52204,181,Catalan,tobogan,Spanish,tobogan,1.13400006294251,3.6010000705719
52204,182,Catalan,tomaquet,Spanish,tomate,2.71700000762939,4.16799998283386
52204,183,Catalan,tren,Spanish,tren,1.58299994468689,1.98399996757507
52204,184,Catalan,ull,Spanish,uvas,5.80000019073486,6.06700015068054
52204,185,Catalan,ulleres,Spanish,orejas,1.71700000762939,2.8510000705719
52204,187,Catalan,vaixell,Spanish,bajar,2.06699991226196,6.2739999294281
52204,188,Catalan,xocolata,Spanish,chocolate,1.25,3.53400015830994
52204,189,Catalan,zebra,Spanish,zebra,1.43400001525879,2.33400011062622
61251,104,Catalan,abella,Spanish,oveja,1.71700000762939,9.36800003051758
61251,105,Catalan,aigua,Spanish,agua,6.48399996757507,6.98600006103516
61251,106,Catalan,aixeta,Spanish,chaqueta,10.231999874115,11.4489998817444
61251,107,Catalan,amanida,Spanish,amarilla,7.61800003051758,9.98499989509583
61251,108,Catalan,ampolla,Spanish,ampolla,1.99900007247925,3.11600017547607
61251,109,Catalan,arbre,Spanish,arbol,4.31700015068054,5.60000014305115
61251,110,Catalan,berenar,Spanish,granada,1.76699995994568,2.76699995994568
61251,111,Catalan,bibero,Spanish,vivo,11.5,11.8660001754761
61251,112,Catalan,bici,Spanish,bici,3.13300013542175,3.65000009536743
61251,113,Catalan,boca,Spanish,boca,2.26600003242493,2.68300008773804
61251,114,Catalan,bol,Spanish,bol,2.13400006294251,2.46600008010864
61251,115,Catalan,bolet,Spanish,filete,22.1860001087189,22.8180000782013
61251,116,Catalan,bolquer,Spanish,vocar,2.51699995994568,21.8680000305176
61251,117,Catalan,boto,Spanish,futon,11.7330000400543,12.414999961853
61251,118,Catalan,bou,Spanish,bueno,4.75,5.25
61251,119,Catalan,caixa,Spanish,casa,2.44900012016296,2.79900002479553
61251,120,Catalan,cama,Spanish,cama,1.33299994468689,2.90000009536743
61251,121,Catalan,camisa,Spanish,camisa,1.11700010299683,1.83400011062622
61251,122,Catalan,casa,Spanish,casa,1.20000004768372,1.65100002288818
61251,123,Catalan,cavall,Spanish,caudal,1.3989999294281,11.550999879837
61251,124,Catalan,cirera,Spanish,sirena,1.26799988746643,2.16699981689453
61251,125,Catalan,colom,Spanish,colon,8.89999985694885,9.66599988937378
61251,126,Catalan,corona,Spanish,corona,6.21600008010864,8.33300018310547
61251,127,Catalan,cotxe,Spanish,concha,11.3840000629425,12.066999912262
61251,128,Catalan,cuc,Spanish,cocinar,13.4170000553131,14.6510000228882
61251,129,Catalan,dit,Spanish,hacer,5.2170000076294,5.70099997520447
61251,130,Catalan,entrepa,Spanish,trampa,25.5840001106262,27.1000001430512
61251,131,Catalan,esponja,Spanish,esponja,1.83500003814697,2.95000004768372
61251,132,Catalan,estrella,Spanish,estrella,1.21600008010864,2.54900002479553
61251,133,Catalan,estruc,Spanish,avestruz,10.1999998092651,11.6829998493195
61251,134,Catalan,flor,Spanish,flor,1.83299994468689,2.31800007820129
61251,135,Catalan,formiga,Spanish,hormiga,1.63300013542175,2.53200006484985
61251,136,Catalan,forquilla,Spanish,furgoneta,20.319000005722,21.7509999275208
61251,137,Catalan,fulla,Spanish,furia,5.51799988746643,6.26699995994568
61251,138,Catalan,galeta,Spanish,galleta,7.25,8.30099987983704
61251,139,Catalan,galleda,Spanish,galleta,9.88100004196167,10.7670001983643
61251,140,Catalan,gat,Spanish,gato,5.3510000705719,5.8510000705719
61251,141,Catalan,gerd,Spanish,ayer,2.40000009536743,2.90000009536743
61251,142,Catalan,girafa,Spanish,jirafa,1.49899983406067,2.34899997711182
61251,143,Catalan,globus,Spanish,globos,8.18299984931946,8.83899998664856
61251,144,Catalan,gorra,Spanish,gorra,1.83299994468689,2.45000004768372
61251,145,Catalan,got,Spanish,dios,9.15000009536743,9.48300004005432
61251,146,Catalan,guitarra,Spanish,guitarra,1.21599984169006,6.3989999294281
61251,147,Catalan,jaqueta,Spanish,chaqueta,2.98300004005432,5.38199996948242
61251,148,Catalan,lleo,Spanish,yogur,14.3500001430511,15.1500000953674
61251,149,Catalan,llibre,Spanish,libro,8.03299999237061,9.20300006866455
61251,150,Catalan,lloro,Spanish,llanto,2.21799993515015,5.9670000076294
61251,151,Catalan,lluna,Spanish,luna,1.63400006294251,2.15000009536743
61251,152,Catalan,ma,Spanish,mal,10.9509999752045,11.2009999752045
61251,153,Catalan,mico,Spanish,pequeno,10.800999879837,16.2519998550415
61251,154,Catalan,mirall,Spanish,mirada,1.75,7.76699995994568
61251,155,Catalan,moneda,Spanish,moneda,1.61700010299683,2.36700010299683
61251,156,Catalan,moto,Spanish,moto,7.63300013542175,7.96600008010864
61251,157,Catalan,mussol,Spanish,muso,22.6180000305176,22.9839999675751
61251,158,Catalan,nas,Spanish,nariz,5.43400001525879,5.98900008201599
61251,159,Catalan,onada,Spanish,tonada,4.83299994468689,5.43400001525879
61251,160,Catalan,orella,Spanish,oreja,1.75,2.51699995994568
61251,161,Catalan,ovella,Spanish,oveja,9.90200018882751,10.5010001659393
61251,162,Catalan,pa,Spanish,pan,7.04999995231628,10.4869999885559
61251,163,Catalan,papallona,Spanish,mariposa,9.71799993515015,11.316999912262
61251,164,Catalan,patata,Spanish,patata,1.13300013542175,1.90000009536743
61251,165,Catalan,pernil,Spanish,jamon,16.3000001907349,17.3830001354218
61251,166,Catalan,peu,Spanish,pie,6.61699986457825,6.9670000076294
61251,167,Catalan,pingui,Spanish,pinguino,2.3989999294281,4.54999995231628
61251,168,Catalan,planta,Spanish,planta,1.31799983978271,5.61699986457825
61251,169,Catalan,plat,Spanish,plato,2.28499984741211,2.82800006866455
61251,170,Catalan,ploma,Spanish,pluma,1.36800003051758,1.98300004005432
61251,171,Catalan,pollastre,Spanish,pullastra,10.7510001659393,12.0510001182556
61251,172,Catalan,poma,Spanish,manzana,6,6.91700005531311
61251,173,Catalan,porc,Spanish,cerdo,8.13199996948242,8.74900007247925
61251,174,Catalan,porta,Spanish,puerta,1.48300004005432,2.63299989700317
61251,175,Catalan,raspall,Spanish,raspador,9.09899997711182,10.1000001430511
61251,176,Catalan,samarreta,Spanish,zamarreta,11.3659999370575,12.6659998893738
61251,177,Catalan,sol,Spanish,sol,1.58300018310547,1.93300008773804
61251,178,Catalan,taronja,Spanish,tranca,19.1680002212524,19.75
61251,180,Catalan,tisores,Spanish,tijera,13.2999999523163,14.1159999370575
61251,181,Catalan,tobogan,Spanish,tobogan,2.34999990463257,3.83400011062622
61251,182,Catalan,tomaquet,Spanish,tomate,4.41600012779236,5.36600017547607
61251,183,Catalan,tren,Spanish,tren,1.70099997520447,2.1010000705719
61251,184,Catalan,ull,Spanish,uy,6.29899978637695,6.39999985694885
61251,185,Catalan,ulleres,Spanish,tijeras,14.2860000133514,15.1180000305176
61251,187,Catalan,vaixell,Spanish,base,8.76599979400635,9.1489999294281
61251,188,Catalan,xocolata,Spanish,chocolate,1.41799998283386,7.7170000076294
61251,189,Catalan,zebra,Spanish,cebra,2.1010000705719,12.75
68170,104,Catalan,abella,Spanish,abeja,2.85199999809265,3.54700016975403
68170,105,Catalan,aigua,Spanish,agua,1.46499991416931,2.09699988365173
68170,106,Catalan,aixeta,Spanish,galleta,2.83499979972839,3.99699997901917
68170,107,Catalan,amanida,Spanish,avenida,2.28299999237061,3.20000004768372
68170,108,Catalan,ampolla,Spanish,ampolla,1.98199987411499,12.5329999923706
68170,109,Catalan,arbre,Spanish,abra,7.99899983406067,14.1480000019073
68170,110,Catalan,berenar,Spanish,bramar,6.76600003242493,9.76699995994568
68170,111,Catalan,bibero,Spanish,biberon,1.5310001373291,5.81500005722046
68170,112,Catalan,bici,Spanish,bici,1.71600008010864,2.04900002479553
68170,113,Catalan,boca,Spanish,boca,1.60099983215332,2.10099983215332
68170,114,Catalan,bol,Spanish,bol,3.17900013923645,3.47699999809265
68170,115,Catalan,bolet,Spanish,volar,5.89800000190735,6.91500020027161
68170,116,Catalan,bolquer,Spanish,volcan,1.70000004768372,2.44900012016296
68170,117,Catalan,boto,Spanish,boton,4.16700005531311,4.83100008964539
68170,118,Catalan,bou,Spanish,bosque,3.70000004768372,4.49500012397766
68170,119,Catalan,caixa,Spanish,casa,1.33399987220764,3.49900007247925
68170,120,Catalan,cama,Spanish,cama,1.38300013542175,2.83299994468689
68170,121,Catalan,camisa,Spanish,camisa,1.37199997901917,2.07200002670288
68170,122,Catalan,casa,Spanish,casa,1.21600008010864,1.61600017547607
68170,123,Catalan,cavall,Spanish,caballo,1.33499979972839,4.91499996185303
68170,124,Catalan,cirera,Spanish,sirena,1.9210000038147,2.53600001335144
68170,125,Catalan,colom,Spanish,color,4.99900007247925,5.632000207901
68170,126,Catalan,corona,Spanish,corona,1.26699995994568,2.31800007820129
68170,127,Catalan,cotxe,Spanish,cuchara,4.00099992752075,5.01399993896484
68170,128,Catalan,cuc,Spanish,cocinar,2.8989999294281,7.0149998664856
68170,129,Catalan,dit,Spanish,di,3.11700010299683,3.19799995422363
68170,130,Catalan,entrepa,Spanish,atrapado,1.79900002479553,3.76800012588501
68170,131,Catalan,esponja,Spanish,espera,3.03800010681152,3.81200003623962
68170,132,Catalan,estrella,Spanish,estrella,1.43099999427795,2.41600012779236
68170,133,Catalan,estruc,Spanish,astros,3.93099999427795,4.85599994659424
68170,134,Catalan,flor,Spanish,flor,1.94900012016296,2.33299994468689
68170,135,Catalan,formiga,Spanish,hormiga,1.78299999237061,3.9980001449585
68170,136,Catalan,forquilla,Spanish,hormiga,1.65000009536743,5.21500015258789
68170,137,Catalan,fulla,Spanish,furia,2.34899997711182,3.00399994850159
68170,138,Catalan,galeta,Spanish,coleta,2.34899997711182,3.67799997329712
68170,139,Catalan,galleda,Spanish,galleta,2.10000014305115,7.33400011062622
68170,140,Catalan,gat,Spanish,gato,1.73099994659424,2.34699988365173
68170,141,Catalan,gerd,Spanish,ser,5.39100003242493,5.75900006294251
68170,142,Catalan,girafa,Spanish,jirafa,1.61700010299683,2.63300013542175
68170,143,Catalan,globus,Spanish,globo,1.96599984169006,2.46599984169006
68170,144,Catalan,gorra,Spanish,gorra,2,2.66699981689453
68170,145,Catalan,got,Spanish,llama,2.8659999370575,11.9200000762939
68170,146,Catalan,guitarra,Spanish,guitarra,1.16499996185303,2.1159999370575
68170,147,Catalan,jaqueta,Spanish,chaqueta,2.79900002479553,4.09899997711182
68170,148,Catalan,lleo,Spanish,leon,2.03299999237061,2.48300004005432
68170,149,Catalan,llibre,Spanish,liebre,3.16599988937378,4.25099992752075
68170,150,Catalan,lloro,Spanish,loro,1.46600008010864,3.60699987411499
68170,151,Catalan,lluna,Spanish,luna,1.68299984931946,3.23299980163574
68170,152,Catalan,ma,Spanish,mar,2.34899997711182,2.61499977111816
68170,153,Catalan,mico,Spanish,amigo,6.15300011634827,8.64900016784668
68170,154,Catalan,mirall,Spanish,mira,1.90199995040894,2.61199998855591
68170,155,Catalan,moneda,Spanish,hada,2.73399996757507,3.34999990463257
68170,156,Catalan,moto,Spanish,mucho,4.08500003814697,5.94900012016296
68170,157,Catalan,mussol,Spanish,sol,5.36700010299683,5.78399991989136
68170,158,Catalan,nas,Spanish,nada,4.31700015068054,4.7170000076294
68170,159,Catalan,onada,Spanish,hada,3.03400015830994,4.38100004196167
68170,160,Catalan,orella,Spanish,oreja,1.53399991989136,2.19899988174438
68170,161,Catalan,ovella,Spanish,oveja,1.52400016784668,5.61700010299683
68170,162,Catalan,pa,Spanish,paz,3.1489999294281,3.43400001525879
68170,163,Catalan,papallona,Spanish,mariposa,4.74900007247925,5.93199992179871
68170,164,Catalan,patata,Spanish,patata,1.24899983406067,2.08299994468689
68170,165,Catalan,pernil,Spanish,tornillo,4.36800003051758,5.70099997520447
68170,166,Catalan,peu,Spanish,perro,1.64000010490417,2.12800002098084
68170,167,Catalan,pingui,Spanish,pinguino,1.54900002479553,3.00099992752075
68170,168,Catalan,planta,Spanish,planta,1.33299994468689,4.26600003242493
68170,169,Catalan,plat,Spanish,plato,1.84999990463257,2.44400000572205
68170,170,Catalan,ploma,Spanish,pluma,1.95000004768372,2.6710000038147
68170,171,Catalan,pollastre,Spanish,pollo,3.06699991226196,5.48900008201599
68170,172,Catalan,poma,Spanish,manzana,2.18200016021729,8.01400017738342
68170,173,Catalan,porc,Spanish,cerdo,2.39800000190735,4.24699997901917
68170,174,Catalan,porta,Spanish,puerta,1.46599984169006,2.71599984169006
68170,175,Catalan,raspall,Spanish,espalda,2.74500012397766,4.03200006484985
68170,176,Catalan,samarreta,Spanish,sierra,14.9689998626709,17.4470000267029
68170,177,Catalan,sol,Spanish,sol,1.78299999237061,2.06599998474121
68170,178,Catalan,taronja,Spanish,trompa,1.93199992179871,2.69700002670288
68170,180,Catalan,tisores,Spanish,tirate,7.19799995422363,9.90000009536743
68170,181,Catalan,tobogan,Spanish,tobogan,1.26700019836426,2.33700013160706
68170,182,Catalan,tomaquet,Spanish,tomate,2.26600003242493,5.87200021743774
68170,183,Catalan,tren,Spanish,tren,1.56599998474121,1.88300013542175
68170,184,Catalan,ull,Spanish,gol,5.46499991416931,5.81399989128113
68170,185,Catalan,ulleres,Spanish,ojeras,2.71700000762939,3.5
68170,187,Catalan,vaixell,Spanish,vaso,3.53299999237061,3.99900007247925
68170,188,Catalan,xocolata,Spanish,chocolate,1.56700015068054,2.84100008010864
68170,189,Catalan,zebra,Spanish,zebra,1.6159999370575,2.43199992179871
70981,2,Spanish,avestruz,English,,,
70981,3,Spanish,barco,English,boat,2.523000002,3.200000048
70981,4,Spanish,biberon,English,babys bottle,4.004000187,9.980000019
70981,5,Spanish,bici,English,pea,2.50999999,3.302999973
70981,6,Spanish,boca,English,mouth,2.411999941,3.013999939
70981,7,Spanish,bocadillo,English,dance,5.441999912,5.907999992
70981,8,Spanish,bol,English,ball,2.332999945,2.883000135
70981,9,Spanish,boli,English,ball,4.555999994,5.188999891
70981,10,Spanish,botella,English,bottle,1.844000101,2.65199995
70981,11,Spanish,boton,English,button,2.144000053,3.089999914
70981,12,Spanish,brazo,English,,,
70981,13,Spanish,buho,English,,,
70981,14,Spanish,burro,English,tree,11.50699997,12.14700007
70981,15,Spanish,caballo,English,horse,3.08100009,3.756000042
70981,16,Spanish,caja,English,,,
70981,17,Spanish,calcetin,English,,,
70981,18,Spanish,camisa,English,,,
70981,19,Spanish,camiseta,English,shirt,4.559000015,6.55700016
70981,20,Spanish,caracol,English,,,
70981,21,Spanish,cebra,English,,,
70981,22,Spanish,cepillo,English,,,
70981,23,Spanish,cerdo,English,,,
70981,24,Spanish,cereza,English,,,
70981,25,Spanish,cesta,English,sister,4.426000118,5.164000034
70981,27,Spanish,chocolate,English,chocolate,1.494999886,2.476999998
70981,28,Spanish,cielo,English,sky,2.335000038,2.582999945
70981,29,Spanish,coche,English,coach,3.90199995,7.636999846
70981,30,Spanish,corona,English,crown,1.70600009,2.372999907
70981,31,Spanish,cubo,English,cup,4.049999952,4.231000185
70981,32,Spanish,cuchara,English,,,
70981,33,Spanish,dedo,English,day,3.451999903,3.755000114
70981,34,Spanish,ensalada,English,salad,2.911000013,3.598999977
70981,35,Spanish,esponja,English,,,
70981,36,Spanish,estrella,English,summer,5.649999857,6.467000008
70981,37,Spanish,flor,English,flower,1.855999947,2.51699996
70981,38,Spanish,frambuesa,English,raspberry,3.216999769,5.441999912
70981,39,Spanish,gafas,English,,,
70981,40,Spanish,galleta,English,,,
70981,41,Spanish,gallina,English,stone,9.820999861,10.28399992
70981,42,Spanish,gato,English,cat,2.034000158,2.397000074
70981,43,Spanish,globo,English,glove,1.640000105,2.203000069
70981,44,Spanish,gorrion,English,,,
70981,45,Spanish,gorro,English,,,
70981,46,Spanish,grifo,English,claw,4.134000063,4.638000011
70981,47,Spanish,guitarra,English,guitar,1.575999975,2.485000134
70981,48,Spanish,gusano,English,,,
70981,49,Spanish,hormiga,English,friend,9.443000078,10.10600019
70981,50,Spanish,jirafa,English,giraffe,4.134000063,5.243999958
70981,51,Spanish,ladrillo,English,,,
70981,52,Spanish,lapiz,English,rabbit,8.101999998,8.976000071
70981,53,Spanish,leche,English,milk,4.684000015,5.338000059
70981,54,Spanish,lengua,English,language,2.070999861,3.777999878
70981,55,Spanish,leon,English,lion,1.937000036,2.349999905
70981,56,Spanish,libro,English,book,2.34800005,2.930999994
70981,57,Spanish,loro,English,,,
70981,58,Spanish,luna,English,moon,1.682999849,2.282000065
70981,59,Spanish,mano,English,hand,2.796999931,3.193000078
70981,60,Spanish,manzana,English,,,
70981,61,Spanish,mariposa,English,,,
70981,62,Spanish,martillo,English,,,
70981,63,Spanish,mesa,English,mass,5.148000002,6.004999876
70981,64,Spanish,moneda,English,money,2.96600008,3.578000069
70981,65,Spanish,mono,English,,,
70981,66,Spanish,moto,English,car,2.398000002,2.64199996
70981,67,Spanish,muneca,English,,,
70981,68,Spanish,naranja,English,storm,13.09599996,13.70799994
70981,69,Spanish,nariz,English,,,
70981,71,Spanish,ombligo,English,omlet,6.986999989,7.769999981
70981,72,Spanish,osito,English,pocket,1.910000086,3.639000177
70981,73,Spanish,oveja,English,,,
70981,74,Spanish,pajaro,English,,,
70981,75,Spanish,pan,English,bread,3.359999895,3.993000031
70981,76,Spanish,panal,English,bread,8.986000061,9.424000025
70981,77,Spanish,pantalon,English,trousers,1.857000113,3.161000013
70981,78,Spanish,pastel,English,crayon,3.897000074,4.569000006
70981,79,Spanish,patata,English,potato,1.818000078,3.036999941
70981,80,Spanish,pato,English,pasta,3.131000042,4.109000206
70981,81,Spanish,pelota,English,pilot,14.55800009,15.38000011
70981,82,Spanish,perro,English,pear,9.2099998,9.496999979
70981,83,Spanish,pez,English,fish,2.786000013,3.099999905
70981,84,Spanish,pie,English,,,
70981,85,Spanish,pierna,English,beer,3.737999916,4.400000095
70981,87,Spanish,platano,English,platform,6.305999994,13.42999983
70981,88,Spanish,plato,English,plate,2.165999889,3.072999954
70981,89,Spanish,pluma,English,flower,2.021000147,2.642000198
70981,90,Spanish,pollo,English,pear,2.950000048,3.256999969
70981,91,Spanish,puerta,English,port,2.651000023,3.200999975
70981,92,Spanish,sandwich,English,sandwich,2.595999956,6.753999949
70981,93,Spanish,sol,English,sun,1.965999842,2.299999952
70981,94,Spanish,tambor,English,drum,2.239000082,2.644000053
70981,95,Spanish,tenedor,English,,,
70981,97,Spanish,tijeras,English,,,
70981,98,Spanish,tobogan,English,,,
70981,99,Spanish,tomate,English,tomato,2.269000053,3.139999866
70981,100,Spanish,toro,English,gold,2.34100008,2.77699995
70981,101,Spanish,tren,English,train,2.328000069,2.812000036
70981,102,Spanish,ventana,English,wind,12.57400012,12.93300009
70981,103,Spanish,zanahoria,English,miss,14.40899992,15.36000013
83385,104,Catalan,abella,English,availia,2.053999901,4.207999945
83385,105,Catalan,aigua,English,eyegua,1.720000029,3.907000065
83385,106,Catalan,aixeta,English,panchetta,2.286999941,7.563999891
83385,107,Catalan,amanida,English,amaneda,1.402999878,6.328999996
83385,108,Catalan,ampolla,English,umpolia,1.352999926,3.105999947
83385,109,Catalan,arbre,English,arvbia,1.302999973,3.590999842
83385,110,Catalan,berenar,English,brana,1.203000069,3.072999954
83385,111,Catalan,bibero,English,bivadro,1.234999895,6.479000092
83385,112,Catalan,bici,English,bc,1.753000021,1.903999805
83385,113,Catalan,boca,English,boka,1.569999933,3.221999884
83385,114,Catalan,bol,English,ball,1.803999901,2.287999868
83385,115,Catalan,bolet,English,boullette,1.654000044,5.644000053
83385,116,Catalan,bolquer,English,bulkey,1.636999846,7.047999859
83385,117,Catalan,boto,English,bouttle,1.736999989,3.773999929
83385,118,Catalan,bou,English,bawl,1.953999996,3.657999992
83385,119,Catalan,caixa,English,casha,1.453000069,2.487999916
83385,120,Catalan,cama,English,karma,1.63499999,2.538000107
83385,121,Catalan,camisa,English,camiza,1.838000059,3.175000191
83385,122,Catalan,casa,English,cazza,1.45299983,2.755999804
83385,123,Catalan,cavall,English,carval,1.402999878,3.289999962
83385,124,Catalan,cirera,English,critra,2.004999876,3.862999916
83385,125,Catalan,colom,English,columbe,2.85800004,8.601999998
83385,126,Catalan,corona,English,corona,1.520999908,4.843999863
83385,127,Catalan,cotxe,English,cooutcha,1.402999878,3.006999969
83385,128,Catalan,cuc,English,coooook,1.552999973,2.871999979
83385,129,Catalan,dit,English,deeed,1.887000084,2.947999954
83385,130,Catalan,entrepa,English,untrapa,2.371999979,3.740999937
83385,131,Catalan,esponja,English,asponzza,1.536999941,3.875
83385,132,Catalan,estrella,English,australia,1.786999941,7.164999962
83385,133,Catalan,estruc,English,austrous,1.871000051,4.309000015
83385,134,Catalan,flor,English,flo,1.470000029,1.820000172
83385,135,Catalan,formiga,English,fomilla,1.319000006,5.493999958
83385,136,Catalan,forquilla,English,fogeeya,1.336000204,4.393000126
83385,137,Catalan,fulla,English,fulla,1.802999973,2.972999811
83385,138,Catalan,galeta,English,colleta,1.235999823,2.956999779
83385,139,Catalan,galleda,English,galleta,1.187000036,2.856000185
83385,140,Catalan,gat,English,gawd,2.303999901,7.253000021
83385,141,Catalan,gerd,English,zerra,5.879000187,6.847000122
83385,142,Catalan,girafa,English,girraffe,1.852999926,3.973999977
83385,143,Catalan,globus,English,globu,1.602999926,2.538000107
83385,144,Catalan,gorra,English,gorrra,1.554000139,2.454999924
83385,145,Catalan,got,English,gold,2.322000027,2.805999994
83385,146,Catalan,guitarra,English,gituarra,1.16899991,3.957000017
83385,147,Catalan,jaqueta,English,zaketa,1.485999823,3.039999962
83385,148,Catalan,lleo,English,louauh,2.037999868,4.776000023
83385,149,Catalan,llibre,English,libre,2.105000019,3.674000025
83385,150,Catalan,lloro,English,yarro,1.619999886,3.173000097
83385,151,Catalan,lluna,English,luna,2.606999874,3.306999922
83385,152,Catalan,ma,English,ma,1.802999973,2.019999981
83385,153,Catalan,mico,English,mico,1.453000069,4.844000101
83385,154,Catalan,mirall,English,miralle,1.369000196,3.124000072
83385,155,Catalan,moneda,English,mundea,1.403000116,2.805999994
83385,156,Catalan,moto,English,mauto,1.853999853,3.807999849
83385,157,Catalan,mussol,English,muscle,1.720999956,4.693000078
83385,158,Catalan,nas,English,narrrd,2.121000051,5.061000109
83385,159,Catalan,onada,English,onada,1.217999935,3.358999968
83385,160,Catalan,orella,English,purrea,1.869999886,5.00999999
83385,161,Catalan,ovella,English,weighla,2.187999964,5.644000053
83385,162,Catalan,pa,English,pa,1.101999998,1.201999903
83385,163,Catalan,papallona,English,papayonia,1.236000061,6.279000044
83385,164,Catalan,patata,English,potata,1.085999966,2.805999994
83385,165,Catalan,pernil,English,parmille,2.019999981,3.756999969
83385,166,Catalan,peu,English,beaoh,2.037000179,4.008000135
83385,167,Catalan,pingui,English,pinquiee,1.904999971,5.318000078
83385,168,Catalan,planta,English,planta,1.736999989,3.089999914
83385,169,Catalan,plat,English,blood,2.053999901,2.704999924
83385,170,Catalan,ploma,English,gloma,1.420000076,2.203999996
83385,171,Catalan,pollastre,English,pulastra,1.637000084,4.526000023
83385,172,Catalan,poma,English,porma,1.519999981,2.523000002
83385,173,Catalan,porc,English,parrrk,2.022000074,2.99000001
83385,174,Catalan,porta,English,porta,1.937000036,2.888999939
83385,175,Catalan,raspall,English,respun,2.602999926,5.075000048
83385,176,Catalan,samarreta,English,samerata,1.720000029,4.927000046
83385,177,Catalan,sol,English,shawl,1.953999996,2.773000002
83385,178,Catalan,taronja,English,trana,1.135999918,3.273999929
83385,180,Catalan,tisores,English,togora,2.421999931,8.400000095
83385,181,Catalan,tobogan,English,doubleann,2.553999901,5.260999918
83385,182,Catalan,tomaquet,English,tomatta,1.135999918,2.855999947
83385,183,Catalan,tren,English,trend,1.680000067,3.116000175
83385,184,Catalan,ull,English,ooooooul,1.628999949,3.991999865
83385,185,Catalan,ulleres,English,orellia,1.252000093,3.756999969
83385,186,Catalan,ungla,English,oongla,1.503000021,3.857000113
83385,187,Catalan,vaixell,English,bachelle,2.789000034,5.79399991
83385,188,Catalan,xocolata,English,chocolata,1.252999783,4.902999878
83385,189,Catalan,zebra,English,zebra,1.636999846,2.539999962
83989,104,Catalan,abella,Spanish,abeja,2.01799988746643,2.95199990272522
83989,105,Catalan,aigua,Spanish,agua,2.06699991226196,2.40999984741211
83989,106,Catalan,aixeta,Spanish,valleta,2.83399987220764,4.24799990653992
83989,107,Catalan,amanida,Spanish,amanecer,2.4689998626709,7.51900005340576
83989,108,Catalan,ampolla,Spanish,ampolla,1.81900000572205,4.25
83989,109,Catalan,arbre,Spanish,arbara,4.91700005531311,11.1530001163483
83989,110,Catalan,berenar,Spanish,rana,3.61800003051758,6.95199990272522
83989,111,Catalan,bibero,Spanish,viva,2.50099992752075,6.2350001335144
83989,112,Catalan,bici,Spanish,bici,1.94999980926514,3.34699988365173
83989,113,Catalan,boca,Spanish,boca,2.83400011062622,3.31700015068054
83989,114,Catalan,bol,Spanish,bol,2.02500009536743,2.30100011825562
83989,115,Catalan,bolet,Spanish,quereis,10.2039999961853,11.2369999885559
83989,116,Catalan,bolquer,Spanish,volcan,3.65199995040894,4.21799993515015
83989,117,Catalan,boto,Spanish,boton,2.30199980735779,2.98399996757507
83989,118,Catalan,bou,Spanish,voy,2.6010000705719,3.00099992752075
83989,119,Catalan,caixa,Spanish,caja,2.38300013542175,3.59000015258789
83989,120,Catalan,cama,Spanish,cama,1.59999990463257,1.84999990463257
83989,121,Catalan,camisa,Spanish,camisa,1.21600008010864,1.98300004005432
83989,122,Catalan,casa,Spanish,casa,1.50299978256226,1.92699980735779
83989,123,Catalan,cavall,Spanish,caballo,1.70099997520447,2.61800003051758
83989,124,Catalan,cirera,Spanish,sirena,1.75099992752075,2.28399991989136
83989,125,Catalan,colom,Spanish,color,3.29399991035461,5.14399981498718
83989,126,Catalan,corona,Spanish,corona,1.8510000705719,3.20100021362305
83989,127,Catalan,cotxe,Spanish,coche,1.56700015068054,2.03299999237061
83989,128,Catalan,cuc,Spanish,cuc,69.335000038147,72.1800000667572
83989,129,Catalan,dit,Spanish,di,2.16899991035461,2.29200005531311
83989,130,Catalan,entrepa,Spanish,atrapada,44.0360000133514,45.3450000286102
83989,131,Catalan,esponja,Spanish,esponja,1.63400006294251,2.50099992752075
83989,132,Catalan,estrella,Spanish,estrella,1.40199995040894,2.37999987602234
83989,133,Catalan,estruc,Spanish,jesus,3.73399996757507,4.3730001449585
83989,134,Catalan,flor,Spanish,flor,1.58399987220764,2
83989,135,Catalan,formiga,Spanish,hormiga,1.63300013542175,2.43300008773804
83989,136,Catalan,forquilla,Spanish,burquilla,19.9539999961853,21.2860000133514
83989,137,Catalan,fulla,Spanish,fulla,2.60800004005432,3.21799993515015
83989,138,Catalan,galeta,Spanish,cala,5.06900000572205,5.64800000190735
83989,139,Catalan,galleda,Spanish,galleta,1.58299994468689,2.23300004005432
83989,140,Catalan,gat,Spanish,gato,1.91700005531311,2.33400011062622
83989,141,Catalan,gerd,Spanish,ger,5.8199999332428,6.26799988746643
83989,142,Catalan,girafa,Spanish,jirafa,1.86699986457825,2.30099987983704
83989,143,Catalan,globus,Spanish,globo,1.68400001525879,3.38400006294251
83989,144,Catalan,gorra,Spanish,gorra,1.9689998626709,2.53699994087219
83989,145,Catalan,got,Spanish,got,4.95099997520447,5.32599997520447
83989,146,Catalan,guitarra,Spanish,guitarra,1.45000004768372,2.28900003433228
83989,147,Catalan,jaqueta,Spanish,chaqueta,2.41700005531311,3.73399996757507
83989,148,Catalan,lleo,Spanish,llaou,3.51699995994568,5.52699995040894
83989,149,Catalan,llibre,Spanish,libra,5.67700004577637,8.39400005340576
83989,150,Catalan,lloro,Spanish,dios,3.50099992752075,4.20099997520447
83989,151,Catalan,lluna,Spanish,luna,1.68400001525879,2.61700010299683
83989,152,Catalan,ma,Spanish,mia,2.14999985694885,2.64999985694885
83989,153,Catalan,mico,Spanish,mico,2.93500018119812,7.78600001335144
83989,154,Catalan,mirall,Spanish,mirad,2.21600008010864,2.75
83989,155,Catalan,moneda,Spanish,moneda,2.41700005531311,3.2480001449585
83989,156,Catalan,moto,Spanish,motu,1.70000004768372,2.10000014305115
83989,157,Catalan,mussol,Spanish,rusol,2.91199994087219,3.40999984741211
83989,158,Catalan,nas,Spanish,nada,3.63399982452393,3.90100002288818
83989,159,Catalan,onada,Spanish,unada,4.81699991226196,5.65100002288818
83989,160,Catalan,orella,Spanish,oreja,1.23399996757507,2.992999792099
83989,161,Catalan,ovella,Spanish,oveja,1.61700010299683,2.28400015830994
83989,162,Catalan,pa,Spanish,pan,2.33299994468689,3.07299995422363
83989,163,Catalan,papallona,Spanish,,0,0
83989,164,Catalan,patata,Spanish,patata,1.10000014305115,2.05700016021729
83989,165,Catalan,pernil,Spanish,parnil,2.11699986457825,3.51899981498718
83989,166,Catalan,peu,Spanish,perro,1.68400001525879,2.21799993515015
83989,167,Catalan,pingui,Spanish,wiii,27.460000038147,38.2420001029968
83989,168,Catalan,planta,Spanish,planta,1.8529999256134,2.73699998855591
83989,169,Catalan,plat,Spanish,plato,2.56700015068054,2.89200019836426
83989,170,Catalan,ploma,Spanish,plomo,2.78400015830994,3.45000004768372
83989,171,Catalan,pollastre,Spanish,vuestra,7.40199995040894,12.4029998779297
83989,172,Catalan,poma,Spanish,pomo,2.48399996757507,2.79999995231628
83989,173,Catalan,porc,Spanish,puerco,2.56599998474121,3.22399997711182
83989,174,Catalan,porta,Spanish,puerta,1.64999985694885,2.33499979972839
83989,175,Catalan,raspall,Spanish,raspar,3.45099997520447,4.3510000705719
83989,176,Catalan,samarreta,Spanish,error,172.572999954224,174.230000019074
83989,177,Catalan,sol,Spanish,sol,1.95000004768372,2.23300004005432
83989,178,Catalan,taronja,Spanish,playa,1.81699991226196,2.26799988746643
83989,180,Catalan,tisores,Spanish,tesoros,2.00100016593933,2.68500018119812
83989,181,Catalan,tobogan,Spanish,tobogan,1.6509997844696,2.51799988746643
83989,182,Catalan,tomaquet,Spanish,tomate,1.79999995231628,2.32799983024597
83989,183,Catalan,tren,Spanish,tren,2.08399987220764,2.43400001525879
83989,184,Catalan,ull,Spanish,ul,3.8439998626709,3.89499998092651
83989,185,Catalan,ulleres,Spanish,bli,14.8699998855591,16.952999830246
83989,187,Catalan,vaixell,Spanish,vajilla,2.8659999370575,6.75100016593933
83989,188,Catalan,xocolata,Spanish,chocolate,1.70000004768372,3.84899997711182
83989,189,Catalan,zebra,Spanish,cebra,2,2.39400005340576
98682,104,Catalan,abella,Spanish,avellana,1.82000017166138,3.10600018501282
98682,105,Catalan,aigua,Spanish,agua,1.55299997329712,2.23799991607666
98682,106,Catalan,aixeta,Spanish,espera,2.33899998664856,3.81100010871887
98682,107,Catalan,amanida,Spanish,mano,3.79500007629395,4.32999992370605
98682,108,Catalan,ampolla,Spanish,ampolla,1.50399994850159,2.87399983406067
98682,109,Catalan,arbre,Spanish,arbol,1.60200023651123,3.375
98682,110,Catalan,berenar,Spanish,nadar,3.71000003814697,4.69400000572205
98682,111,Catalan,bibero,Spanish,biberon,1.4210000038147,2.68999981880188
98682,112,Catalan,bici,Spanish,bicicleta,1.61899995803833,6.34800004959106
98682,113,Catalan,boca,Spanish,boca,1.45499992370605,3.30900001525879
98682,114,Catalan,bol,Spanish,bol,1.97000002861023,2.45499992370605
98682,115,Catalan,bolet,Spanish,volar,2.85599994659424,3.97599983215332
98682,116,Catalan,bolquer,Spanish,cubo,2.85800004005432,3.37400007247925
98682,117,Catalan,boto,Spanish,sillon,2.87299990653992,4.09299993515015
98682,118,Catalan,bou,Spanish,bola,3.34200000762939,3.91000008583069
98682,119,Catalan,caixa,Spanish,casa,2.07200002670288,2.87400007247925
98682,120,Catalan,cama,Spanish,cama,1.47000002861023,2.65700006484985
98682,121,Catalan,camisa,Spanish,camisa,1.20500016212463,2.34100008010864
98682,122,Catalan,casa,Spanish,casa,1.85599994659424,2.58999991416931
98682,123,Catalan,cavall,Spanish,caballo,1.4210000038147,3.35899996757507
98682,124,Catalan,cirera,Spanish,sirena,1.80399990081787,2.73899984359741
98682,125,Catalan,colom,Spanish,col,10.8460001945496,24.5980000495911
98682,126,Catalan,corona,Spanish,corona,1.3529999256134,2.30599999427795
98682,127,Catalan,cotxe,Spanish,coche,1.5550000667572,2.48900008201599
98682,128,Catalan,cuc,Spanish,cocina,2.33899998664856,3.19099998474121
98682,129,Catalan,dit,Spanish,decir,2.43799996376038,4.87800002098084
98682,130,Catalan,entrepa,Spanish,atrapar,1.97200012207031,3.64200019836426
98682,131,Catalan,esponja,Spanish,esponja,1.22000002861023,2.75600004196167
98682,132,Catalan,estrella,Spanish,estrella,1.35500001907349,2.7739999294281
98682,133,Catalan,estruc,Spanish,obstruso,2.74100017547607,4.14499998092651
98682,134,Catalan,flor,Spanish,flor,1.33699989318848,1.83899998664856
98682,135,Catalan,formiga,Spanish,hormiga,1.73699998855591,3.1729998588562
98682,136,Catalan,forquilla,Spanish,horquilla,1.85500001907349,3.70999979972839
98682,137,Catalan,fulla,Spanish,furia,1.97300004959106,2.74000000953674
98682,138,Catalan,galeta,Spanish,calesa,1.58800005912781,4.12900018692017
98682,139,Catalan,galleda,Spanish,galleta,2.83899998664856,4.64400005340576
98682,140,Catalan,gat,Spanish,gato,2.17200016975403,2.94100022315979
98682,141,Catalan,gerd,Spanish,ayer,4.76300001144409,12.7849998474121
98682,142,Catalan,girafa,Spanish,jirafa,1.80399990081787,3.15799999237061
98682,143,Catalan,globus,Spanish,globo,1.68800020217896,4.95400023460388
98682,144,Catalan,gorra,Spanish,gorra,1.48699998855591,3.40900015830994
98682,145,Catalan,got,Spanish,dios,3.55900001525879,4.21099996566772
98682,146,Catalan,guitarra,Spanish,guitarra,1.10400009155273,3.17499995231628
98682,147,Catalan,jaqueta,Spanish,chaqueta,1.67000007629395,3.10700011253357
98682,148,Catalan,lleo,Spanish,alli,13.2049999237061,13.8369998931885
98682,149,Catalan,llibre,Spanish,libro,1.47000002861023,6.30000019073486
98682,150,Catalan,lloro,Spanish,lagrima,3.12600016593933,4.81300020217896
98682,151,Catalan,lluna,Spanish,luna,1.97199988365173,2.82399988174439
98682,152,Catalan,ma,Spanish,mar,1.80399990081787,2.23899984359741
98682,153,Catalan,mico,Spanish,raton,3.44200015068054,7.85400009155273
98682,154,Catalan,mirall,Spanish,cristal,4.94700002670288,6.36699986457825
98682,155,Catalan,moneda,Spanish,moneda,1.15299987792969,2.12400007247925
98682,156,Catalan,moto,Spanish,moto,1.43899989128113,2.2739999294281
98682,157,Catalan,mussol,Spanish,musica,2.50699996948242,3.49200010299683
98682,158,Catalan,nas,Spanish,nada,4.17700004577637,4.81200003623962
98682,159,Catalan,onada,Spanish,hada,1.3050000667572,1.99000000953674
98682,160,Catalan,orella,Spanish,oreja,1.2039999961853,2.25600004196167
98682,161,Catalan,ovella,Spanish,oveja,1.35300016403198,3.02800011634827
98682,162,Catalan,pa,Spanish,pan,1.78800010681152,2.13899993896484
98682,163,Catalan,papallona,Spanish,patata,5.38199996948242,9.97499990463257
98682,164,Catalan,patata,Spanish,patata,1.18500018119812,3.22300004959106
98682,165,Catalan,pernil,Spanish,pernil,3.42500019073486,4.24000000953674
98682,166,Catalan,peu,Spanish,feo,3.5530002117157,3.95900011062622
98682,167,Catalan,pingui,Spanish,pinguino,1.51999998092651,4.81099987030029
98682,168,Catalan,planta,Spanish,planta,1.45300006866455,3.32500004768372
98682,169,Catalan,plat,Spanish,plata,1.48700022697449,3.21000003814697
98682,170,Catalan,ploma,Spanish,goma,4.99600005149841,5.46500015258789
98682,171,Catalan,pollastre,Spanish,pollo,1.40400004386902,2.17199993133545
98682,172,Catalan,poma,Spanish,puma,3.05700016021729,3.8270001411438
98682,173,Catalan,porc,Spanish,cerdo,1.95499992370605,4.86299991607666
98682,174,Catalan,porta,Spanish,puerta,1.3529999256134,2.67499995231628
98682,175,Catalan,raspall,Spanish,silla,2.62199997901917,6.80099987983704
98682,176,Catalan,samarreta,Spanish,pandereta,4.86299991607666,7.70499992370606
98682,177,Catalan,sol,Spanish,sol,1.50399994850159,1.90499997138977
98682,178,Catalan,taronja,Spanish,zanja,9.7960000038147,13.2860000133514
98682,180,Catalan,tisores,Spanish,tiradora,3.70900011062622,6.19900012016296
98682,181,Catalan,tobogan,Spanish,tobogan,1.27099990844727,2.34599995613098
98682,182,Catalan,tomaquet,Spanish,tomate,1.45300006866455,2.5550000667572
98682,183,Catalan,tren,Spanish,tren,1.92199993133545,2.50699996948242
98682,184,Catalan,ull,Spanish,ojo,2.95799994468689,3.35800004005432
98682,185,Catalan,ulleres,Spanish,orejas,2.2409999370575,3.79500007629395
98682,187,Catalan,vaixell,Spanish,belen,5.16299986839294,5.98099994659424
98682,188,Catalan,xocolata,Spanish,chocolate,1.80599999427795,6.25
98682,189,Catalan,zebra,Spanish,cebra,1.53699994087219,2.37299990653992
